
> ruoyi@3.6.4 build
> cross-env NODE_OPTIONS=--max-old-space-size=3072 vite build

vite v5.0.4 building for production...
transforming...
DEPRECATION WARNING: Using / for division outside of calc() is deprecated and will be removed in Dart Sass 2.0.0.

Recommendation: math.div($col-width - 10px, 2) or calc(($col-width - 10px) / 2)

More info and automated migrator: https://sass-lang.com/d/slash-div

    ╷
122 │   padding-left: ($col-width - 10px) / 2;
    │                 ^^^^^^^^^^^^^^^^^^^^^^^
    ╵
    src/views/workbench/vessel-tracking/components/ShipTrack/SimpleTrack.vue 122:17  root stylesheet

[1m[33m[@vue/compiler-sfc][0m[33m :deep usage as a combinator has been deprecated. Use :deep(<inner-selector>) instead of :deep <inner-selector>.[0m

[plugin:vite:esbuild] [plugin vite:esbuild] src/views/system/role/index.vue?vue&type=script&setup=true&name=Role&lang.ts: The following expression is not returned because of an automatically-inserted semicolon
272|      query: { id: row.roleId }
273|    })
274|    return
   |          ^
275|    reset()
276|    const roleId = row.roleId || ids.value

[plugin:vite:esbuild] [plugin vite:esbuild] src/views/system/user/index.vue?vue&type=script&setup=true&name=User&lang.ts: The following expression is not returned because of an automatically-inserted semicolon
326|  function handleAdd() {
327|    router.push({ path: '/system/user/add' })
328|    return
   |          ^
329|    reset()
330|    getUser().then(response => {

[plugin:vite:esbuild] [plugin vite:esbuild] src/views/system/user/index.vue?vue&type=script&setup=true&name=User&lang.ts: The following expression is not returned because of an automatically-inserted semicolon
345|      query: { id: row.userId }
346|    })
347|    return
   |          ^
348|    reset()
349|    const userId = row.userId || ids.value

[plugin:vite:esbuild] [plugin vite:esbuild] src/views/system/dept/index.vue?vue&type=script&setup=true&name=Dept&lang.ts: The following expression is not returned because of an automatically-inserted semicolon
123|  function handleAdd(row) {
124|    router.push({ path: '/system/dept/add', query: { parentId: row.deptId } })
125|    return
   |          ^
126|    reset()
127|    listDept().then(response => {

[plugin:vite:esbuild] [plugin vite:esbuild] src/views/system/dept/index.vue?vue&type=script&setup=true&name=Dept&lang.ts: The following expression is not returned because of an automatically-inserted semicolon
151|      query: { id: row.deptId }
152|    })
153|    return
   |          ^
154|    reset()
155|    listDeptExcludeChild(row.deptId).then(response => {

[plugin:vite:esbuild] [plugin vite:esbuild] src/views/goods-library/category/index.vue?vue&type=script&setup=true&name=Category&lang.ts: The following expression is not returned because of an automatically-inserted semicolon
144|      query: { parentId: row.id }
145|    })
146|    return
   |          ^
147|    reset()
148|    selectedData.value = []

[plugin:vite:esbuild] [plugin vite:esbuild] src/views/goods-library/category/index.vue?vue&type=script&setup=true&name=Category&lang.ts: The following expression is not returned because of an automatically-inserted semicolon
172|      query: { id: row.id }
173|    })
174|    return
   |          ^
175|    reset()
176|  

✓ 4686 modules transformed.
Circular chunk: vendor-element -> vendor-utils -> vendor-element. Please adjust the manual chunk logic for these chunks.
Circular chunk: vendor-element -> vendor -> vendor-element. Please adjust the manual chunk logic for these chunks.
node_modules/lottie-web/build/player/lottie.js (17010:32): Use of eval in "node_modules/lottie-web/build/player/lottie.js" is strongly discouraged as it poses security risks and may cause issues with minification.
rendering chunks...
dist/index.html                                                                                     2.90 kB
dist/assets/node-status-04-arrive-DIUTbzSh.svg                                                      4.20 kB
dist/assets/node-status-04-0_jlISF4.svg                                                             4.21 kB
dist/assets/ccyf-1-gXi7gBw2.svg                                                                     4.58 kB
dist/assets/sxgl-1-BxXZ6mT_.svg                                                                     4.73 kB
dist/assets/node-status-05-ClBpergX.svg                                                             5.04 kB
dist/assets/node-status-05-arrive-Cbf-LAQm.svg                                                      5.04 kB
dist/assets/ai-send-Brxzq_Z-.png                                                                    5.31 kB
dist/assets/huowu-FPPeLCw-.png                                                                      6.89 kB
dist/assets/daiban-Cdf0IoIb.png                                                                     6.94 kB
dist/assets/huowu_checked-Dun4JFpN.png                                                              7.22 kB
dist/assets/daiban_checked--GFLrXoo.png                                                             7.27 kB
dist/assets/yujing-C9lxRbf2.png                                                                     7.29 kB
dist/assets/zijin-MF8VAKrA.png                                                                      7.30 kB
dist/assets/zijin_checked-DSsTtCWG.png                                                              7.63 kB
dist/assets/yujing_checked-C64swqIh.png                                                             7.63 kB
dist/assets/upload-icon-ai01-LSiXKG8h.png                                                           7.70 kB
dist/assets/footer-D9T2uIt8.png                                                                     9.47 kB
dist/assets/home-logo-DyADt_Kd.png                                                                 10.34 kB
dist/assets/shrink_screen-D5N4SkXH.png                                                             11.46 kB
dist/assets/full_screen-DM45HkSA.png                                                               11.49 kB
dist/assets/right_open-M8zWF4Sd.png                                                                12.55 kB
dist/assets/search_icon-BY_YEt4j.png                                                               12.81 kB
dist/assets/ai-title-BFwxJsVc.png                                                                  13.90 kB
dist/assets/login-logo-i9mZfEIM.png                                                                15.13 kB
dist/assets/workbench-icon07-rhmsDEDK.png                                                          18.92 kB
dist/assets/total-icon-1-1EVbkxxD.png                                                              23.65 kB
dist/assets/total-icon-3-CC_poT1y.png                                                              25.02 kB
dist/assets/total-icon-2-0twGJkNq.png                                                              25.14 kB
dist/assets/ai-logo-_iLaZkrd.svg                                                                   26.59 kB
dist/assets/Rectangle-DT0I-AWE.png                                                                 26.86 kB
dist/assets/ai-icon03-SuwmYYlp.png                                                                 27.02 kB
dist/assets/ljzl-CxwV0Ja0.png                                                                      28.64 kB
dist/assets/pjdj-OMQfUA1F.png                                                                      28.73 kB
dist/assets/ljje-pLycd_Q5.png                                                                      30.49 kB
dist/assets/no_data-BodihGeq.png                                                                   38.13 kB
dist/assets/ai-icon02-HsjwsWD8.png                                                                 39.63 kB
dist/assets/zk-logo-BttDFYYy.png                                                                   63.84 kB
dist/assets/weapp_qrcode-DyxlQdkR.jpg                                                              78.17 kB
dist/assets/profile-DruvkrZU.jpg                                                                   81.13 kB
dist/assets/401-HGF6Q5qM.gif                                                                      164.23 kB
dist/assets/header-do_vdGYj.png                                                                   283.86 kB
dist/assets/noData-BkfUfgkE.png                                                                   436.72 kB
dist/assets/login-background-Dyj5WnPe.png                                                       4,546.24 kB
dist/assets/gif-ai-B3kz4Zym.webm                                                                7,184.33 kB
dist/assets/ai-icon03-Dom6HMWn.gif                                                              8,531.19 kB
dist/assets/index-B33pvwdp.css                                                                      0.04 kB
dist/assets/index-CF7i8XdF.css                                                                      0.04 kB
dist/assets/data-DVXS5Cv_.css                                                                       0.05 kB
dist/assets/detail-D_YJ50WC.css                                                                     0.05 kB
dist/assets/BillingSubjectForm-BhQr4L6i.css                                                         0.05 kB
dist/assets/handleDetail-D2FmHqs_.css                                                               0.05 kB
dist/assets/handleDetail-CE7vZhVS.css                                                               0.05 kB
dist/assets/editAttachmentDialog-DKlngSRI.css                                                       0.05 kB
dist/assets/handleDetail-D8qqutdS.css                                                               0.05 kB
dist/assets/handleDetail-BDjMoEQ1.css                                                               0.05 kB
dist/assets/handleDetail-Ch0RQo3Y.css                                                               0.05 kB
dist/assets/handleDetail-DVOIa6CM.css                                                               0.05 kB
dist/assets/handleDetail-B-Ou6Eag.css                                                               0.05 kB
dist/assets/pier-add-BhC3cMb4.css                                                                   0.05 kB
dist/assets/pier-detail-RSpcpCwo.css                                                                0.05 kB
dist/assets/yard-detail-0GML_kmt.css                                                                0.05 kB
dist/assets/handleDetail-DYMzFM-5.css                                                               0.06 kB
dist/assets/handleDetail-G-4dDwuK.css                                                               0.07 kB
dist/assets/index-DAhPelHV.css                                                                      0.08 kB
dist/assets/index-Dl9X3mtD.css                                                                      0.08 kB
dist/assets/yard-add-BSde4cWl.css                                                                   0.10 kB
dist/assets/index-DPMgyohT.css                                                                      0.10 kB
dist/assets/handleDetail-9ALuvAXt.css                                                               0.10 kB
dist/assets/customs-clearance-BErv_Tm_.css                                                          0.11 kB
dist/assets/handleDetail-B3zFG6f4.css                                                               0.11 kB
dist/assets/handleDetail-Ch6-nXwk.css                                                               0.13 kB
dist/assets/direct-yard-Dw_FCeAQ.css                                                                0.14 kB
dist/assets/index-BjpYbwMF.css                                                                      0.14 kB
dist/assets/index-D_9yd8wy.css                                                                      0.17 kB
dist/assets/warehouse-WMd-822k.css                                                                  0.18 kB
dist/assets/index-C1JxB2Wq.css                                                                      0.19 kB
dist/assets/index-r4gYbZH-.css                                                                      0.19 kB
dist/assets/index-CdhIpCxk.css                                                                      0.19 kB
dist/assets/handleDetail-DnTbhUvs.css                                                               0.19 kB
dist/assets/handleDetail-3-MUjZ95.css                                                               0.19 kB
dist/assets/handleDetail-94vOenFO.css                                                               0.19 kB
dist/assets/handleDetail-Bv2Yh05L.css                                                               0.19 kB
dist/assets/handleDetail-CWIGVg2-.css                                                               0.19 kB
dist/assets/handleDetail-DA-MvETJ.css                                                               0.19 kB
dist/assets/handleDetail-bou6UVBg.css                                                               0.19 kB
dist/assets/index-EGjqm05P.css                                                                      0.21 kB
dist/assets/index-D1D7rdXB.css                                                                      0.21 kB
dist/assets/pick-up-terminal-DQV6iOrS.css                                                           0.21 kB
dist/assets/handleDetail-Bmbc2tNQ.css                                                               0.21 kB
dist/assets/handleDetail-Dv9_LFYQ.css                                                               0.22 kB
dist/assets/handleDetail-DraDTJSR.css                                                               0.22 kB
dist/assets/handleDetail-Cj0yreT5.css                                                               0.22 kB
dist/assets/SalesGoodsSection-BQEVesco.css                                                          0.24 kB
dist/assets/handleDetail-Bg18LPh7.css                                                               0.26 kB
dist/assets/index-mHC4WSEd.css                                                                      0.29 kB
dist/assets/orderList-Bwp3oN6q.css                                                                  0.29 kB
dist/assets/index-Bui0r1sk.css                                                                      0.29 kB
dist/assets/bankInfoList-C2RO1IC3.css                                                               0.29 kB
dist/assets/purOrderList-C-Was7w2.css                                                               0.29 kB
dist/assets/storageStage1-Dy4EjeqR.css                                                              0.29 kB
dist/assets/storageStage2-C6ry2BAw.css                                                              0.29 kB
dist/assets/storageStage3-fPJDXeAd.css                                                              0.29 kB
dist/assets/index-i3YPiFmh.css                                                                      0.29 kB
dist/assets/bankInfoList-BfERrrv8.css                                                               0.29 kB
dist/assets/index-BLhQhs9X.css                                                                      0.29 kB
dist/assets/index-BTSGFFmO.css                                                                      0.29 kB
dist/assets/index-BO7kywZf.css                                                                      0.29 kB
dist/assets/index-BK_4WP4z.css                                                                      0.29 kB
dist/assets/index-BfRP-gJ3.css                                                                      0.29 kB
dist/assets/index-DYKex7Fo.css                                                                      0.29 kB
dist/assets/purOrderList-06RM4hnA.css                                                               0.29 kB
dist/assets/index-C2Ew4GQN.css                                                                      0.29 kB
dist/assets/bankInfoList-DB0z3ah7.css                                                               0.29 kB
dist/assets/storageStage1-DG5Ooix0.css                                                              0.29 kB
dist/assets/storageStage2-CJn7CfKC.css                                                              0.29 kB
dist/assets/storageStage3-43mNAFVH.css                                                              0.29 kB
dist/assets/index-CYu45gZg.css                                                                      0.29 kB
dist/assets/bankInfoList-BgrS76im.css                                                               0.29 kB
dist/assets/handleDetail-C2UX7fJ2.css                                                               0.30 kB
dist/assets/PurchaseGoodsSection-C_nEd07p.css                                                       0.31 kB
dist/assets/SettlementInfo-CVOD2lBV.css                                                             0.33 kB
dist/assets/handleDetail-DZthC9NE.css                                                               0.33 kB
dist/assets/handleDetail-BnluKT7D.css                                                               0.35 kB
dist/assets/handleDetail-CBoUAvPz.css                                                               0.36 kB
dist/assets/handleDetail-Duptgk1g.css                                                               0.36 kB
dist/assets/pricingBasis-B1YhjB2W.css                                                               0.36 kB
dist/assets/handleDetail-kN5SpauY.css                                                               0.36 kB
dist/assets/userAvatar-C2lWUHJw.css                                                                 0.38 kB
dist/assets/handleDetail-_Db-VIwN.css                                                               0.38 kB
dist/assets/index-B8-qmob7.css                                                                      0.39 kB
dist/assets/index-CQVPJC0q.css                                                                      0.41 kB
dist/assets/index-CFITkCwV.css                                                                      0.41 kB
dist/assets/index-xYIfEl_P.css                                                                      0.41 kB
dist/assets/historyRateDialog-D2QyCAxI.css                                                          0.41 kB
dist/assets/index-CXGgQX-X.css                                                                      0.41 kB
dist/assets/qualitySettlement-DCKKjiiA.css                                                          0.42 kB
dist/assets/handleDetail-DNwpDVA9.css                                                               0.42 kB
dist/assets/detail-CJfd2CDf.css                                                                     0.43 kB
dist/assets/OrderAttachmentSection-B-TsU9Yx.css                                                     0.47 kB
dist/assets/index-ChAMbhKz.css                                                                      0.53 kB
dist/assets/index-DHCxIbiW.css                                                                      0.53 kB
dist/assets/detail-DRxrslJC.css                                                                     0.53 kB
dist/assets/handleDetail-CvhRrbBs.css                                                               0.64 kB
dist/assets/handleDetail-Dk4iTu6b.css                                                               0.67 kB
dist/assets/handleDetail-C8aIPdy9.css                                                               0.67 kB
dist/assets/BillBasicInfo-sFdkyZk8.css                                                              0.70 kB
dist/assets/inspection-info-CRnGvhl9.css                                                            0.71 kB
dist/assets/ocean-freight-CDtZk0Bx.css                                                              0.71 kB
dist/assets/receipt-payment-CNkNapp-.css                                                            0.71 kB
dist/assets/settlement-info-Bt0sBmSw.css                                                            0.71 kB
dist/assets/401-DTcjfNVL.css                                                                        0.75 kB
dist/assets/index-pw770lNe.css                                                                      0.75 kB
dist/assets/handleDetail-777ilspl.css                                                               0.80 kB
dist/assets/CargoInfo-B2B7XxIO.css                                                                  0.80 kB
dist/assets/InspectionInfo-CnTzvELo.css                                                             0.81 kB
dist/assets/index-BfE3jXvW.css                                                                      0.91 kB
dist/assets/register-C0xLBvdi.css                                                                   1.00 kB
dist/assets/detail-B9X-38hK.css                                                                     1.02 kB
dist/assets/CustomsInfo-BqDKvZ5z.css                                                                1.05 kB
dist/assets/handleDetail-EbE0MBXh.css                                                               1.07 kB
dist/assets/handleDetail-D_s3qqmy.css                                                               1.08 kB
dist/assets/OrderAttachmentSection-BpZKaYZX.css                                                     1.20 kB
dist/assets/handleDetail-DmFc2Tsc.css                                                               1.21 kB
dist/assets/index-B1uIKnJM.css                                                                      1.24 kB
dist/assets/WorkbenchSummaryCards-CpQ6OmKp.css                                                      1.26 kB
dist/assets/WorkbenchArrivalChart-ADTc3ZIv.css                                                      1.35 kB
dist/assets/pier-replenish-CPw3bYOk.css                                                             1.43 kB
dist/assets/yard-replenish-HgTdbQFO.css                                                             1.43 kB
dist/assets/index-BMzJUbcQ.css                                                                      1.45 kB
dist/assets/index-BlQV4FTv.css                                                                      1.51 kB
dist/assets/handleDetail-BJaK_NHT.css                                                               1.58 kB
dist/assets/handleDetail-CDruWDWy.css                                                               1.76 kB
dist/assets/handleDetail-c6VhkaEA.css                                                               1.90 kB
dist/assets/SeaInfo-BzPESkFz.css                                                                    2.06 kB
dist/assets/404-Dg6J1wpR.css                                                                        2.09 kB
dist/assets/styles-BBOkRdF-.css                                                                     2.49 kB
dist/assets/index-BvDJk9nA.css                                                                      2.53 kB
dist/assets/index-DYo8Q6qH.css                                                                      2.61 kB
dist/assets/handleDetail-DhQliFsw.css                                                               2.66 kB
dist/assets/index-6F-R9Htn.css                                                                      2.71 kB
dist/assets/SimpleTrack-BEovI6p5.css                                                                2.99 kB
dist/assets/index-CkWTMgxs.css                                                                      3.30 kB
dist/assets/TrackNode-Bl2y2dIz.css                                                                  3.32 kB
dist/assets/SpecialNode-D8xgiHA2.css                                                                3.41 kB
dist/assets/ShipDetailModal-BupjS4Gz.css                                                            3.42 kB
dist/assets/index-CLlY-yUV.css                                                                      3.62 kB
dist/assets/index-CefYgPX2.css                                                                      4.03 kB
dist/assets/import-data-dialog-BcROIqKe.css                                                         4.16 kB
dist/assets/vendor-DAIax6p0.css                                                                     4.28 kB
dist/assets/overViewDrawer-COB3ljN-.css                                                             4.30 kB
dist/assets/login-Nas6oJQs.css                                                                      4.36 kB
dist/assets/WorkbenchWarningList-CRBZIjB9.css                                                       4.57 kB
dist/assets/WorkbenchContractNodes-BY03f3Q9.css                                                     4.85 kB
dist/assets/index-T1ewhuZT.css                                                                      5.36 kB
dist/assets/WorkbenchGuide-BFP7hvvP.css                                                             5.43 kB
dist/assets/handleDetail-C5xMdjyp.css                                                               5.72 kB
dist/assets/handleDetail-BAXz4rip.css                                                               5.81 kB
dist/assets/index-WflQuI8p.css                                                                      6.37 kB
dist/assets/ContainerDynamicDialog-B3X1-L4U.css                                                     6.46 kB
dist/assets/vendor-editor-CpCzGeOH.css                                                             14.81 kB
dist/assets/overViewDrawer-BQko83fk.css                                                            17.42 kB
dist/assets/index-BsX-IhUX.css                                                                     19.63 kB
dist/assets/index-BDp2rlQj.css                                                                     55.18 kB
dist/assets/vendor-element-5_QS-GLn.css                                                           361.09 kB
dist/assets/noData-BZiw4I47.js                                                                      0.05 kB
dist/assets/zk-logo-BZW7RDlZ.js                                                                     0.06 kB
dist/assets/ai-title-C2NhT0l4.js                                                                    0.06 kB
dist/assets/ccyf-1-mxsNGx6E.js                                                                      0.06 kB
dist/assets/sxgl-1-CbmZ99Hv.js                                                                      0.06 kB
dist/assets/formatters-B2g95Q5_.js                                                                  0.12 kB
dist/assets/basicInfoForm-BbzBBd4Q.js                                                               0.14 kB
dist/assets/index-BP55Z9P-.js                                                                       0.23 kB
dist/assets/bill-cost-4tN4mreV.js                                                                   0.24 kB
dist/assets/ledger-C36osyd2.js                                                                      0.24 kB
dist/assets/index-vesT4G-g.js                                                                       0.25 kB
dist/assets/weapp-BLCQvgx-.js                                                                       0.25 kB
dist/assets/chart-BsLMrzXU.js                                                                       0.26 kB
dist/assets/icBaselineFestival-BVQvfex8.js                                                          0.28 kB
dist/assets/size-Cj9fB5Rp.js                                                                        0.29 kB
dist/assets/mdi--train-car-box-open-wpryxmnb.js                                                     0.29 kB
dist/assets/mdi--garage-warning-CfBG63cA.js                                                         0.29 kB
dist/assets/mdi--train-car-box-full-CTB42oXf.js                                                     0.30 kB
dist/assets/detail.vue_vue_type_script_setup_true_name_Pledge-list_2Fdetail_lang-CKgJxrYn.js        0.31 kB
dist/assets/detail.vue_vue_type_script_setup_true_name_Unpledge-list_2Fdetail_lang-aGb8kfJo.js      0.31 kB
dist/assets/lsicon--sales-return-outline-A0fkAem9.js                                                0.32 kB
dist/assets/resetPwd-8rvzWd9w.js                                                                    0.33 kB
dist/assets/userInfo-B3TV6b1G.js                                                                    0.33 kB
dist/assets/lsicon--order-edit-outline-Bsv7dAyq.js                                                  0.33 kB
dist/assets/importTable-DT-6mFSj.js                                                                 0.33 kB
dist/assets/genInfoForm-F4YvzDIo.js                                                                 0.33 kB
dist/assets/material-symbols--warehouse-outline-CYz2tBOM.js                                         0.33 kB
dist/assets/selectUser-eLheonJh.js                                                                  0.34 kB
dist/assets/mdi--warehouse-jZjJknDt.js                                                              0.35 kB
dist/assets/product-T-XeOc94.js                                                                     0.35 kB
dist/assets/pick-up-goods-BJtm68yX.js                                                               0.35 kB
dist/assets/index-BzXnZu7f.js                                                                       0.36 kB
dist/assets/BankInfoForm-DLGxHJ_l.js                                                                0.36 kB
dist/assets/handleDetail-PAa7bKJ7.js                                                                0.36 kB
dist/assets/handleDetail-DUfvSrAX.js                                                                0.36 kB
dist/assets/handleDetail-B2gnNyeu.js                                                                0.36 kB
dist/assets/lsicon--goods-search-outline-DK8q9gJ_.js                                                0.36 kB
dist/assets/lets-icons--order-BR5QTHQL.js                                                           0.37 kB
dist/assets/mdi--file-import-outline-DbbyQH17.js                                                    0.37 kB
dist/assets/icon-park-outline--payment-method-B-cCt_iC.js                                           0.38 kB
dist/assets/link-C93f4PgI.js                                                                        0.38 kB
dist/assets/material-symbols--pip-exit-CPMbUefo.js                                                  0.38 kB
dist/assets/mdi--file-import-D0dhVNW-.js                                                            0.38 kB
dist/assets/handleDetail-Dn2rSavw.js                                                                0.39 kB
dist/assets/material-symbols--pip-exit-outline-z7pD8Pb9.js                                          0.40 kB
dist/assets/DeliveryOrderForm-Cb5JYOM9.js                                                           0.40 kB
dist/assets/handleDetail-KTWokEFu.js                                                                0.40 kB
dist/assets/maki--warehouse-7-npw6-m.js                                                             0.40 kB
dist/assets/add-CVCuk2Em.js                                                                         0.41 kB
dist/assets/edit-phZ6_6yF.js                                                                        0.41 kB
dist/assets/detail-Cd9JJXLj.js                                                                      0.41 kB
dist/assets/index-CNn1Xsa5.js                                                                       0.42 kB
dist/assets/detail-EadzKSJX.js                                                                      0.42 kB
dist/assets/index-CF0tW7t1.js                                                                       0.42 kB
dist/assets/guide-DZWUPi2j.js                                                                       0.42 kB
dist/assets/lsicon--sales-return-filled-_4bx7spk.js                                                 0.43 kB
dist/assets/goods-store-CG21uE89.js                                                                 0.43 kB
dist/assets/money-B1qqPuhn.js                                                                       0.43 kB
dist/assets/add-BAw7QMVa.js                                                                         0.43 kB
dist/assets/add-Db3NQ_E5.js                                                                         0.43 kB
dist/assets/edit-Chzw6rEa.js                                                                        0.44 kB
dist/assets/edit-Ck5bJy4I.js                                                                        0.44 kB
dist/assets/add-Bbmoj4-I.js                                                                         0.44 kB
dist/assets/detail-BCXFZqOa.js                                                                      0.44 kB
dist/assets/detail-DvFxVLeZ.js                                                                      0.44 kB
dist/assets/edit-BK9xmUeX.js                                                                        0.44 kB
dist/assets/detail-Br7vX5Zl.js                                                                      0.44 kB
dist/assets/DomesticOrderList-DaKciF4X.js                                                           0.44 kB
dist/assets/add-ER7LdFTu.js                                                                         0.44 kB
dist/assets/edit-CmtPTSg1.js                                                                        0.44 kB
dist/assets/DomesticOrderList-CbJkWJYM.js                                                           0.44 kB
dist/assets/detail-OrOb5Fpy.js                                                                      0.44 kB
dist/assets/add-HCeml6l1.js                                                                         0.44 kB
dist/assets/edit-B8NXf6i2.js                                                                        0.44 kB
dist/assets/detail-BjVgjBpi.js                                                                      0.45 kB
dist/assets/drag-BG1_I1vT.js                                                                        0.45 kB
dist/assets/handleDetail-4IbbT9EO.js                                                                0.45 kB
dist/assets/handleDetail-BtmpaRYM.js                                                                0.45 kB
dist/assets/detail-Dl9GBMpa.js                                                                      0.45 kB
dist/assets/add-CpAIgPQR.js                                                                         0.45 kB
dist/assets/edit-DfJm-oUZ.js                                                                        0.45 kB
dist/assets/detail-DrtF-6Zq.js                                                                      0.46 kB
dist/assets/marketData-90B2-UpK.js                                                                  0.46 kB
dist/assets/lsicon--house-filled-yBbjZKXn.js                                                        0.46 kB
dist/assets/ri--money-cny-box-fill-S9bWYb4t.js                                                      0.47 kB
dist/assets/mdi--credit-card-edit-D9aVIdFE.js                                                       0.47 kB
dist/assets/lucide-lab--copy-type-IbqfAeUq.js                                                       0.47 kB
dist/assets/add-DUXs02Zb.js                                                                         0.47 kB
dist/assets/add-DVgbVBLZ.js                                                                         0.47 kB
dist/assets/edit-CXhD9oYU.js                                                                        0.47 kB
dist/assets/edit-Dhve0mdA.js                                                                        0.47 kB
dist/assets/add-CY2naZHw.js                                                                         0.48 kB
dist/assets/edit-DW6ymUHE.js                                                                        0.48 kB
dist/assets/add-CSNy13Pj.js                                                                         0.48 kB
dist/assets/ri--money-cny-box-line-DRcd_DTy.js                                                      0.48 kB
dist/assets/add-CjRtjn9A.js                                                                         0.48 kB
dist/assets/edit-DQ9j3BMR.js                                                                        0.48 kB
dist/assets/detail-DekDahgt.js                                                                      0.48 kB
dist/assets/edit-DEoK7pGJ.js                                                                        0.48 kB
dist/assets/add-C7Bqqi7K.js                                                                         0.48 kB
dist/assets/edit-CNEQY2QV.js                                                                        0.48 kB
dist/assets/detail-8H6yyjUq.js                                                                      0.48 kB
dist/assets/add-DxF9pcbL.js                                                                         0.48 kB
dist/assets/add-DiiJLw7c.js                                                                         0.48 kB
dist/assets/email-Dig28Vt2.js                                                                       0.48 kB
dist/assets/edit-BqVIZara.js                                                                        0.48 kB
dist/assets/edit-DXJrwd1y.js                                                                        0.48 kB
dist/assets/detail-N5WWhFNI.js                                                                      0.48 kB
dist/assets/detail-CESZoxax.js                                                                      0.49 kB
dist/assets/detail-xBoRu4AX.js                                                                      0.49 kB
dist/assets/add-CbKwX-7A.js                                                                         0.49 kB
dist/assets/icon-park--payment-method-CP9LtBBa.js                                                   0.49 kB
dist/assets/edit-BreBSkAV.js                                                                        0.49 kB
dist/assets/add-DcPgmjKI.js                                                                         0.49 kB
dist/assets/edit-CLAYBAV1.js                                                                        0.49 kB
dist/assets/detail-Df-wY1Q4.js                                                                      0.49 kB
dist/assets/add-BCkaVNTH.js                                                                         0.49 kB
dist/assets/add-Jlv9sVwI.js                                                                         0.49 kB
dist/assets/edit-nGKWWiOM.js                                                                        0.49 kB
dist/assets/detail-DcT86aTD.js                                                                      0.49 kB
dist/assets/edit-DA7w5OR1.js                                                                        0.49 kB
dist/assets/detail-CSPy2XkW.js                                                                      0.49 kB
dist/assets/detail-BSLlMFqR.js                                                                      0.49 kB
dist/assets/system-Dv2bz8IS.js                                                                      0.49 kB
dist/assets/handleDetail-By1MFsLS.js                                                                0.50 kB
dist/assets/add-C_OR2_nG.js                                                                         0.50 kB
dist/assets/edit-Cb71VoTT.js                                                                        0.50 kB
dist/assets/add-DWYMOnlf.js                                                                         0.50 kB
dist/assets/detail-DLmaqW3w.js                                                                      0.50 kB
dist/assets/add-D9FGkhdm.js                                                                         0.50 kB
dist/assets/edit-DA86A1GT.js                                                                        0.50 kB
dist/assets/add-DaTFEAYW.js                                                                         0.50 kB
dist/assets/detail-Bk86KOer.js                                                                      0.50 kB
dist/assets/bxl--product-hunt-BQ7xGvxo.js                                                           0.50 kB
dist/assets/edit-BkgOMUf0.js                                                                        0.50 kB
dist/assets/detail-BucEfEsE.js                                                                      0.50 kB
dist/assets/icon-park-outline--order-Dp14dFpN.js                                                    0.50 kB
dist/assets/detail-DB3LGC5k.js                                                                      0.51 kB
dist/assets/ic--round-house-B02EsSo-.js                                                             0.51 kB
dist/assets/add-G2tOTsV7.js                                                                         0.51 kB
dist/assets/add-Dhi8EFpq.js                                                                         0.51 kB
dist/assets/edit-BdhA3X1a.js                                                                        0.51 kB
dist/assets/edit-CEx66ZMT.js                                                                        0.51 kB
dist/assets/edit-CvYyxDF-.js                                                                        0.51 kB
dist/assets/detail-CfrR44SM.js                                                                      0.51 kB
dist/assets/detail-DGXe9apC.js                                                                      0.51 kB
dist/assets/detail-_Y2__1Au.js                                                                      0.51 kB
dist/assets/detail-BxrdUjG7.js                                                                      0.51 kB
dist/assets/streamline--warehouse-1-solid-DF79V2AO.js                                               0.52 kB
dist/assets/add-Si4_Z0FK.js                                                                         0.52 kB
dist/assets/edit-BXJRQQZ8.js                                                                        0.52 kB
dist/assets/documentation-uH9BvL5U.js                                                               0.52 kB
dist/assets/add-ByVqysWl.js                                                                         0.52 kB
dist/assets/detail-BNVOn3OF.js                                                                      0.52 kB
dist/assets/edit-Wf4rHBco.js                                                                        0.52 kB
dist/assets/lsicon--goods-search-filled-Capy66Ub.js                                                 0.52 kB
dist/assets/add-CTN14XEc.js                                                                         0.52 kB
dist/assets/add-CPSNPPB7.js                                                                         0.52 kB
dist/assets/detail-DclvHjru.js                                                                      0.52 kB
dist/assets/edit-DcpK_2Hf.js                                                                        0.52 kB
dist/assets/edit-CpSCIJ27.js                                                                        0.52 kB
dist/assets/add-Cl7gpfoJ.js                                                                         0.52 kB
dist/assets/lsicon--warehouse-into-filled-CLvAe-T_.js                                               0.52 kB
dist/assets/edit-DhcI3Ozg.js                                                                        0.52 kB
dist/assets/add-gut2P35h.js                                                                         0.52 kB
dist/assets/detail-CvueZwyV.js                                                                      0.52 kB
dist/assets/edit-Dekneq3U.js                                                                        0.53 kB
dist/assets/detail-CChoJ_HG.js                                                                      0.53 kB
dist/assets/detail-CpyRssXk.js                                                                      0.53 kB
dist/assets/dashicons--admin-multisite-CORmb3oH.js                                                  0.53 kB
dist/assets/add-D09_9Y1q.js                                                                         0.53 kB
dist/assets/edit-DaeD5iol.js                                                                        0.53 kB
dist/assets/lucide--warehouse-DF6-borT.js                                                           0.53 kB
dist/assets/ph--warehouse-Dv6R8dnM.js                                                               0.53 kB
dist/assets/detail-ClO-w_Ce.js                                                                      0.53 kB
dist/assets/detail-X2zKhvWT.js                                                                      0.53 kB
dist/assets/menu-IpYiDICC.js                                                                        0.54 kB
dist/assets/currency-C4OtQtC8.js                                                                    0.54 kB
dist/assets/add-DkT7sJHt.js                                                                         0.54 kB
dist/assets/la--product-hunt-Bxtc_nwB.js                                                            0.54 kB
dist/assets/dept-CENm2O0F.js                                                                        0.54 kB
dist/assets/edit-CxBzuSjt.js                                                                        0.54 kB
dist/assets/streamline--chat-bubble-square-write-BT6MZDRf.js                                        0.54 kB
dist/assets/detail-BIOcfq8c.js                                                                      0.54 kB
dist/assets/receive-DX8g4akO.js                                                                     0.55 kB
dist/assets/fullscreen-0JHt5yWX.js                                                                  0.55 kB
dist/assets/tabler--home-dot-Drt9I2n1.js                                                            0.55 kB
dist/assets/warehouse-Da_gnSTF.js                                                                   0.55 kB
dist/assets/catppuccin--cargo-3UuSSUDp.js                                                           0.55 kB
dist/assets/index-ubsIbV1t.js                                                                       0.55 kB
dist/assets/excel-D3hj5F35.js                                                                       0.56 kB
dist/assets/lsicon--order-edit-filled-ChhnTcYE.js                                                   0.56 kB
dist/assets/information-VfbpmSpf.js                                                                 0.56 kB
dist/assets/icon-park-outline--financing-two-Dkt5vHie.js                                            0.56 kB
dist/assets/type-CO76DBkW.js                                                                        0.57 kB
dist/assets/mdi--account-service-QXh2m9vH.js                                                        0.57 kB
dist/assets/user-DqMuW5cU.js                                                                        0.57 kB
dist/assets/add-XMHHeC8F.js                                                                         0.57 kB
dist/assets/add-D8j7bi5J.js                                                                         0.57 kB
dist/assets/edit-C3OAhW16.js                                                                        0.57 kB
dist/assets/edit-Bu-EDiSV.js                                                                        0.57 kB
dist/assets/vessel-tracking-DJHDbuod.js                                                             0.57 kB
dist/assets/site-goods-NJGApdtr.js                                                                  0.57 kB
dist/assets/detail-KQPvRXCz.js                                                                      0.57 kB
dist/assets/detail-DoBr45zu.js                                                                      0.57 kB
dist/assets/lock-Bexeb9hp.js                                                                        0.57 kB
dist/assets/invoicing-DRy4I6Lk.js                                                                   0.58 kB
dist/assets/add-DvH6Ot8d.js                                                                         0.58 kB
dist/assets/edit-Coa5clxJ.js                                                                        0.58 kB
dist/assets/add-BH_lPfRC.js                                                                         0.59 kB
dist/assets/detail-CzYLvSZF.js                                                                      0.59 kB
dist/assets/edit-BfHoOMkS.js                                                                        0.59 kB
dist/assets/detail-874RqvBC.js                                                                      0.59 kB
dist/assets/mdi--car-outline-BSHQNbe6.js                                                            0.59 kB
dist/assets/site-B7nUdnRy.js                                                                        0.59 kB
dist/assets/ph--warehouse-duotone-Cl6hg4Ez.js                                                       0.60 kB
dist/assets/help-me-Df-PLAMQ.js                                                                     0.62 kB
dist/assets/job-BEEso-wO.js                                                                         0.62 kB
dist/assets/add-DUYHw-MV.js                                                                         0.63 kB
dist/assets/edit-CyvqRC1X.js                                                                        0.63 kB
dist/assets/add-B7xmBTMP.js                                                                         0.63 kB
dist/assets/service-provider-CQrKroqY.js                                                            0.63 kB
dist/assets/detail-BEEYZ666.js                                                                      0.63 kB
dist/assets/edit-P3H3jCFW.js                                                                        0.63 kB
dist/assets/detail-cCCAxtGu.js                                                                      0.63 kB
dist/assets/goods-category-CarmdOob.js                                                              0.63 kB
dist/assets/warehouse-Cm0z49qN.js                                                                   0.63 kB
dist/assets/example-CnLLAFb9.js                                                                     0.63 kB
dist/assets/add-BETwasWr.js                                                                         0.64 kB
dist/assets/goods-attr-B7esYnfe.js                                                                  0.64 kB
dist/assets/edit-Cq71rLAZ.js                                                                        0.64 kB
dist/assets/detail-BIiYe-qD.js                                                                      0.64 kB
dist/assets/mdi--database-import-DRmxHoH1.js                                                        0.64 kB
dist/assets/teenyicons--search-property-solid-CxW8EyN1.js                                           0.65 kB
dist/assets/add-DQRuVQYP.js                                                                         0.65 kB
dist/assets/edit-DY0_yz3K.js                                                                        0.65 kB
dist/assets/detail-Dcs7x94s.js                                                                      0.65 kB
dist/assets/carrier-Dp9bNly9.js                                                                     0.66 kB
dist/assets/add-WHRg-yjT.js                                                                         0.66 kB
dist/assets/edit-bn9D2X0v.js                                                                        0.66 kB
dist/assets/ic--round-drive-folder-upload-CVGpHNUj.js                                               0.66 kB
dist/assets/detail-BKNemV0b.js                                                                      0.66 kB
dist/assets/mdi--truck-fast-outline-ak0de-3a.js                                                     0.66 kB
dist/assets/direct-yard-BbuXVEOV.js                                                                 0.66 kB
dist/assets/handleDetail-CaWvhB-A.js                                                                0.67 kB
dist/assets/enterprise-users-CJn9kg6k.js                                                            0.67 kB
dist/assets/ocean-freight-D27iEwcd.js                                                               0.67 kB
dist/assets/pick-up-terminal-B4kP7aQf.js                                                            0.67 kB
dist/assets/icon-park--currency-D6WM0_27.js                                                         0.68 kB
dist/assets/customs-clearance-DO1dCkOr.js                                                           0.68 kB
dist/assets/index-BqjxzMIZ.js                                                                       0.68 kB
dist/assets/mdi--account-service-outline (1)-DoX7KNLK.js                                            0.69 kB
dist/assets/mdi--car-BZHPakNe.js                                                                    0.69 kB
dist/assets/carbon--global-loan-and-trial-BkHLgHm-.js                                               0.70 kB
dist/assets/pledge-zJmishpJ.js                                                                      0.70 kB
dist/assets/add-Bw_ve2wT.js                                                                         0.70 kB
dist/assets/edit-BNPTzrbp.js                                                                        0.70 kB
dist/assets/iconParkSolidCommodity-Cy6vldCS.js                                                      0.70 kB
dist/assets/detail-DdAFzPzy.js                                                                      0.70 kB
dist/assets/add-dA16kKnS.js                                                                         0.70 kB
dist/assets/table-5PRh60AQ.js                                                                       0.70 kB
dist/assets/edit-DmAWmvkR.js                                                                        0.70 kB
dist/assets/inspection-info-D50FUvCv.js                                                             0.70 kB
dist/assets/receipt-payment-BkG6cGIE.js                                                             0.70 kB
dist/assets/detail-CFuni6IB.js                                                                      0.70 kB
dist/assets/circum--memo-pad-C1mppnHG.js                                                            0.71 kB
dist/assets/add-gv0DV1c6.js                                                                         0.71 kB
dist/assets/edit-ofkEtrVc.js                                                                        0.71 kB
dist/assets/gen-BL4LhCRH.js                                                                         0.71 kB
dist/assets/detail-DjpL8_2C.js                                                                      0.71 kB
dist/assets/add-D5jqne4m.js                                                                         0.71 kB
dist/assets/star-kST8a72V.js                                                                        0.71 kB
dist/assets/edit-D7mCPGzQ.js                                                                        0.71 kB
dist/assets/mdi--truck-fast-CgUWrIcS.js                                                             0.71 kB
dist/assets/detail-CWgSzusg.js                                                                      0.71 kB
dist/assets/mdi--boat-2uFT4NFf.js                                                                   0.71 kB
dist/assets/goods-base-BklBO7v7.js                                                                  0.72 kB
dist/assets/material-symbols--credit-card-clock-rounded-CT9-0S_3.js                                 0.72 kB
dist/assets/refinery-DemjJC_t.js                                                                    0.73 kB
dist/assets/slider-BGfehM6X.js                                                                      0.73 kB
dist/assets/streamline--chat-bubble-square-write-solid-DkT7NAbm.js                                  0.73 kB
dist/assets/settlement-info-DXObh3nF.js                                                             0.73 kB
dist/assets/streamline--warehouse-1-D0FqxtTu.js                                                     0.74 kB
dist/assets/icon-park-solid--workbench-Ca0DMOfp.js                                                  0.75 kB
dist/assets/education-47KsSYIl.js                                                                   0.76 kB
dist/assets/icon-park-solid--financing-two-ChRLDH9m.js                                              0.76 kB
dist/assets/streamline--payment-10-DTbmF3Oo.js                                                      0.76 kB
dist/assets/materialSymbolsAddBusinessRounded-BD-Pmmw7.js                                           0.77 kB
dist/assets/mdi--database-import-outline-_WENvlHK.js                                                0.77 kB
dist/assets/carbonCategoryNewEach-kZscHNNb.js                                                       0.78 kB
dist/assets/game-icons--cargo-crate-D_WmHLMU.js                                                     0.78 kB
dist/assets/iconoirCommodity-BiKykjl-.js                                                            0.79 kB
dist/assets/index-CazYxFYh.js                                                                       0.79 kB
dist/assets/add-P3VmJKEE.js                                                                         0.79 kB
dist/assets/styles.scss_vue_type_style_index_0_src_true_lang-C7GRppe8.js                            0.80 kB
dist/assets/detail-CrjqaZt_.js                                                                      0.80 kB
dist/assets/tab-nA3f0aBt.js                                                                         0.80 kB
dist/assets/fluent-mdl2--work-item-alert-Bh8aH5iR.js                                                0.80 kB
dist/assets/user-group-BwGNa4sQ.js                                                                  0.80 kB
dist/assets/bank-B31Dz90o.js                                                                        0.81 kB
dist/assets/news-BOK-qtdt.js                                                                        0.81 kB
dist/assets/mdi--plane-car-B0sss3Rr.js                                                              0.83 kB
dist/assets/car-6Nbenqcv.js                                                                         0.85 kB
dist/assets/message-UkR-VIBB.js                                                                     0.85 kB
dist/assets/catppuccin--cargo-lock-DlvDP12c.js                                                      0.86 kB
dist/assets/mdi--train-car-Bnh0MmoD.js                                                              0.86 kB
dist/assets/constants-qwNOYWM3.js                                                                   0.86 kB
dist/assets/edit-Dq-YdAO3.js                                                                        0.88 kB
dist/assets/add-D8RLPFyN.js                                                                         0.88 kB
dist/assets/code-DgJ8cT4a.js                                                                        0.88 kB
dist/assets/theme-CyGq941x.js                                                                       0.88 kB
dist/assets/detail-CbwTxm6N.js                                                                      0.88 kB
dist/assets/teenyicons--search-property-outline-BTJNQCWI.js                                         0.90 kB
dist/assets/switch-CvaargRJ.js                                                                      0.90 kB
dist/assets/peoples-BRYsIqmI.js                                                                     0.91 kB
dist/assets/mdi--pier-crane-YykJX7v3.js                                                             0.93 kB
dist/assets/druid-BybW_S_B.js                                                                       0.93 kB
dist/assets/fluent--accessibility-checkmark-20-filled-r_hmDeI5.js                                   0.95 kB
dist/assets/input-BJoPMnBW.js                                                                       0.96 kB
dist/assets/add-BJWXm9Uf.js                                                                         0.97 kB
dist/assets/edit-BRSnCnWK.js                                                                        0.97 kB
dist/assets/file-Cg1ZYEvp.js                                                                        0.97 kB
dist/assets/assets-QJPCLRXa.js                                                                      0.97 kB
dist/assets/detail-DXiDDERf.js                                                                      0.97 kB
dist/assets/add-DQGv0Rgb.js                                                                         0.97 kB
dist/assets/edit-BCHpeimn.js                                                                        0.98 kB
dist/assets/detail-lhlF-rbb.js                                                                      0.98 kB
dist/assets/WorkbenchSummaryCards-C8TUNx9c.js                                                       0.99 kB
dist/assets/edit-D0DI9pAq.js                                                                        1.00 kB
dist/assets/nested-B4d5u3hW.js                                                                      1.01 kB
dist/assets/solar--chat-round-money-bold-duotone-DbhSkS-0.js                                        1.01 kB
dist/assets/faSolidHouseUser-yzHEew5y.js                                                            1.01 kB
dist/assets/approval-ODEUVKxj.js                                                                    1.02 kB
dist/assets/solar--chat-round-money-bold-BHCLs24n.js                                                1.02 kB
dist/assets/textarea-CJWXlgbJ.js                                                                    1.02 kB
dist/assets/server-unS7EyF7.js                                                                      1.02 kB
dist/assets/row-CRXKIHjm.js                                                                         1.05 kB
dist/assets/bill-num-1-5uqEEO4B.js                                                                  1.05 kB
dist/assets/time-BVERp0sU.js                                                                        1.05 kB
dist/assets/gzt-1-ORLc9eWF.js                                                                       1.08 kB
dist/assets/monitor-gwnnVq4l.js                                                                     1.09 kB
dist/assets/mingcute--card-pay-fill-BqrhRyJI.js                                                     1.10 kB
dist/assets/account-kSxv4ndV.js                                                                     1.13 kB
dist/assets/reset-icon-BWnC5CUy.js                                                                  1.14 kB
dist/assets/tree-table-CnOS99I9.js                                                                  1.15 kB
dist/assets/eye-DqRz4sMZ.js                                                                         1.15 kB
dist/assets/more-icon-DHO_jp0a.js                                                                   1.15 kB
dist/assets/loanAfter-dNM6mrSS.js                                                                   1.17 kB
dist/assets/carbon--ibm-db2-warehouse-za7BQByB.js                                                   1.18 kB
dist/assets/clipboard-DaV3cn7f.js                                                                   1.19 kB
dist/assets/build-2jMyI6eP.js                                                                       1.20 kB
dist/assets/streamline--payment-10-solid-8WBIZ-7D.js                                                1.22 kB
dist/assets/list-C7O8B4zW.js                                                                        1.24 kB
dist/assets/role-DjWa80cE.js                                                                        1.25 kB
dist/assets/fluent--accessibility-checkmark-20-regular-DYNJGx8T.js                                  1.25 kB
dist/assets/xsthd-1-jT1kFh8B.js                                                                     1.26 kB
dist/assets/mingcute--card-pay-line-Beqy8H9h.js                                                     1.28 kB
dist/assets/index-Dwnm7ygw.js                                                                       1.28 kB
dist/assets/lsicon--setting-outline-ZM7GobNV.js                                                     1.28 kB
dist/assets/bill-num-CxSpUVLs.js                                                                    1.29 kB
dist/assets/icon-BtMv6Od8.js                                                                        1.29 kB
dist/assets/upload-icon-AI-change-Cy9H5y_w.js                                                       1.30 kB
dist/assets/401-kcyFrXbZ.js                                                                         1.33 kB
dist/assets/search-icon-BMU8x2H7.js                                                                 1.34 kB
dist/assets/download-DeIzgQWH.js                                                                    1.36 kB
dist/assets/zdgl-1-BJPns8T7.js                                                                      1.37 kB
dist/assets/delivery-MVlfW3Tc.js                                                                    1.38 kB
dist/assets/skill-B8f_I4m_.js                                                                       1.40 kB
dist/assets/user-BrYmFS3P.js                                                                        1.42 kB
dist/assets/international-CmzG1OHg.js                                                               1.43 kB
dist/assets/solar--hand-money-linear-Bi_4Wg4U.js                                                    1.43 kB
dist/assets/question-CvYWQbyW.js                                                                    1.46 kB
dist/assets/wechat-lmQOcPZu.js                                                                      1.46 kB
dist/assets/people-CdGMHN63.js                                                                      1.49 kB
dist/assets/f7CartFillBadgePlus-Co9P_YYU.js                                                         1.50 kB
dist/assets/solar--hand-money-bold-BA6helWD.js                                                      1.50 kB
dist/assets/financing-BTzx3v26.js                                                                   1.51 kB
dist/assets/checkbox-Bpiun3bf.js                                                                    1.52 kB
dist/assets/clarity--contract-solid-DWPX72vN.js                                                     1.52 kB
dist/assets/post-DrLDyPY9.js                                                                        1.52 kB
dist/assets/language-CaW1LMEk.js                                                                    1.55 kB
dist/assets/eye-open-BxlshWqB.js                                                                    1.55 kB
dist/assets/zdspgl-1-7HC3i0DV.js                                                                    1.55 kB
dist/assets/clgl-1-F6XU37af.js                                                                      1.60 kB
dist/assets/mingcute--pig-money-fill-CInPw9s2.js                                                    1.60 kB
dist/assets/radio-B0t9wPBQ.js                                                                       1.61 kB
dist/assets/select-DhuHHMxz.js                                                                      1.62 kB
dist/assets/openmoji--memo-C33CCKWB.js                                                              1.64 kB
dist/assets/validCode-COB1iLxa.js                                                                   1.66 kB
dist/assets/zip-DIOSZc69.js                                                                         1.66 kB
dist/assets/handleDetail.vue_vue_type_script_setup_true_lang-ZKUD1xmG.js                            1.70 kB
dist/assets/zrgl-1-vQGkz8R4.js                                                                      1.70 kB
dist/assets/404-Dy3nURRX.js                                                                         1.73 kB
dist/assets/upload-BueI-Il1.js                                                                      1.75 kB
dist/assets/ysgl-1-Bge8dZrj.js                                                                      1.75 kB
dist/assets/index-CjoOdnZi.js                                                                       1.78 kB
dist/assets/cksgl-1-B_YjtIuQ.js                                                                     1.79 kB
dist/assets/phone-BpAUIz0g.js                                                                       1.82 kB
dist/assets/customs-data-E4luLZ9M.js                                                                1.83 kB
dist/assets/nacos-CmARyran.js                                                                       1.84 kB
dist/assets/kpgl-11-CceVaQ2b.js                                                                     1.85 kB
dist/assets/ckgl-1-1-BNvUMcPi.js                                                                    1.87 kB
dist/assets/bug-10dePVta.js                                                                         1.88 kB
dist/assets/log-CF2F-nSs.js                                                                         1.89 kB
dist/assets/userInfo.vue_vue_type_script_setup_true_lang-lI9qC4CS.js                                1.90 kB
dist/assets/basicInfoForm.vue_vue_type_script_setup_true_lang-CFSjhOKC.js                           1.90 kB
dist/assets/OrderAttachmentSection-CDaDPWFh.js                                                      1.90 kB
dist/assets/sjgl-1-Dnoez1_t.js                                                                      1.94 kB
dist/assets/github-AJ0WQBa2.js                                                                      1.96 kB
dist/assets/pdf-CD9mOGjJ.js                                                                         2.01 kB
dist/assets/mingcute--pig-money-line-DGFGZVV4.js                                                    2.01 kB
dist/assets/rate-CgnHQvKS.js                                                                        2.03 kB
dist/assets/tdgl-1-Dc4IG8ey.js                                                                      2.03 kB
dist/assets/upload-icon-AI-B4yFa0IJ.js                                                              2.06 kB
dist/assets/resetPwd.vue_vue_type_script_setup_true_lang-D6m2Onm7.js                                2.08 kB
dist/assets/index.vue_vue_type_script_setup_true_lang-BIcdOfzt.js                                   2.09 kB
dist/assets/gncg-11-CgI6C8yO.js                                                                     2.09 kB
dist/assets/gnxs-11-Cs7h7lZU.js                                                                     2.09 kB
dist/assets/yfgl-1-CDYHC-81.js                                                                      2.10 kB
dist/assets/fwsgl-1-DX42U5uO.js                                                                     2.10 kB
dist/assets/job-BcmuINx7.js                                                                         2.11 kB
dist/assets/xsskd-1-D-CJYJiP.js                                                                     2.13 kB
dist/assets/exit-fullscreen-dXhGKlQm.js                                                             2.13 kB
dist/assets/swagger-BHGXZ2Jt.js                                                                     2.13 kB
dist/assets/logininfor-Bm9ZYYR7.js                                                                  2.16 kB
dist/assets/tree-BCtS3oPD.js                                                                        2.16 kB
dist/assets/password-DfGvqQpB.js                                                                    2.19 kB
dist/assets/index-CIjkO-mS.js                                                                       2.25 kB
dist/assets/index-CHztRuZb.js                                                                       2.25 kB
dist/assets/index-CXzGsKOR.js                                                                       2.29 kB
dist/assets/xtgl-1-Dur-sIc9.js                                                                      2.32 kB
dist/assets/tzgl-BmjHx5wT.js                                                                        2.36 kB
dist/assets/stash--billing-info-solid-CBVRiidI.js                                                   2.38 kB
dist/assets/ccys-1-DamaWgMI.js                                                                      2.39 kB
dist/assets/spkgl-1-_b-aMMPp.js                                                                     2.41 kB
dist/assets/index.vue_vue_type_script_setup_true_lang-CyVUosym.js                                   2.42 kB
dist/assets/index-DkJNmEiA.js                                                                       2.42 kB
dist/assets/date-range-B8MgYLb1.js                                                                  2.44 kB
dist/assets/detail-CYRxki44.js                                                                      2.46 kB
dist/assets/zxgl-1-pwUK1yRT.js                                                                      2.48 kB
dist/assets/purOrderList-JERpMASo.js                                                                2.49 kB
dist/assets/cysgl-1-Cq0TiCOL.js                                                                     2.50 kB
dist/assets/index-DItsT09V.js                                                                       2.55 kB
dist/assets/index-CHEuL6D4.js                                                                       2.58 kB
dist/assets/cascader-CXIOcY1C.js                                                                    2.59 kB
dist/assets/dhgl-1-BoDKu5rs.js                                                                      2.60 kB
dist/assets/index-BN6KNVB9.js                                                                       2.61 kB
dist/assets/importList-aV7k7tIR.js                                                                  2.65 kB
dist/assets/detail-BhjUR6Ne.js                                                                      2.65 kB
dist/assets/detail-Ckv21pox.js                                                                      2.69 kB
dist/assets/index-SMhLCRXV.js                                                                       2.74 kB
dist/assets/importTable.vue_vue_type_script_setup_true_lang-BeW0L3gC.js                             2.74 kB
dist/assets/shopping-CU1IRvxM.js                                                                    2.75 kB
dist/assets/dashboard-Dy7qt_a2.js                                                                   2.80 kB
dist/assets/index-DgQvWY2k.js                                                                       2.81 kB
dist/assets/dlddgl-1-BtJRCiZH.js                                                                    2.82 kB
dist/assets/bankInfoList-DFVTb4R5.js                                                                2.83 kB
dist/assets/bankInfoList-w-mCrlKr.js                                                                2.83 kB
dist/assets/button-BlSCM_GH.js                                                                      2.86 kB
dist/assets/purOrderList-CwOUwVTg.js                                                                2.86 kB
dist/assets/index-iUqoxw9d.js                                                                       2.88 kB
dist/assets/index-DSY67xir.js                                                                       2.91 kB
dist/assets/mtthgl-1-COK6Skbu.js                                                                    2.91 kB
dist/assets/rkgl-1-gwe8DI7E.js                                                                      2.91 kB
dist/assets/client-BuZkq35_.js                                                                      2.92 kB
dist/assets/orderList-DJXIO_G3.js                                                                   2.94 kB
dist/assets/bankInfoList-DgKmgWqb.js                                                                2.94 kB
dist/assets/index-9Rvol3hL.js                                                                       2.94 kB
dist/assets/index-DhXPGRG9.js                                                                       2.96 kB
dist/assets/component-Djp9s69L.js                                                                   2.96 kB
dist/assets/form-BDTA_i-I.js                                                                        3.01 kB
dist/assets/kcgl-1-6dfZ7_o2.js                                                                      3.02 kB
dist/assets/index-47lTM_2P.js                                                                       3.02 kB
dist/assets/tool-D8kXk1l-.js                                                                        3.04 kB
dist/assets/index-Dgi9Dclx.js                                                                       3.04 kB
dist/assets/index-DX1c887P.js                                                                       3.07 kB
dist/assets/index-CSMfpll5.js                                                                       3.08 kB
dist/assets/orderMappers-CNNeDkNv.js                                                                3.09 kB
dist/assets/BankInfoForm.vue_vue_type_script_setup_true_lang-BX7FaFA-.js                            3.11 kB
dist/assets/sentinel-sIU9HpHS.js                                                                    3.13 kB
dist/assets/index-DmEUduFV.js                                                                       3.17 kB
dist/assets/jkgldd-1-RbKVwNtO.js                                                                    3.18 kB
dist/assets/redis-D4ECyT6a.js                                                                       3.22 kB
dist/assets/handleDetail-CBSe2PYN.js                                                                3.27 kB
dist/assets/qualitySettlement-zT46UQeY.js                                                           3.28 kB
dist/assets/selectUser.vue_vue_type_script_setup_true_name_SelectUser_lang-Cutejhc9.js              3.30 kB
dist/assets/index-Bd3TqkIJ.js                                                                       3.31 kB
dist/assets/index-DrucliPb.js                                                                       3.32 kB
dist/assets/detail-C_C-aRJq.js                                                                      3.32 kB
dist/assets/index-DgNvc2KO.js                                                                       3.33 kB
dist/assets/time-range-D3dxgtLj.js                                                                  3.35 kB
dist/assets/userAvatar-DGiGKMpU.js                                                                  3.35 kB
dist/assets/jrxmgl-1-CT6EbHw5.js                                                                    3.37 kB
dist/assets/index-B-MigHR3.js                                                                       3.39 kB
dist/assets/handleDetail-7CKwcy59.js                                                                3.40 kB
dist/assets/dict-Bi_GqSXR.js                                                                        3.43 kB
dist/assets/system-DcNSH_Fq.js                                                                      3.44 kB
dist/assets/ckgl-1-CW-IaARP.js                                                                      3.48 kB
dist/assets/jfzlgl-1-7o1MwYcV.js                                                                    3.50 kB
dist/assets/storageStage2-DnTuHxp0.js                                                               3.51 kB
dist/assets/index-Db_6zCUS.js                                                                       3.52 kB
dist/assets/storageStage2-BKMNqwwT.js                                                               3.52 kB
dist/assets/handleDetail.vue_vue_type_script_setup_true_lang-BRhrrI0O.js                            3.53 kB
dist/assets/index-COL_xj9S.js                                                                       3.53 kB
dist/assets/index-VSq1W4k0.js                                                                       3.54 kB
dist/assets/bankInfoList-Rci4XQjw.js                                                                3.58 kB
dist/assets/index-ksBkowdl.js                                                                       3.58 kB
dist/assets/index-f0AdeX-V.js                                                                       3.59 kB
dist/assets/warehouse-QtielikV.js                                                                   3.65 kB
dist/assets/OrderAttachmentSection-KE9LJwHZ.js                                                      3.65 kB
dist/assets/index-BEtPUNlV.js                                                                       3.66 kB
dist/assets/number-D4hB_nHC.js                                                                      3.67 kB
dist/assets/index-CCmHQUE0.js                                                                       3.69 kB
dist/assets/order-BPRWtv3_.js                                                                       3.70 kB
dist/assets/date-B1FSITvi.js                                                                        3.72 kB
dist/assets/cgyf-1-k2t2Cfx8.js                                                                      3.72 kB
dist/assets/authRole-Cox4_NS8.js                                                                    3.73 kB
dist/assets/index-it-Adq3M.js                                                                       3.74 kB
dist/assets/index-DLo3XnrC.js                                                                       3.74 kB
dist/assets/storageStage1-CcEMGQYj.js                                                               3.76 kB
dist/assets/storageStage1-C5YlKYHx.js                                                               3.78 kB
dist/assets/handleDetail.vue_vue_type_script_setup_true_lang-8Aoy5Nyk.js                            3.81 kB
dist/assets/cgys-1-CSmWvDk2.js                                                                      3.82 kB
dist/assets/storageStage3-nrUXIltY.js                                                               3.85 kB
dist/assets/storageStage3-4o_1KyYY.js                                                               3.85 kB
dist/assets/rzgl-1-BngtRvGi.js                                                                      3.86 kB
dist/assets/index-DSFCTW8e.js                                                                       3.89 kB
dist/assets/register-BeQIUkpy.js                                                                    3.90 kB
dist/assets/detail-LgLYoxso.js                                                                      3.91 kB
dist/assets/index-9MOsIiYO.js                                                                       3.95 kB
dist/assets/qq-D8j4O83Y.js                                                                          3.98 kB
dist/assets/index-Dt8i0IKf.js                                                                       4.04 kB
dist/assets/index-BsCgIUkY.js                                                                       4.08 kB
dist/assets/index-CDF8VC5Y.js                                                                       4.08 kB
dist/assets/handleDetail-i0QmA48b.js                                                                4.09 kB
dist/assets/index-BLg--uyj.js                                                                       4.11 kB
dist/assets/index-BRyty-yr.js                                                                       4.11 kB
dist/assets/index-D11RbGCH.js                                                                       4.16 kB
dist/assets/index-bgEuuEGq.js                                                                       4.16 kB
dist/assets/DeliveryOrderForm.vue_vue_type_script_setup_true_lang-D77xGNJ6.js                       4.17 kB
dist/assets/index-DCLE08Rq.js                                                                       4.20 kB
dist/assets/online-C2ZP8pdY.js                                                                      4.25 kB
dist/assets/index-CutxsmkB.js                                                                       4.27 kB
dist/assets/index-BudFqxKT.js                                                                       4.37 kB
dist/assets/index-DMpGHYRX.js                                                                       4.45 kB
dist/assets/authUser-D9yas2Dv.js                                                                    4.46 kB
dist/assets/index-CK8v8eWe.js                                                                       4.48 kB
dist/assets/index-Cq_8OyVL.js                                                                       4.48 kB
dist/assets/index-vpqEWtia.js                                                                       4.49 kB
dist/assets/index-UJUVf2al.js                                                                       4.53 kB
dist/assets/zcgl-11-Dn_LXA8r.js                                                                     4.55 kB
dist/assets/index-DJQqW5kx.js                                                                       4.56 kB
dist/assets/index-DDIak4S6.js                                                                       4.56 kB
dist/assets/pick-up-terminal-BxUPSy05.js                                                            4.56 kB
dist/assets/handleDetail-pi3O0wJZ.js                                                                4.56 kB
dist/assets/color-y1Sshoou.js                                                                       4.58 kB
dist/assets/editAttachmentDialog-DPEzyxa0.js                                                        4.58 kB
dist/assets/index-DLGJxJuv.js                                                                       4.63 kB
dist/assets/handleDetail-B6ys05sU.js                                                                4.65 kB
dist/assets/SettlementInfo-Diyo2jbU.js                                                              4.66 kB
dist/assets/customs-clearance-CNV7qk1Z.js                                                           4.69 kB
dist/assets/index-8Z1fOr_H.js                                                                       4.71 kB
dist/assets/handleDetail-D-_j7aFz.js                                                                4.74 kB
dist/assets/pier-detail-DzGQY2cT.js                                                                 4.74 kB
dist/assets/index-DC3-i_xJ.js                                                                       4.77 kB
dist/assets/uploadInfo-D3seh6oJ.js                                                                  4.81 kB
dist/assets/index-D9feyCMP.js                                                                       4.84 kB
dist/assets/index-BeLf_uNj.js                                                                       4.85 kB
dist/assets/login-BwLjKUXs.js                                                                       4.88 kB
dist/assets/news-set-CqbNwLFs.js                                                                    4.88 kB
dist/assets/index-pY69nZUL.js                                                                       5.00 kB
dist/assets/settlement-info-Dw8pxhTt.js                                                             5.04 kB
dist/assets/receipt-payment-Bm8z1LAG.js                                                             5.05 kB
dist/assets/index-BOjFtbG9.js                                                                       5.05 kB
dist/assets/index-BETW5c-v.js                                                                       5.09 kB
dist/assets/index-CEMvcnKU.js                                                                       5.09 kB
dist/assets/TrackNode-uzaZ1DCJ.js                                                                   5.14 kB
dist/assets/index-Ba-h2B3U.js                                                                       5.16 kB
dist/assets/BillingSubjectForm-CXK1DCXI.js                                                          5.22 kB
dist/assets/DomesticOrderList.vue_vue_type_script_setup_true_lang-T7P6UYVl.js                       5.28 kB
dist/assets/index-DM4Kz2b7.js                                                                       5.29 kB
dist/assets/handleDetail-0eck9YR_.js                                                                5.30 kB
dist/assets/index-BYmA_Zmb.js                                                                       5.32 kB
dist/assets/warehouse-dKnTR3l4.js                                                                   5.36 kB
dist/assets/index-CEy8f5Eg.js                                                                       5.37 kB
dist/assets/handleDetail-n4x7CAz7.js                                                                5.42 kB
dist/assets/handleDetail-xnApgbK7.js                                                                5.44 kB
dist/assets/index-G9orSEoO.js                                                                       5.46 kB
dist/assets/SpecialNode-DBpCmmAr.js                                                                 5.50 kB
dist/assets/index-DwD3NtuR.js                                                                       5.53 kB
dist/assets/index-5aJJ_alF.js                                                                       5.55 kB
dist/assets/index-BFTrg16d.js                                                                       5.63 kB
dist/assets/ocean-freight-C0a0OBfz.js                                                               5.72 kB
dist/assets/handleDetail-DpLaiS7Z.js                                                                5.72 kB
dist/assets/DomesticOrderList.vue_vue_type_script_setup_true_lang-BA2bfkCm.js                       5.73 kB
dist/assets/WorkbenchWarningList-B1ZEoHAW.js                                                        5.73 kB
dist/assets/index-DSGpPbHz.js                                                                       5.80 kB
dist/assets/handleDetail-2t8HRQS8.js                                                                5.84 kB
dist/assets/index-nLbXRpK2.js                                                                       5.87 kB
dist/assets/direct-yard-BLIJKd2Q.js                                                                 5.91 kB
dist/assets/index-D91aayDk.js                                                                       5.96 kB
dist/assets/index-C6bSpnhi.js                                                                       6.03 kB
dist/assets/handleDetail-C0QYFGLd.js                                                                6.04 kB
dist/assets/handleDetail-Dom6d8tW.js                                                                6.06 kB
dist/assets/handleDetail-_3DCGlZy.js                                                                6.07 kB
dist/assets/index-klRxZmze.js                                                                       6.10 kB
dist/assets/index-DXXzMkAE.js                                                                       6.19 kB
dist/assets/index-DOsi_-09.js                                                                       6.20 kB
dist/assets/index-CSFzfiDL.js                                                                       6.23 kB
dist/assets/editTable-BzoqJysI.js                                                                   6.26 kB
dist/assets/index-_yIORG1X.js                                                                       6.27 kB
dist/assets/index-7bOT1s6u.js                                                                       6.28 kB
dist/assets/handleDetail-qAtVHdkK.js                                                                6.31 kB
dist/assets/index-DbvKOiso.js                                                                       6.31 kB
dist/assets/overViewDrawer-CMhWIXzQ.js                                                              6.34 kB
dist/assets/inspection-info-B_OXDVBY.js                                                             6.43 kB
dist/assets/index-hgdI-rvP.js                                                                       6.48 kB
dist/assets/index-COHV5-0c.js                                                                       6.54 kB
dist/assets/handleDetail-D3pgWqd0.js                                                                6.66 kB
dist/assets/index-D6ZXXu1e.js                                                                       6.68 kB
dist/assets/index-CWq0geCq.js                                                                       6.69 kB
dist/assets/product-DoDSb2qc.js                                                                     6.71 kB
dist/assets/handleDetail.vue_vue_type_script_setup_true_lang-CknmKkbT.js                            6.73 kB
dist/assets/handleDetail-D-qunPEf.js                                                                6.77 kB
dist/assets/handleDetail-O2klUr07.js                                                                6.80 kB
dist/assets/yard-detail-DevHMA5V.js                                                                 7.01 kB
dist/assets/index.vue_vue_type_style_index_0_lang-DrfIK6sY.js                                       7.21 kB
dist/assets/index-DYmCntfX.js                                                                       7.28 kB
dist/assets/SalesGoodsSection-CMVbpztL.js                                                           7.36 kB
dist/assets/log-DPl6Q4iW.js                                                                         7.36 kB
dist/assets/handleDetail-pDtrHEcN.js                                                                7.50 kB
dist/assets/handleDetail-C_8MEgKh.js                                                                7.59 kB
dist/assets/handleDetail.vue_vue_type_script_setup_true_lang-BRGcy5OP.js                            7.61 kB
dist/assets/PurchaseGoodsSection-0qwBoyVa.js                                                        7.64 kB
dist/assets/handleDetail-Bw2pnuf2.js                                                                7.72 kB
dist/assets/index-D8grxhV0.js                                                                       7.84 kB
dist/assets/handleDetail.vue_vue_type_script_setup_true_lang-C1pJvEjT.js                            7.85 kB
dist/assets/WorkbenchContractNodes-D_YpbM3M.js                                                      8.08 kB
dist/assets/index-BxyDoR0q.js                                                                       8.14 kB
dist/assets/WorkbenchGuide-Svxd-7td.js                                                              8.21 kB
dist/assets/genInfoForm.vue_vue_type_script_setup_true_lang-C6zJx2Ji.js                             8.25 kB
dist/assets/handleDetail.vue_vue_type_script_setup_true_lang-0OnfRXYt.js                            8.26 kB
dist/assets/handleDetail-D6cERU_Z.js                                                                8.26 kB
dist/assets/handleDetail-CGBPf6fb.js                                                                8.38 kB
dist/assets/handleDetail-BoVgGVeA.js                                                                8.71 kB
dist/assets/index-CsJGKkUW.js                                                                       8.78 kB
dist/assets/pricingBasis-ChAEgWgs.js                                                                8.84 kB
dist/assets/handleDetail-DFWhRvn-.js                                                                8.97 kB
dist/assets/handleDetail-C3Mmo7Nx.js                                                                9.06 kB
dist/assets/handleDetail-DJ1equ0l.js                                                                9.15 kB
dist/assets/index-BvLRXlxA.js                                                                       9.24 kB
dist/assets/data-D3Y-mGcX.js                                                                        9.28 kB
dist/assets/handleDetail-jAY5POlY.js                                                                9.55 kB
dist/assets/handleDetail-BbSJsCsH.js                                                                9.80 kB
dist/assets/handleDetail-DH6vmWyX.js                                                               10.10 kB
dist/assets/index-yeXWOXR0.js                                                                      10.20 kB
dist/assets/pier-replenish-Be26HQWR.js                                                             10.47 kB
dist/assets/handleDetail-CS9PNfwm.js                                                               10.53 kB
dist/assets/handleDetail-ETLn8Lbs.js                                                               11.17 kB
dist/assets/WorkbenchArrivalChart-H02GYqJO.js                                                      11.30 kB
dist/assets/handleDetail-CJAEQXoY.js                                                               11.39 kB
dist/assets/handleDetail-CAisPt_u.js                                                               11.51 kB
dist/assets/CustomsInfo-DIlq_Mrd.js                                                                11.92 kB
dist/assets/index-HoU4-6ie.js                                                                      12.01 kB
dist/assets/handleDetail-BAzdxoFt.js                                                               12.42 kB
dist/assets/handleDetail.vue_vue_type_script_setup_true_lang-qfcW6eOZ.js                           12.75 kB
dist/assets/pier-add-DtQ0eTFE.js                                                                   12.97 kB
dist/assets/handleDetail-BsSMzJDi.js                                                               13.29 kB
dist/assets/index-NI8GwSQX.js                                                                      13.40 kB
dist/assets/handleDetail-shNzRlag.js                                                               13.46 kB
dist/assets/import-data-dialog-e493YbbV.js                                                         13.59 kB
dist/assets/BillBasicInfo-Bhhnnlyl.js                                                              13.67 kB
dist/assets/handleDetail-BN_ZsZ2K.js                                                               13.99 kB
dist/assets/index-BIZJ2jCn.js                                                                      14.26 kB
dist/assets/yard-replenish-BClquc8d.js                                                             14.74 kB
dist/assets/index-BOp_5JtJ.js                                                                      14.83 kB
dist/assets/handleDetail.vue_vue_type_script_setup_true_lang-D_izZ7Iw.js                           14.85 kB
dist/assets/SeaInfo-CuFtgLBR.js                                                                    15.33 kB
dist/assets/yard-add-DFdRbdBa.js                                                                   16.53 kB
dist/assets/handleDetail-BQEYJMMG.js                                                               17.00 kB
dist/assets/handleDetail-CtjN7u9K.js                                                               17.00 kB
dist/assets/handleDetail-DtjzSp1Z.js                                                               17.60 kB
dist/assets/InspectionInfo-CsQnnUWU.js                                                             19.57 kB
dist/assets/CargoInfo-Dmpexl4C.js                                                                  19.59 kB
dist/assets/SimpleTrack-CmGz9DB5.js                                                                20.50 kB
dist/assets/handleDetail-CBEf1SS-.js                                                               25.51 kB
dist/assets/historyRateDialog-Cse9Dx0e.js                                                          33.70 kB
dist/assets/ShipDetailModal-DhT1YREa.js                                                            33.81 kB
dist/assets/ContainerDynamicDialog-DG2nd9-W.js                                                     35.39 kB
dist/assets/handleDetail-CCJpJex3.js                                                               35.86 kB
dist/assets/index.vue_vue_type_script_setup_true_lang-B6lhVROd.js                                  43.08 kB
dist/assets/handleDetail-B2iD4607.js                                                               45.54 kB
dist/assets/index-KVapLXqC.js                                                                      46.69 kB
dist/assets/steps03-iTwJlKtO.js                                                                    49.66 kB
dist/assets/index-DqEN_IAZ.js                                                                      51.35 kB
dist/assets/overViewDrawer-CRVCHPmD.js                                                             61.96 kB
dist/assets/handleDetail-64H-sO1B.js                                                               64.43 kB
dist/assets/vendor-vue-DSno0Rau.js                                                                 96.21 kB
dist/assets/vendor-utils-Bw2lpJKG.js                                                              128.31 kB
dist/assets/404-DRSVqf_X.js                                                                       177.03 kB
dist/assets/index-RC-SL9tP.js                                                                     452.92 kB
dist/assets/vendor-editor-Co1DeMar.js                                                             807.37 kB
dist/assets/vendor-l7-C0m8VT8Y.js                                                                 821.96 kB
dist/assets/vendor-D9iXWu1D.js                                                                    930.41 kB
dist/assets/vendor-element-CWb_CWmJ.js                                                            970.48 kB
dist/assets/vendor-echarts-BDA31Hqk.js                                                          1,026.87 kB
✓ built in 2m 30s

✨ [vite-plugin-compression]:algorithm=gzip - compressed file successfully: 
dist//pgdata/pg/dh/minerals-frontend/assets/404-DRSVqf_X.js.gz                                                173.26kb / gzip: 11.33kb
dist//pgdata/pg/dh/minerals-frontend/assets/CustomsInfo-DIlq_Mrd.js.gz                                        12.36kb / gzip: 4.26kb
dist//pgdata/pg/dh/minerals-frontend/assets/InspectionInfo-CsQnnUWU.js.gz                                     19.93kb / gzip: 5.65kb
dist//pgdata/pg/dh/minerals-frontend/assets/SeaInfo-CuFtgLBR.js.gz                                            15.73kb / gzip: 5.24kb
dist//pgdata/pg/dh/minerals-frontend/assets/SimpleTrack-CmGz9DB5.js.gz                                        20.06kb / gzip: 10.54kb
dist//pgdata/pg/dh/minerals-frontend/assets/handleDetail-BN_ZsZ2K.js.gz                                       14.22kb / gzip: 4.94kb
dist//pgdata/pg/dh/minerals-frontend/assets/handleDetail-B2iD4607.js.gz                                       46.42kb / gzip: 13.36kb
dist//pgdata/pg/dh/minerals-frontend/assets/BillBasicInfo-Bhhnnlyl.js.gz                                      13.88kb / gzip: 4.08kb
dist//pgdata/pg/dh/minerals-frontend/assets/handleDetail-BAzdxoFt.js.gz                                       12.95kb / gzip: 4.36kb
dist//pgdata/pg/dh/minerals-frontend/assets/CargoInfo-Dmpexl4C.js.gz                                          19.98kb / gzip: 5.63kb
dist//pgdata/pg/dh/minerals-frontend/assets/WorkbenchArrivalChart-H02GYqJO.js.gz                              11.30kb / gzip: 6.33kb
dist//pgdata/pg/dh/minerals-frontend/assets/handleDetail-BsSMzJDi.js.gz                                       13.75kb / gzip: 3.96kb
dist//pgdata/pg/dh/minerals-frontend/assets/handleDetail-CJAEQXoY.js.gz                                       11.64kb / gzip: 3.84kb
dist//pgdata/pg/dh/minerals-frontend/assets/handleDetail-CCJpJex3.js.gz                                       35.69kb / gzip: 7.84kb
dist//pgdata/pg/dh/minerals-frontend/assets/handleDetail-CS9PNfwm.js.gz                                       10.70kb / gzip: 4.27kb
dist//pgdata/pg/dh/minerals-frontend/assets/handleDetail-CtjN7u9K.js.gz                                       17.59kb / gzip: 5.45kb
dist//pgdata/pg/dh/minerals-frontend/assets/handleDetail-BQEYJMMG.js.gz                                       17.40kb / gzip: 4.93kb
dist//pgdata/pg/dh/minerals-frontend/assets/handleDetail-DH6vmWyX.js.gz                                       10.31kb / gzip: 3.70kb
dist//pgdata/pg/dh/minerals-frontend/assets/handleDetail-CAisPt_u.js.gz                                       11.93kb / gzip: 3.43kb
dist//pgdata/pg/dh/minerals-frontend/assets/handleDetail-ETLn8Lbs.js.gz                                       11.32kb / gzip: 3.80kb
dist//pgdata/pg/dh/minerals-frontend/assets/handleDetail.vue_vue_type_script_setup_true_lang-qfcW6eOZ.js.gz   13.02kb / gzip: 3.60kb
dist//pgdata/pg/dh/minerals-frontend/assets/handleDetail-DtjzSp1Z.js.gz                                       18.01kb / gzip: 5.13kb
dist//pgdata/pg/dh/minerals-frontend/assets/handleDetail-CBEf1SS-.js.gz                                       26.18kb / gzip: 7.76kb
dist//pgdata/pg/dh/minerals-frontend/assets/handleDetail.vue_vue_type_script_setup_true_lang-D_izZ7Iw.js.gz   15.12kb / gzip: 4.10kb
dist//pgdata/pg/dh/minerals-frontend/assets/handleDetail-shNzRlag.js.gz                                       13.85kb / gzip: 4.41kb
dist//pgdata/pg/dh/minerals-frontend/assets/index-BOp_5JtJ.js.gz                                              15.28kb / gzip: 5.26kb
dist//pgdata/pg/dh/minerals-frontend/assets/index-BsX-IhUX.css.gz                                             19.17kb / gzip: 4.02kb
dist//pgdata/pg/dh/minerals-frontend/assets/index-BDp2rlQj.css.gz                                             53.89kb / gzip: 10.48kb
dist//pgdata/pg/dh/minerals-frontend/assets/import-data-dialog-e493YbbV.js.gz                                 13.87kb / gzip: 6.55kb
dist//pgdata/pg/dh/minerals-frontend/assets/index-HoU4-6ie.js.gz                                              12.25kb / gzip: 5.96kb
dist//pgdata/pg/dh/minerals-frontend/assets/index-BIZJ2jCn.js.gz                                              14.40kb / gzip: 4.89kb
dist//pgdata/pg/dh/minerals-frontend/assets/index-yeXWOXR0.js.gz                                              10.20kb / gzip: 6.35kb
dist//pgdata/pg/dh/minerals-frontend/assets/index-KVapLXqC.js.gz                                              47.02kb / gzip: 10.47kb
dist//pgdata/pg/dh/minerals-frontend/assets/overViewDrawer-BQko83fk.css.gz                                    17.01kb / gzip: 3.11kb
dist//pgdata/pg/dh/minerals-frontend/assets/index-NI8GwSQX.js.gz                                              13.90kb / gzip: 5.24kb
dist//pgdata/pg/dh/minerals-frontend/assets/pier-add-DtQ0eTFE.js.gz                                           13.46kb / gzip: 4.55kb
dist//pgdata/pg/dh/minerals-frontend/assets/index.vue_vue_type_script_setup_true_lang-B6lhVROd.js.gz          44.05kb / gzip: 9.80kb
dist//pgdata/pg/dh/minerals-frontend/assets/pier-replenish-Be26HQWR.js.gz                                     10.98kb / gzip: 4.05kb
dist//pgdata/pg/dh/minerals-frontend/assets/vendor-editor-CpCzGeOH.css.gz                                     14.46kb / gzip: 2.76kb
dist//pgdata/pg/dh/minerals-frontend/assets/steps03-iTwJlKtO.js.gz                                            48.49kb / gzip: 9.15kb
dist//pgdata/pg/dh/minerals-frontend/assets/yard-add-DFdRbdBa.js.gz                                           17.13kb / gzip: 5.36kb
dist//pgdata/pg/dh/minerals-frontend/assets/yard-replenish-BClquc8d.js.gz                                     15.47kb / gzip: 5.13kb
dist//pgdata/pg/dh/minerals-frontend/assets/ContainerDynamicDialog-DG2nd9-W.js.gz                             34.94kb / gzip: 22.61kb
dist//pgdata/pg/dh/minerals-frontend/assets/ShipDetailModal-DhT1YREa.js.gz                                    33.28kb / gzip: 19.88kb
dist//pgdata/pg/dh/minerals-frontend/assets/handleDetail-64H-sO1B.js.gz                                       66.09kb / gzip: 17.86kb
dist//pgdata/pg/dh/minerals-frontend/assets/index-DqEN_IAZ.js.gz                                              50.68kb / gzip: 23.55kb
dist//pgdata/pg/dh/minerals-frontend/assets/historyRateDialog-Cse9Dx0e.js.gz                                  32.97kb / gzip: 22.93kb
dist//pgdata/pg/dh/minerals-frontend/assets/overViewDrawer-CRVCHPmD.js.gz                                     61.29kb / gzip: 30.23kb
dist//pgdata/pg/dh/minerals-frontend/assets/vendor-vue-DSno0Rau.js.gz                                         93.96kb / gzip: 37.24kb
dist//pgdata/pg/dh/minerals-frontend/assets/vendor-utils-Bw2lpJKG.js.gz                                       125.49kb / gzip: 46.10kb
dist//pgdata/pg/dh/minerals-frontend/assets/vendor-element-5_QS-GLn.css.gz                                    352.63kb / gzip: 46.56kb
dist//pgdata/pg/dh/minerals-frontend/assets/index-RC-SL9tP.js.gz                                              447.02kb / gzip: 152.11kb
dist//pgdata/pg/dh/minerals-frontend/data/world.json.gz                                                       395.63kb / gzip: 147.73kb
dist//pgdata/pg/dh/minerals-frontend/assets/vendor-l7-C0m8VT8Y.js.gz                                          808.13kb / gzip: 203.80kb
dist//pgdata/pg/dh/minerals-frontend/assets/vendor-editor-Co1DeMar.js.gz                                      789.84kb / gzip: 274.61kb
dist//pgdata/pg/dh/minerals-frontend/assets/vendor-element-CWb_CWmJ.js.gz                                     948.76kb / gzip: 293.54kb
dist//pgdata/pg/dh/minerals-frontend/assets/vendor-D9iXWu1D.js.gz                                             908.63kb / gzip: 264.73kb
dist//pgdata/pg/dh/minerals-frontend/assets/vendor-echarts-BDA31Hqk.js.gz                                     1003.45kb / gzip: 331.56kb


