
> ruoyi@3.6.4 build
> cross-env NODE_OPTIONS=--max-old-space-size=3072 vite build

vite v5.0.4 building for production...
transforming...
DEPRECATION WARNING: Using / for division outside of calc() is deprecated and will be removed in Dart Sass 2.0.0.

Recommendation: math.div($col-width - 10px, 2) or calc(($col-width - 10px) / 2)

More info and automated migrator: https://sass-lang.com/d/slash-div

    ╷
122 │   padding-left: ($col-width - 10px) / 2;
    │                 ^^^^^^^^^^^^^^^^^^^^^^^
    ╵
    src/views/workbench/vessel-tracking/components/ShipTrack/SimpleTrack.vue 122:17  root stylesheet

[1m[33m[@vue/compiler-sfc][0m[33m :deep usage as a combinator has been deprecated. Use :deep(<inner-selector>) instead of :deep <inner-selector>.[0m

[plugin:vite:esbuild] [plugin vite:esbuild] src/views/system/role/index.vue?vue&type=script&setup=true&name=Role&lang.ts: The following expression is not returned because of an automatically-inserted semicolon
272|      query: { id: row.roleId }
273|    })
274|    return
   |          ^
275|    reset()
276|    const roleId = row.roleId || ids.value

[plugin:vite:esbuild] [plugin vite:esbuild] src/views/system/user/index.vue?vue&type=script&setup=true&name=User&lang.ts: The following expression is not returned because of an automatically-inserted semicolon
326|  function handleAdd() {
327|    router.push({ path: '/system/user/add' })
328|    return
   |          ^
329|    reset()
330|    getUser().then(response => {

[plugin:vite:esbuild] [plugin vite:esbuild] src/views/system/user/index.vue?vue&type=script&setup=true&name=User&lang.ts: The following expression is not returned because of an automatically-inserted semicolon
345|      query: { id: row.userId }
346|    })
347|    return
   |          ^
348|    reset()
349|    const userId = row.userId || ids.value

[plugin:vite:esbuild] [plugin vite:esbuild] src/views/system/dept/index.vue?vue&type=script&setup=true&name=Dept&lang.ts: The following expression is not returned because of an automatically-inserted semicolon
123|  function handleAdd(row) {
124|    router.push({ path: '/system/dept/add', query: { parentId: row.deptId } })
125|    return
   |          ^
126|    reset()
127|    listDept().then(response => {

[plugin:vite:esbuild] [plugin vite:esbuild] src/views/system/dept/index.vue?vue&type=script&setup=true&name=Dept&lang.ts: The following expression is not returned because of an automatically-inserted semicolon
151|      query: { id: row.deptId }
152|    })
153|    return
   |          ^
154|    reset()
155|    listDeptExcludeChild(row.deptId).then(response => {

[plugin:vite:esbuild] [plugin vite:esbuild] src/views/goods-library/category/index.vue?vue&type=script&setup=true&name=Category&lang.ts: The following expression is not returned because of an automatically-inserted semicolon
144|      query: { parentId: row.id }
145|    })
146|    return
   |          ^
147|    reset()
148|    selectedData.value = []

[plugin:vite:esbuild] [plugin vite:esbuild] src/views/goods-library/category/index.vue?vue&type=script&setup=true&name=Category&lang.ts: The following expression is not returned because of an automatically-inserted semicolon
172|      query: { id: row.id }
173|    })
174|    return
   |          ^
175|    reset()
176|  

✓ 4686 modules transformed.
Circular chunk: vendor-element -> vendor-utils -> vendor-element. Please adjust the manual chunk logic for these chunks.
Circular chunk: vendor-element -> vendor -> vendor-element. Please adjust the manual chunk logic for these chunks.
node_modules/lottie-web/build/player/lottie.js (17010:32): Use of eval in "node_modules/lottie-web/build/player/lottie.js" is strongly discouraged as it poses security risks and may cause issues with minification.
rendering chunks...
dist/index.html                                                                                     2.73 kB
dist/assets/node-status-04-arrive-DIUTbzSh.svg                                                      4.20 kB
dist/assets/node-status-04-0_jlISF4.svg                                                             4.21 kB
dist/assets/ccyf-1-gXi7gBw2.svg                                                                     4.58 kB
dist/assets/sxgl-1-BxXZ6mT_.svg                                                                     4.73 kB
dist/assets/node-status-05-arrive-Cbf-LAQm.svg                                                      5.04 kB
dist/assets/node-status-05-ClBpergX.svg                                                             5.04 kB
dist/assets/ai-send-Brxzq_Z-.png                                                                    5.31 kB
dist/assets/huowu-FPPeLCw-.png                                                                      6.89 kB
dist/assets/daiban-Cdf0IoIb.png                                                                     6.94 kB
dist/assets/huowu_checked-Dun4JFpN.png                                                              7.22 kB
dist/assets/daiban_checked--GFLrXoo.png                                                             7.27 kB
dist/assets/yujing-C9lxRbf2.png                                                                     7.29 kB
dist/assets/zijin-MF8VAKrA.png                                                                      7.30 kB
dist/assets/zijin_checked-DSsTtCWG.png                                                              7.63 kB
dist/assets/yujing_checked-C64swqIh.png                                                             7.63 kB
dist/assets/upload-icon-ai01-LSiXKG8h.png                                                           7.70 kB
dist/assets/footer-D9T2uIt8.png                                                                     9.47 kB
dist/assets/home-logo-DyADt_Kd.png                                                                 10.34 kB
dist/assets/shrink_screen-D5N4SkXH.png                                                             11.46 kB
dist/assets/full_screen-DM45HkSA.png                                                               11.49 kB
dist/assets/right_open-M8zWF4Sd.png                                                                12.55 kB
dist/assets/search_icon-BY_YEt4j.png                                                               12.81 kB
dist/assets/ai-title-BFwxJsVc.png                                                                  13.90 kB
dist/assets/login-logo-i9mZfEIM.png                                                                15.13 kB
dist/assets/workbench-icon07-rhmsDEDK.png                                                          18.92 kB
dist/assets/total-icon-1-1EVbkxxD.png                                                              23.65 kB
dist/assets/total-icon-3-CC_poT1y.png                                                              25.02 kB
dist/assets/total-icon-2-0twGJkNq.png                                                              25.14 kB
dist/assets/ai-logo-_iLaZkrd.svg                                                                   26.59 kB
dist/assets/Rectangle-DT0I-AWE.png                                                                 26.86 kB
dist/assets/ai-icon03-SuwmYYlp.png                                                                 27.02 kB
dist/assets/ljzl-CxwV0Ja0.png                                                                      28.64 kB
dist/assets/pjdj-OMQfUA1F.png                                                                      28.73 kB
dist/assets/ljje-pLycd_Q5.png                                                                      30.49 kB
dist/assets/no_data-BodihGeq.png                                                                   38.13 kB
dist/assets/ai-icon02-HsjwsWD8.png                                                                 39.63 kB
dist/assets/zk-logo-BttDFYYy.png                                                                   63.84 kB
dist/assets/weapp_qrcode-DyxlQdkR.jpg                                                              78.17 kB
dist/assets/profile-DruvkrZU.jpg                                                                   81.13 kB
dist/assets/401-HGF6Q5qM.gif                                                                      164.23 kB
dist/assets/header-do_vdGYj.png                                                                   283.86 kB
dist/assets/noData-BkfUfgkE.png                                                                   436.72 kB
dist/assets/login-background-Dyj5WnPe.png                                                       4,546.24 kB
dist/assets/gif-ai-B3kz4Zym.webm                                                                7,184.33 kB
dist/assets/ai-icon03-Dom6HMWn.gif                                                              8,531.19 kB
dist/assets/index-B33pvwdp.css                                                                      0.04 kB
dist/assets/index-CF7i8XdF.css                                                                      0.04 kB
dist/assets/data-DVXS5Cv_.css                                                                       0.05 kB
dist/assets/detail-D_YJ50WC.css                                                                     0.05 kB
dist/assets/BillingSubjectForm-BhQr4L6i.css                                                         0.05 kB
dist/assets/handleDetail-D2FmHqs_.css                                                               0.05 kB
dist/assets/handleDetail-CE7vZhVS.css                                                               0.05 kB
dist/assets/editAttachmentDialog-DKlngSRI.css                                                       0.05 kB
dist/assets/handleDetail-D8qqutdS.css                                                               0.05 kB
dist/assets/handleDetail-BDjMoEQ1.css                                                               0.05 kB
dist/assets/handleDetail-Ch0RQo3Y.css                                                               0.05 kB
dist/assets/handleDetail-DVOIa6CM.css                                                               0.05 kB
dist/assets/handleDetail-B-Ou6Eag.css                                                               0.05 kB
dist/assets/pier-add-BhC3cMb4.css                                                                   0.05 kB
dist/assets/pier-detail-RSpcpCwo.css                                                                0.05 kB
dist/assets/yard-detail-0GML_kmt.css                                                                0.05 kB
dist/assets/index-EIBUHmnx.css                                                                      0.05 kB
dist/assets/handleDetail-DYMzFM-5.css                                                               0.06 kB
dist/assets/handleDetail-G-4dDwuK.css                                                               0.07 kB
dist/assets/index-DAhPelHV.css                                                                      0.08 kB
dist/assets/index-Dl9X3mtD.css                                                                      0.08 kB
dist/assets/yard-add-BSde4cWl.css                                                                   0.10 kB
dist/assets/index-DPMgyohT.css                                                                      0.10 kB
dist/assets/handleDetail-9ALuvAXt.css                                                               0.10 kB
dist/assets/customs-clearance-BErv_Tm_.css                                                          0.11 kB
dist/assets/handleDetail-B3zFG6f4.css                                                               0.11 kB
dist/assets/handleDetail-Ch6-nXwk.css                                                               0.13 kB
dist/assets/direct-yard-Dw_FCeAQ.css                                                                0.14 kB
dist/assets/index-BjpYbwMF.css                                                                      0.14 kB
dist/assets/index-D_9yd8wy.css                                                                      0.17 kB
dist/assets/warehouse-WMd-822k.css                                                                  0.18 kB
dist/assets/index-C1JxB2Wq.css                                                                      0.19 kB
dist/assets/index-r4gYbZH-.css                                                                      0.19 kB
dist/assets/index-CdhIpCxk.css                                                                      0.19 kB
dist/assets/handleDetail-DnTbhUvs.css                                                               0.19 kB
dist/assets/handleDetail-3-MUjZ95.css                                                               0.19 kB
dist/assets/handleDetail-94vOenFO.css                                                               0.19 kB
dist/assets/handleDetail-Bv2Yh05L.css                                                               0.19 kB
dist/assets/handleDetail-CWIGVg2-.css                                                               0.19 kB
dist/assets/handleDetail-DA-MvETJ.css                                                               0.19 kB
dist/assets/handleDetail-bou6UVBg.css                                                               0.19 kB
dist/assets/index-EGjqm05P.css                                                                      0.21 kB
dist/assets/index-D1D7rdXB.css                                                                      0.21 kB
dist/assets/pick-up-terminal-DQV6iOrS.css                                                           0.21 kB
dist/assets/handleDetail-Bmbc2tNQ.css                                                               0.21 kB
dist/assets/handleDetail-Dv9_LFYQ.css                                                               0.22 kB
dist/assets/handleDetail-DraDTJSR.css                                                               0.22 kB
dist/assets/handleDetail-Cj0yreT5.css                                                               0.22 kB
dist/assets/SalesGoodsSection-BQEVesco.css                                                          0.24 kB
dist/assets/handleDetail-Bg18LPh7.css                                                               0.26 kB
dist/assets/index-mHC4WSEd.css                                                                      0.29 kB
dist/assets/orderList-Bwp3oN6q.css                                                                  0.29 kB
dist/assets/index-Bui0r1sk.css                                                                      0.29 kB
dist/assets/bankInfoList-C2RO1IC3.css                                                               0.29 kB
dist/assets/purOrderList-C-Was7w2.css                                                               0.29 kB
dist/assets/storageStage1-Dy4EjeqR.css                                                              0.29 kB
dist/assets/storageStage2-C6ry2BAw.css                                                              0.29 kB
dist/assets/storageStage3-fPJDXeAd.css                                                              0.29 kB
dist/assets/index-i3YPiFmh.css                                                                      0.29 kB
dist/assets/bankInfoList-BfERrrv8.css                                                               0.29 kB
dist/assets/index-BLhQhs9X.css                                                                      0.29 kB
dist/assets/index-BTSGFFmO.css                                                                      0.29 kB
dist/assets/index-BO7kywZf.css                                                                      0.29 kB
dist/assets/index-BK_4WP4z.css                                                                      0.29 kB
dist/assets/index-BfRP-gJ3.css                                                                      0.29 kB
dist/assets/index-DYKex7Fo.css                                                                      0.29 kB
dist/assets/purOrderList-06RM4hnA.css                                                               0.29 kB
dist/assets/index-C2Ew4GQN.css                                                                      0.29 kB
dist/assets/bankInfoList-DB0z3ah7.css                                                               0.29 kB
dist/assets/storageStage1-DG5Ooix0.css                                                              0.29 kB
dist/assets/storageStage2-CJn7CfKC.css                                                              0.29 kB
dist/assets/storageStage3-43mNAFVH.css                                                              0.29 kB
dist/assets/index-CYu45gZg.css                                                                      0.29 kB
dist/assets/bankInfoList-BgrS76im.css                                                               0.29 kB
dist/assets/handleDetail-C2UX7fJ2.css                                                               0.30 kB
dist/assets/PurchaseGoodsSection-C_nEd07p.css                                                       0.31 kB
dist/assets/SettlementInfo-CVOD2lBV.css                                                             0.33 kB
dist/assets/handleDetail-DZthC9NE.css                                                               0.33 kB
dist/assets/handleDetail-BnluKT7D.css                                                               0.35 kB
dist/assets/handleDetail-CBoUAvPz.css                                                               0.36 kB
dist/assets/handleDetail-Duptgk1g.css                                                               0.36 kB
dist/assets/pricingBasis-B1YhjB2W.css                                                               0.36 kB
dist/assets/handleDetail-kN5SpauY.css                                                               0.36 kB
dist/assets/userAvatar-C2lWUHJw.css                                                                 0.38 kB
dist/assets/handleDetail-_Db-VIwN.css                                                               0.38 kB
dist/assets/index-B8-qmob7.css                                                                      0.39 kB
dist/assets/index-CQVPJC0q.css                                                                      0.41 kB
dist/assets/index-CFITkCwV.css                                                                      0.41 kB
dist/assets/index-xYIfEl_P.css                                                                      0.41 kB
dist/assets/historyRateDialog-D2QyCAxI.css                                                          0.41 kB
dist/assets/index-CXGgQX-X.css                                                                      0.41 kB
dist/assets/qualitySettlement-DCKKjiiA.css                                                          0.42 kB
dist/assets/handleDetail-DNwpDVA9.css                                                               0.42 kB
dist/assets/detail-CJfd2CDf.css                                                                     0.43 kB
dist/assets/OrderAttachmentSection-B-TsU9Yx.css                                                     0.47 kB
dist/assets/index-ChAMbhKz.css                                                                      0.53 kB
dist/assets/index-DHCxIbiW.css                                                                      0.53 kB
dist/assets/detail-DRxrslJC.css                                                                     0.53 kB
dist/assets/handleDetail-CvhRrbBs.css                                                               0.64 kB
dist/assets/handleDetail-Dk4iTu6b.css                                                               0.67 kB
dist/assets/handleDetail-C8aIPdy9.css                                                               0.67 kB
dist/assets/BillBasicInfo-sFdkyZk8.css                                                              0.70 kB
dist/assets/inspection-info-CRnGvhl9.css                                                            0.71 kB
dist/assets/ocean-freight-CDtZk0Bx.css                                                              0.71 kB
dist/assets/receipt-payment-CNkNapp-.css                                                            0.71 kB
dist/assets/settlement-info-Bt0sBmSw.css                                                            0.71 kB
dist/assets/401-DTcjfNVL.css                                                                        0.75 kB
dist/assets/index-pw770lNe.css                                                                      0.75 kB
dist/assets/handleDetail-777ilspl.css                                                               0.80 kB
dist/assets/CargoInfo-B2B7XxIO.css                                                                  0.80 kB
dist/assets/InspectionInfo-CnTzvELo.css                                                             0.81 kB
dist/assets/index-BfE3jXvW.css                                                                      0.91 kB
dist/assets/register-C0xLBvdi.css                                                                   1.00 kB
dist/assets/detail-B9X-38hK.css                                                                     1.02 kB
dist/assets/CustomsInfo-BqDKvZ5z.css                                                                1.05 kB
dist/assets/handleDetail-EbE0MBXh.css                                                               1.07 kB
dist/assets/handleDetail-D_s3qqmy.css                                                               1.08 kB
dist/assets/vendor-BUMXTAWU.css                                                                     1.09 kB
dist/assets/OrderAttachmentSection-BpZKaYZX.css                                                     1.20 kB
dist/assets/handleDetail-DmFc2Tsc.css                                                               1.21 kB
dist/assets/index-B1uIKnJM.css                                                                      1.24 kB
dist/assets/WorkbenchSummaryCards-CpQ6OmKp.css                                                      1.26 kB
dist/assets/WorkbenchArrivalChart-ADTc3ZIv.css                                                      1.35 kB
dist/assets/pier-replenish-CPw3bYOk.css                                                             1.43 kB
dist/assets/yard-replenish-HgTdbQFO.css                                                             1.43 kB
dist/assets/index-BMzJUbcQ.css                                                                      1.45 kB
dist/assets/index-BlQV4FTv.css                                                                      1.51 kB
dist/assets/handleDetail-BJaK_NHT.css                                                               1.58 kB
dist/assets/handleDetail-CDruWDWy.css                                                               1.76 kB
dist/assets/handleDetail-c6VhkaEA.css                                                               1.90 kB
dist/assets/SeaInfo-BzPESkFz.css                                                                    2.06 kB
dist/assets/404-Dg6J1wpR.css                                                                        2.09 kB
dist/assets/styles-BBOkRdF-.css                                                                     2.49 kB
dist/assets/index-BvDJk9nA.css                                                                      2.53 kB
dist/assets/index-DYo8Q6qH.css                                                                      2.61 kB
dist/assets/handleDetail-DhQliFsw.css                                                               2.66 kB
dist/assets/index-6F-R9Htn.css                                                                      2.71 kB
dist/assets/SimpleTrack-BEovI6p5.css                                                                2.99 kB
dist/assets/vendor-cropper-Ci3yF-GX.css                                                             3.19 kB
dist/assets/index-CkWTMgxs.css                                                                      3.30 kB
dist/assets/TrackNode-Bl2y2dIz.css                                                                  3.32 kB
dist/assets/SpecialNode-D8xgiHA2.css                                                                3.41 kB
dist/assets/ShipDetailModal-BupjS4Gz.css                                                            3.42 kB
dist/assets/index-CLlY-yUV.css                                                                      3.62 kB
dist/assets/index-CefYgPX2.css                                                                      4.03 kB
dist/assets/import-data-dialog-BcROIqKe.css                                                         4.16 kB
dist/assets/overViewDrawer-COB3ljN-.css                                                             4.30 kB
dist/assets/login-Nas6oJQs.css                                                                      4.36 kB
dist/assets/WorkbenchWarningList-CRBZIjB9.css                                                       4.57 kB
dist/assets/WorkbenchContractNodes-BY03f3Q9.css                                                     4.85 kB
dist/assets/index-T1ewhuZT.css                                                                      5.36 kB
dist/assets/WorkbenchGuide-BFP7hvvP.css                                                             5.43 kB
dist/assets/handleDetail-C5xMdjyp.css                                                               5.72 kB
dist/assets/handleDetail-BAXz4rip.css                                                               5.81 kB
dist/assets/index-WflQuI8p.css                                                                      6.37 kB
dist/assets/ContainerDynamicDialog-B3X1-L4U.css                                                     6.46 kB
dist/assets/vendor-editor-CpCzGeOH.css                                                             14.81 kB
dist/assets/overViewDrawer-BQko83fk.css                                                            17.42 kB
dist/assets/index-BsX-IhUX.css                                                                     19.63 kB
dist/assets/index-D-BkZjmS.css                                                                     55.13 kB
dist/assets/vendor-element-5_QS-GLn.css                                                           361.09 kB
dist/assets/noData-BZiw4I47.js                                                                      0.05 kB
dist/assets/zk-logo-BZW7RDlZ.js                                                                     0.06 kB
dist/assets/ai-title-C2NhT0l4.js                                                                    0.06 kB
dist/assets/ccyf-1-mxsNGx6E.js                                                                      0.06 kB
dist/assets/sxgl-1-CbmZ99Hv.js                                                                      0.06 kB
dist/assets/formatters-B2g95Q5_.js                                                                  0.12 kB
dist/assets/basicInfoForm-DkpPVGaN.js                                                               0.14 kB
dist/assets/index-stBW4l5S.js                                                                       0.23 kB
dist/assets/bill-cost-BwTnwf3Y.js                                                                   0.24 kB
dist/assets/ledger-DAFJahfA.js                                                                      0.24 kB
dist/assets/index-B3URw0Xe.js                                                                       0.25 kB
dist/assets/weapp-Ce4_FiOi.js                                                                       0.25 kB
dist/assets/chart-BsLMrzXU.js                                                                       0.26 kB
dist/assets/icBaselineFestival-BVQvfex8.js                                                          0.28 kB
dist/assets/size-Cj9fB5Rp.js                                                                        0.29 kB
dist/assets/resetPwd-CzChi8bR.js                                                                    0.29 kB
dist/assets/userInfo-DMfC1aVR.js                                                                    0.29 kB
dist/assets/mdi--train-car-box-open-wpryxmnb.js                                                     0.29 kB
dist/assets/importTable-BmCGxXu5.js                                                                 0.29 kB
dist/assets/genInfoForm-D0k7-lfA.js                                                                 0.29 kB
dist/assets/mdi--garage-warning-CfBG63cA.js                                                         0.29 kB
dist/assets/mdi--train-car-box-full-CTB42oXf.js                                                     0.30 kB
dist/assets/detail.vue_vue_type_script_setup_true_name_Pledge-list_2Fdetail_lang-DIZATTze.js        0.31 kB
dist/assets/selectUser-BL1UtFiM.js                                                                  0.31 kB
dist/assets/detail.vue_vue_type_script_setup_true_name_Unpledge-list_2Fdetail_lang-LFe5THtx.js      0.31 kB
dist/assets/BankInfoForm-DIKpCs8m.js                                                                0.32 kB
dist/assets/handleDetail-BDK0jotO.js                                                                0.32 kB
dist/assets/lsicon--sales-return-outline-A0fkAem9.js                                                0.32 kB
dist/assets/handleDetail-BBiINp1c.js                                                                0.32 kB
dist/assets/handleDetail-De9GKvMD.js                                                                0.33 kB
dist/assets/lsicon--order-edit-outline-Bsv7dAyq.js                                                  0.33 kB
dist/assets/material-symbols--warehouse-outline-CYz2tBOM.js                                         0.33 kB
dist/assets/mdi--warehouse-jZjJknDt.js                                                              0.35 kB
dist/assets/product-DtekCWjt.js                                                                     0.35 kB
dist/assets/pick-up-goods-GQblmfEJ.js                                                               0.35 kB
dist/assets/index-DGYcW-Ok.js                                                                       0.35 kB
dist/assets/handleDetail-DqpQB5cq.js                                                                0.36 kB
dist/assets/DeliveryOrderForm-Cg8EBl2l.js                                                           0.36 kB
dist/assets/lsicon--goods-search-outline-DK8q9gJ_.js                                                0.36 kB
dist/assets/handleDetail-DcqN65iW.js                                                                0.36 kB
dist/assets/lets-icons--order-BR5QTHQL.js                                                           0.37 kB
dist/assets/add-BGq85KAu.js                                                                         0.37 kB
dist/assets/edit-DnQ1bKwP.js                                                                        0.37 kB
dist/assets/mdi--file-import-outline-DbbyQH17.js                                                    0.37 kB
dist/assets/detail-D_Y-xNcy.js                                                                      0.37 kB
dist/assets/icon-park-outline--payment-method-B-cCt_iC.js                                           0.38 kB
dist/assets/detail-TJvJQoHN.js                                                                      0.38 kB
dist/assets/link-C93f4PgI.js                                                                        0.38 kB
dist/assets/material-symbols--pip-exit-CPMbUefo.js                                                  0.38 kB
dist/assets/index-IE7YlkPv.js                                                                       0.38 kB
dist/assets/mdi--file-import-D0dhVNW-.js                                                            0.38 kB
dist/assets/material-symbols--pip-exit-outline-z7pD8Pb9.js                                          0.40 kB
dist/assets/add-BKu7NmFv.js                                                                         0.40 kB
dist/assets/add-xyxGWxIa.js                                                                         0.40 kB
dist/assets/edit-DxHxrOYU.js                                                                        0.40 kB
dist/assets/edit-Bhhmc0YO.js                                                                        0.40 kB
dist/assets/add-CdY0HvO6.js                                                                         0.40 kB
dist/assets/detail-CKFurpib.js                                                                      0.40 kB
dist/assets/detail-3gDQ0l95.js                                                                      0.40 kB
dist/assets/edit-CMvGXtbo.js                                                                        0.40 kB
dist/assets/maki--warehouse-7-npw6-m.js                                                             0.40 kB
dist/assets/detail-Bq52xiIW.js                                                                      0.40 kB
dist/assets/DomesticOrderList-D3iUkAtV.js                                                           0.40 kB
dist/assets/add-DtW9ERaf.js                                                                         0.40 kB
dist/assets/edit-BOdUYuVJ.js                                                                        0.41 kB
dist/assets/DomesticOrderList-sBfDTYw3.js                                                           0.41 kB
dist/assets/detail-Cu144os8.js                                                                      0.41 kB
dist/assets/add-DJzORFln.js                                                                         0.41 kB
dist/assets/edit-C9ac9ERO.js                                                                        0.41 kB
dist/assets/detail-C45Rd_rO.js                                                                      0.41 kB
dist/assets/handleDetail-DwiXRWmz.js                                                                0.41 kB
dist/assets/handleDetail-3hqd72LL.js                                                                0.41 kB
dist/assets/detail-DYRWqrrU.js                                                                      0.41 kB
dist/assets/index-DckwtB_6.js                                                                       0.42 kB
dist/assets/add--tBiQSQM.js                                                                         0.42 kB
dist/assets/edit-DnOQ5o-3.js                                                                        0.42 kB
dist/assets/detail-CQB-_N2U.js                                                                      0.42 kB
dist/assets/guide-DZWUPi2j.js                                                                       0.42 kB
dist/assets/lsicon--sales-return-filled-_4bx7spk.js                                                 0.43 kB
dist/assets/goods-store-DKT-ieW6.js                                                                 0.43 kB
dist/assets/money-B1qqPuhn.js                                                                       0.43 kB
dist/assets/add-BY9n3OhZ.js                                                                         0.44 kB
dist/assets/add-BglH3lmZ.js                                                                         0.44 kB
dist/assets/edit-BEFmYyni.js                                                                        0.44 kB
dist/assets/edit-1RtAeE4x.js                                                                        0.44 kB
dist/assets/add-BaEFLrGi.js                                                                         0.44 kB
dist/assets/edit-Ddbnduvv.js                                                                        0.44 kB
dist/assets/add-B1o4v5BA.js                                                                         0.44 kB
dist/assets/add-BB4IugZg.js                                                                         0.44 kB
dist/assets/edit-C91g9Gso.js                                                                        0.44 kB
dist/assets/detail-DJfA2L0w.js                                                                      0.45 kB
dist/assets/edit-DycJeB-2.js                                                                        0.45 kB
dist/assets/add-DlWUrbYn.js                                                                         0.45 kB
dist/assets/edit-CIngzdcy.js                                                                        0.45 kB
dist/assets/detail-Bn42ntkS.js                                                                      0.45 kB
dist/assets/drag-BG1_I1vT.js                                                                        0.45 kB
dist/assets/add-BOssyr9d.js                                                                         0.45 kB
dist/assets/add-DlX6BEq9.js                                                                         0.45 kB
dist/assets/edit-bltjAMns.js                                                                        0.45 kB
dist/assets/edit-00eHa__b.js                                                                        0.45 kB
dist/assets/detail-Ce_UWCF_.js                                                                      0.45 kB
dist/assets/detail-X1O4EbiU.js                                                                      0.45 kB
dist/assets/detail-CxVUmOZy.js                                                                      0.45 kB
dist/assets/add-DxQswvbo.js                                                                         0.45 kB
dist/assets/edit-CuEgkxPc.js                                                                        0.45 kB
dist/assets/add-BdbEE20Y.js                                                                         0.45 kB
dist/assets/edit-CVojmDdY.js                                                                        0.45 kB
dist/assets/detail-i8Ru7STz.js                                                                      0.45 kB
dist/assets/add-D_XJ86BL.js                                                                         0.45 kB
dist/assets/add-4O0awT4T.js                                                                         0.45 kB
dist/assets/edit-D_wdztQx.js                                                                        0.45 kB
dist/assets/detail-CQtwOZWb.js                                                                      0.45 kB
dist/assets/edit-DrXRL4MS.js                                                                        0.46 kB
dist/assets/detail-CHvxCx9R.js                                                                      0.46 kB
dist/assets/detail-BpmSzehE.js                                                                      0.46 kB
dist/assets/marketData-Cnqc0AZZ.js                                                                  0.46 kB
dist/assets/handleDetail-C_QGerNT.js                                                                0.46 kB
dist/assets/add-WeZ48lSL.js                                                                         0.46 kB
dist/assets/edit-BS6gOkYz.js                                                                        0.46 kB
dist/assets/lsicon--house-filled-yBbjZKXn.js                                                        0.46 kB
dist/assets/add-DVLMyO9d.js                                                                         0.47 kB
dist/assets/detail-BbmoFDAP.js                                                                      0.47 kB
dist/assets/ri--money-cny-box-fill-S9bWYb4t.js                                                      0.47 kB
dist/assets/add-BnnARRza.js                                                                         0.47 kB
dist/assets/edit-C4rB08fl.js                                                                        0.47 kB
dist/assets/detail-BNxoF3pr.js                                                                      0.47 kB
dist/assets/mdi--credit-card-edit-D9aVIdFE.js                                                       0.47 kB
dist/assets/detail-DLIB_Bnw.js                                                                      0.47 kB
dist/assets/lucide-lab--copy-type-IbqfAeUq.js                                                       0.47 kB
dist/assets/add-DSpm8ymy.js                                                                         0.47 kB
dist/assets/add-URKucx3M.js                                                                         0.47 kB
dist/assets/edit-CBR8WDLH.js                                                                        0.47 kB
dist/assets/edit-DXmq0cA_.js                                                                        0.47 kB
dist/assets/edit-BcSLAdx-.js                                                                        0.48 kB
dist/assets/detail-D0E1JYRi.js                                                                      0.48 kB
dist/assets/detail-D8-EQAQ1.js                                                                      0.48 kB
dist/assets/detail-DtpzAh4M.js                                                                      0.48 kB
dist/assets/detail-DlADuVpS.js                                                                      0.48 kB
dist/assets/ri--money-cny-box-line-DRcd_DTy.js                                                      0.48 kB
dist/assets/add-DNYydNZD.js                                                                         0.48 kB
dist/assets/edit-itBnbCZ7.js                                                                        0.48 kB
dist/assets/add-B0_ab6ea.js                                                                         0.48 kB
dist/assets/detail-BKn0YS77.js                                                                      0.48 kB
dist/assets/email-Dig28Vt2.js                                                                       0.48 kB
dist/assets/edit-CoKvbh-R.js                                                                        0.48 kB
dist/assets/add-BdPDeNOY.js                                                                         0.49 kB
dist/assets/add-BADbwKSp.js                                                                         0.49 kB
dist/assets/detail-GSM_Ssm4.js                                                                      0.49 kB
dist/assets/edit-q3GcTkWC.js                                                                        0.49 kB
dist/assets/edit-C4vvvLHs.js                                                                        0.49 kB
dist/assets/add-CbJ1T7yb.js                                                                         0.49 kB
dist/assets/icon-park--payment-method-CP9LtBBa.js                                                   0.49 kB
dist/assets/edit-BYLZC1kV.js                                                                        0.49 kB
dist/assets/add-DK1GMoat.js                                                                         0.49 kB
dist/assets/detail-Dzn6QyDV.js                                                                      0.49 kB
dist/assets/edit-BnqhPjh2.js                                                                        0.49 kB
dist/assets/detail-BZHhxD1h.js                                                                      0.49 kB
dist/assets/detail-EpGRz3Ne.js                                                                      0.49 kB
dist/assets/add-DPvqKxJ4.js                                                                         0.49 kB
dist/assets/system-Dgit3RiU.js                                                                      0.49 kB
dist/assets/edit-Cn_JTS3U.js                                                                        0.49 kB
dist/assets/detail-DI8Fy9l8.js                                                                      0.50 kB
dist/assets/detail-hn44nll4.js                                                                      0.50 kB
dist/assets/add-CoNa_7Hn.js                                                                         0.50 kB
dist/assets/detail-P2dMOm_9.js                                                                      0.50 kB
dist/assets/bxl--product-hunt-BQ7xGvxo.js                                                           0.50 kB
dist/assets/edit-qMRLKaJq.js                                                                        0.50 kB
dist/assets/add-BkxyzUvx.js                                                                         0.50 kB
dist/assets/icon-park-outline--order-Dp14dFpN.js                                                    0.50 kB
dist/assets/edit-Dm1nyzgt.js                                                                        0.51 kB
dist/assets/detail-UL9OOtmo.js                                                                      0.51 kB
dist/assets/ic--round-house-B02EsSo-.js                                                             0.51 kB
dist/assets/streamline--warehouse-1-solid-DF79V2AO.js                                               0.52 kB
dist/assets/index-CQiKB8uJ.js                                                                       0.52 kB
dist/assets/documentation-uH9BvL5U.js                                                               0.52 kB
dist/assets/lsicon--goods-search-filled-Capy66Ub.js                                                 0.52 kB
dist/assets/lsicon--warehouse-into-filled-CLvAe-T_.js                                               0.52 kB
dist/assets/dashicons--admin-multisite-CORmb3oH.js                                                  0.53 kB
dist/assets/lucide--warehouse-DF6-borT.js                                                           0.53 kB
dist/assets/ph--warehouse-Dv6R8dnM.js                                                               0.53 kB
dist/assets/add-9LF5vHNU.js                                                                         0.53 kB
dist/assets/add-B2GWkgqD.js                                                                         0.53 kB
dist/assets/edit-DFNJPCdh.js                                                                        0.53 kB
dist/assets/edit-D1pPugig.js                                                                        0.53 kB
dist/assets/menu-BJjeHsWA.js                                                                        0.54 kB
dist/assets/detail-B8M8X9fc.js                                                                      0.54 kB
dist/assets/detail-CauR1r2i.js                                                                      0.54 kB
dist/assets/currency-Bs3V3ASq.js                                                                    0.54 kB
dist/assets/la--product-hunt-Bxtc_nwB.js                                                            0.54 kB
dist/assets/dept-DjJuTqjp.js                                                                        0.54 kB
dist/assets/streamline--chat-bubble-square-write-BT6MZDRf.js                                        0.54 kB
dist/assets/add-CM2bjXmL.js                                                                         0.55 kB
dist/assets/edit-lH3cdKeu.js                                                                        0.55 kB
dist/assets/add-CxJ6Lop2.js                                                                         0.55 kB
dist/assets/detail-DPrbb9OW.js                                                                      0.55 kB
dist/assets/edit-CcEUGwDa.js                                                                        0.55 kB
dist/assets/receive-5Eq8CbJV.js                                                                     0.55 kB
dist/assets/fullscreen-0JHt5yWX.js                                                                  0.55 kB
dist/assets/tabler--home-dot-Drt9I2n1.js                                                            0.55 kB
dist/assets/warehouse-D49Egvvh.js                                                                   0.55 kB
dist/assets/detail-BjARa23T.js                                                                      0.55 kB
dist/assets/catppuccin--cargo-3UuSSUDp.js                                                           0.55 kB
dist/assets/excel-D3hj5F35.js                                                                       0.56 kB
dist/assets/lsicon--order-edit-filled-ChhnTcYE.js                                                   0.56 kB
dist/assets/information-CCx6_84F.js                                                                 0.56 kB
dist/assets/icon-park-outline--financing-two-Dkt5vHie.js                                            0.56 kB
dist/assets/type-Cd3D7mhG.js                                                                        0.57 kB
dist/assets/mdi--account-service-QXh2m9vH.js                                                        0.57 kB
dist/assets/user-DqMuW5cU.js                                                                        0.57 kB
dist/assets/vessel-tracking-fyZNOUEj.js                                                             0.57 kB
dist/assets/site-goods-BRyeu5sk.js                                                                  0.57 kB
dist/assets/lock-Bexeb9hp.js                                                                        0.57 kB
dist/assets/invoicing-DbulbxJt.js                                                                   0.58 kB
dist/assets/mdi--car-outline-BSHQNbe6.js                                                            0.59 kB
dist/assets/add-CBb3HLrF.js                                                                         0.59 kB
dist/assets/edit-zGrXBfrL.js                                                                        0.59 kB
dist/assets/add-BThDLGFA.js                                                                         0.59 kB
dist/assets/site-Xyq0mW61.js                                                                        0.59 kB
dist/assets/detail-BeJTJz8Q.js                                                                      0.59 kB
dist/assets/edit-D0iJNOJn.js                                                                        0.59 kB
dist/assets/detail-B9z5FLNg.js                                                                      0.60 kB
dist/assets/warehouse-aUipFPva.js                                                                   0.60 kB
dist/assets/ph--warehouse-duotone-Cl6hg4Ez.js                                                       0.60 kB
dist/assets/add-BgC3rDS-.js                                                                         0.61 kB
dist/assets/edit-r7CPGh-I.js                                                                        0.61 kB
dist/assets/detail-C083lDJE.js                                                                      0.62 kB
dist/assets/help-me-Bt2kDuvj.js                                                                     0.62 kB
dist/assets/job-Cql8v3i_.js                                                                         0.62 kB
dist/assets/add-CII4d5s1.js                                                                         0.62 kB
dist/assets/edit-CGiGdrZY.js                                                                        0.62 kB
dist/assets/detail-uNzfY1GO.js                                                                      0.63 kB
dist/assets/direct-yard-ERBSCAP1.js                                                                 0.63 kB
dist/assets/service-provider-Cfbdd_V8.js                                                            0.63 kB
dist/assets/handleDetail-BdZBL0qK.js                                                                0.63 kB
dist/assets/goods-category-B3r8-AfL.js                                                              0.63 kB
dist/assets/ocean-freight-DwNAOv-e.js                                                               0.63 kB
dist/assets/example-CnLLAFb9.js                                                                     0.63 kB
dist/assets/pick-up-terminal-DVQV76BH.js                                                            0.64 kB
dist/assets/goods-attr-B_81s8w_.js                                                                  0.64 kB
dist/assets/customs-clearance-QNJhNgYa.js                                                           0.64 kB
dist/assets/add-mTq2EVsh.js                                                                         0.64 kB
dist/assets/edit-DNf3dJvd.js                                                                        0.64 kB
dist/assets/detail-BnZPRSCH.js                                                                      0.64 kB
dist/assets/mdi--database-import-DRmxHoH1.js                                                        0.64 kB
dist/assets/index-BH4NcwLA.js                                                                       0.65 kB
dist/assets/teenyicons--search-property-solid-CxW8EyN1.js                                           0.65 kB
dist/assets/carrier-CWPrQiBg.js                                                                     0.66 kB
dist/assets/add-DNZ_eCpK.js                                                                         0.66 kB
dist/assets/edit-CNWGqBrC.js                                                                        0.66 kB
dist/assets/ic--round-drive-folder-upload-CVGpHNUj.js                                               0.66 kB
dist/assets/mdi--truck-fast-outline-ak0de-3a.js                                                     0.66 kB
dist/assets/detail-D78FZqpt.js                                                                      0.66 kB
dist/assets/inspection-info-vLZbhGis.js                                                             0.66 kB
dist/assets/receipt-payment-BTCDEI_i.js                                                             0.66 kB
dist/assets/enterprise-users-CkARr1Tq.js                                                            0.67 kB
dist/assets/add-CSVn68kC.js                                                                         0.67 kB
dist/assets/edit-IQWEKidR.js                                                                        0.67 kB
dist/assets/detail-C-tbx_p2.js                                                                      0.67 kB
dist/assets/add-CJ7B2j3x.js                                                                         0.68 kB
dist/assets/icon-park--currency-D6WM0_27.js                                                         0.68 kB
dist/assets/edit-SnbtDatQ.js                                                                        0.68 kB
dist/assets/detail-BvNZggK3.js                                                                      0.68 kB
dist/assets/mdi--account-service-outline (1)-DoX7KNLK.js                                            0.69 kB
dist/assets/mdi--car-BZHPakNe.js                                                                    0.69 kB
dist/assets/settlement-info-CcQLP_-r.js                                                             0.70 kB
dist/assets/carbon--global-loan-and-trial-BkHLgHm-.js                                               0.70 kB
dist/assets/pledge-DhI1gzZq.js                                                                      0.70 kB
dist/assets/iconParkSolidCommodity-Cy6vldCS.js                                                      0.70 kB
dist/assets/table-5PRh60AQ.js                                                                       0.70 kB
dist/assets/add-DwiVpBmw.js                                                                         0.70 kB
dist/assets/edit-C7jcTdKA.js                                                                        0.70 kB
dist/assets/detail-CFi1L0Xd.js                                                                      0.70 kB
dist/assets/circum--memo-pad-C1mppnHG.js                                                            0.71 kB
dist/assets/gen-BRo7oKA4.js                                                                         0.71 kB
dist/assets/star-kST8a72V.js                                                                        0.71 kB
dist/assets/mdi--truck-fast-CgUWrIcS.js                                                             0.71 kB
dist/assets/mdi--boat-2uFT4NFf.js                                                                   0.71 kB
dist/assets/goods-base-D43Gk8w7.js                                                                  0.72 kB
dist/assets/material-symbols--credit-card-clock-rounded-CT9-0S_3.js                                 0.72 kB
dist/assets/refinery-C8zuhebx.js                                                                    0.73 kB
dist/assets/slider-BGfehM6X.js                                                                      0.73 kB
dist/assets/streamline--chat-bubble-square-write-solid-DkT7NAbm.js                                  0.73 kB
dist/assets/streamline--warehouse-1-D0FqxtTu.js                                                     0.74 kB
dist/assets/icon-park-solid--workbench-Ca0DMOfp.js                                                  0.75 kB
dist/assets/index-C9_Z8QQ8.js                                                                       0.75 kB
dist/assets/education-47KsSYIl.js                                                                   0.76 kB
dist/assets/add-BTZJc8wY.js                                                                         0.76 kB
dist/assets/detail-B620nLOz.js                                                                      0.76 kB
dist/assets/icon-park-solid--financing-two-ChRLDH9m.js                                              0.76 kB
dist/assets/streamline--payment-10-DTbmF3Oo.js                                                      0.76 kB
dist/assets/materialSymbolsAddBusinessRounded-BD-Pmmw7.js                                           0.77 kB
dist/assets/mdi--database-import-outline-_WENvlHK.js                                                0.77 kB
dist/assets/carbonCategoryNewEach-kZscHNNb.js                                                       0.78 kB
dist/assets/game-icons--cargo-crate-D_WmHLMU.js                                                     0.78 kB
dist/assets/iconoirCommodity-BiKykjl-.js                                                            0.79 kB
dist/assets/styles.scss_vue_type_style_index_0_src_true_lang-CWUdunrr.js                            0.80 kB
dist/assets/tab-nA3f0aBt.js                                                                         0.80 kB
dist/assets/fluent-mdl2--work-item-alert-Bh8aH5iR.js                                                0.80 kB
dist/assets/user-group-rlb5PlvI.js                                                                  0.80 kB
dist/assets/bank-RbSDvx54.js                                                                        0.81 kB
dist/assets/news-DbxMEhcX.js                                                                        0.81 kB
dist/assets/mdi--plane-car-B0sss3Rr.js                                                              0.83 kB
dist/assets/edit-Bu_NI8jx.js                                                                        0.84 kB
dist/assets/add-Cwz1ShqA.js                                                                         0.85 kB
dist/assets/car-DetcuNxp.js                                                                         0.85 kB
dist/assets/detail-CLhm57VK.js                                                                      0.85 kB
dist/assets/message-UkR-VIBB.js                                                                     0.85 kB
dist/assets/catppuccin--cargo-lock-DlvDP12c.js                                                      0.86 kB
dist/assets/mdi--train-car-Bnh0MmoD.js                                                              0.86 kB
dist/assets/constants-qwNOYWM3.js                                                                   0.86 kB
dist/assets/code-DgJ8cT4a.js                                                                        0.88 kB
dist/assets/theme-CyGq941x.js                                                                       0.88 kB
dist/assets/teenyicons--search-property-outline-BTJNQCWI.js                                         0.90 kB
dist/assets/switch-CvaargRJ.js                                                                      0.90 kB
dist/assets/peoples-BRYsIqmI.js                                                                     0.91 kB
dist/assets/mdi--pier-crane-YykJX7v3.js                                                             0.93 kB
dist/assets/druid-BybW_S_B.js                                                                       0.93 kB
dist/assets/add-4OoD04Mv.js                                                                         0.94 kB
dist/assets/edit-Zk-FFYZq.js                                                                        0.94 kB
dist/assets/detail-pcKG88Pl.js                                                                      0.94 kB
dist/assets/fluent--accessibility-checkmark-20-filled-r_hmDeI5.js                                   0.95 kB
dist/assets/WorkbenchSummaryCards-DMEjPtj_.js                                                       0.96 kB
dist/assets/add-B7z_wMZ2.js                                                                         0.96 kB
dist/assets/edit-2BAftowS.js                                                                        0.96 kB
dist/assets/file-BStc3HxQ.js                                                                        0.96 kB
dist/assets/input-BJoPMnBW.js                                                                       0.96 kB
dist/assets/detail-B5155iGO.js                                                                      0.97 kB
dist/assets/assets-DaWETd8i.js                                                                      0.97 kB
dist/assets/edit-D0DI9pAq.js                                                                        1.00 kB
dist/assets/nested-B4d5u3hW.js                                                                      1.01 kB
dist/assets/solar--chat-round-money-bold-duotone-DbhSkS-0.js                                        1.01 kB
dist/assets/faSolidHouseUser-yzHEew5y.js                                                            1.01 kB
dist/assets/approval-g5a1499c.js                                                                    1.02 kB
dist/assets/solar--chat-round-money-bold-BHCLs24n.js                                                1.02 kB
dist/assets/textarea-CJWXlgbJ.js                                                                    1.02 kB
dist/assets/server-unS7EyF7.js                                                                      1.02 kB
dist/assets/row-CRXKIHjm.js                                                                         1.05 kB
dist/assets/bill-num-1-5uqEEO4B.js                                                                  1.05 kB
dist/assets/time-BVERp0sU.js                                                                        1.05 kB
dist/assets/gzt-1-ORLc9eWF.js                                                                       1.08 kB
dist/assets/monitor-gwnnVq4l.js                                                                     1.09 kB
dist/assets/mingcute--card-pay-fill-BqrhRyJI.js                                                     1.10 kB
dist/assets/account-BS3JaC2j.js                                                                     1.13 kB
dist/assets/reset-icon-BWnC5CUy.js                                                                  1.14 kB
dist/assets/tree-table-CnOS99I9.js                                                                  1.15 kB
dist/assets/eye-DqRz4sMZ.js                                                                         1.15 kB
dist/assets/more-icon-DHO_jp0a.js                                                                   1.15 kB
dist/assets/loanAfter-BcL1op_L.js                                                                   1.17 kB
dist/assets/carbon--ibm-db2-warehouse-za7BQByB.js                                                   1.18 kB
dist/assets/clipboard-DaV3cn7f.js                                                                   1.19 kB
dist/assets/build-2jMyI6eP.js                                                                       1.20 kB
dist/assets/streamline--payment-10-solid-8WBIZ-7D.js                                                1.22 kB
dist/assets/list-C7O8B4zW.js                                                                        1.24 kB
dist/assets/role-CiTN78QD.js                                                                        1.25 kB
dist/assets/fluent--accessibility-checkmark-20-regular-DYNJGx8T.js                                  1.25 kB
dist/assets/xsthd-1-jT1kFh8B.js                                                                     1.26 kB
dist/assets/mingcute--card-pay-line-Beqy8H9h.js                                                     1.28 kB
dist/assets/index-Dwnm7ygw.js                                                                       1.28 kB
dist/assets/lsicon--setting-outline-ZM7GobNV.js                                                     1.28 kB
dist/assets/bill-num-CxSpUVLs.js                                                                    1.29 kB
dist/assets/401-2Q8XkKTu.js                                                                         1.29 kB
dist/assets/icon-BtMv6Od8.js                                                                        1.29 kB
dist/assets/upload-icon-AI-change-Cy9H5y_w.js                                                       1.30 kB
dist/assets/search-icon-BMU8x2H7.js                                                                 1.34 kB
dist/assets/download-DeIzgQWH.js                                                                    1.36 kB
dist/assets/zdgl-1-BJPns8T7.js                                                                      1.37 kB
dist/assets/delivery-Qz9LXYka.js                                                                    1.38 kB
dist/assets/skill-B8f_I4m_.js                                                                       1.40 kB
dist/assets/user-tSPeXmK-.js                                                                        1.42 kB
dist/assets/international-CmzG1OHg.js                                                               1.43 kB
dist/assets/solar--hand-money-linear-Bi_4Wg4U.js                                                    1.43 kB
dist/assets/question-CvYWQbyW.js                                                                    1.46 kB
dist/assets/wechat-lmQOcPZu.js                                                                      1.46 kB
dist/assets/people-CdGMHN63.js                                                                      1.49 kB
dist/assets/f7CartFillBadgePlus-Co9P_YYU.js                                                         1.50 kB
dist/assets/solar--hand-money-bold-BA6helWD.js                                                      1.50 kB
dist/assets/financing-BdzCC0UT.js                                                                   1.51 kB
dist/assets/checkbox-Bpiun3bf.js                                                                    1.52 kB
dist/assets/clarity--contract-solid-DWPX72vN.js                                                     1.52 kB
dist/assets/post-DrLDyPY9.js                                                                        1.52 kB
dist/assets/language-CaW1LMEk.js                                                                    1.55 kB
dist/assets/eye-open-BxlshWqB.js                                                                    1.55 kB
dist/assets/zdspgl-1-7HC3i0DV.js                                                                    1.55 kB
dist/assets/clgl-1-F6XU37af.js                                                                      1.60 kB
dist/assets/mingcute--pig-money-fill-CInPw9s2.js                                                    1.60 kB
dist/assets/radio-B0t9wPBQ.js                                                                       1.61 kB
dist/assets/select-DhuHHMxz.js                                                                      1.62 kB
dist/assets/openmoji--memo-C33CCKWB.js                                                              1.64 kB
dist/assets/validCode-COB1iLxa.js                                                                   1.66 kB
dist/assets/zip-DIOSZc69.js                                                                         1.66 kB
dist/assets/zrgl-1-vQGkz8R4.js                                                                      1.70 kB
dist/assets/handleDetail.vue_vue_type_script_setup_true_lang-Cz0h7TT1.js                            1.70 kB
dist/assets/404-Dy3nURRX.js                                                                         1.73 kB
dist/assets/upload-BueI-Il1.js                                                                      1.75 kB
dist/assets/ysgl-1-Bge8dZrj.js                                                                      1.75 kB
dist/assets/index-Cq4Z_CiF.js                                                                       1.78 kB
dist/assets/cksgl-1-B_YjtIuQ.js                                                                     1.79 kB
dist/assets/phone-BpAUIz0g.js                                                                       1.82 kB
dist/assets/customs-data-E4luLZ9M.js                                                                1.83 kB
dist/assets/nacos-CmARyran.js                                                                       1.84 kB
dist/assets/kpgl-11-CceVaQ2b.js                                                                     1.85 kB
dist/assets/OrderAttachmentSection-H2tn1GoT.js                                                      1.87 kB
dist/assets/ckgl-1-1-BNvUMcPi.js                                                                    1.87 kB
dist/assets/bug-10dePVta.js                                                                         1.88 kB
dist/assets/log-CF2F-nSs.js                                                                         1.89 kB
dist/assets/userInfo.vue_vue_type_script_setup_true_lang-DHnqP7Om.js                                1.90 kB
dist/assets/basicInfoForm.vue_vue_type_script_setup_true_lang-fE0vJ91d.js                           1.90 kB
dist/assets/sjgl-1-Dnoez1_t.js                                                                      1.94 kB
dist/assets/github-AJ0WQBa2.js                                                                      1.96 kB
dist/assets/pdf-CD9mOGjJ.js                                                                         2.01 kB
dist/assets/mingcute--pig-money-line-DGFGZVV4.js                                                    2.01 kB
dist/assets/rate-CgnHQvKS.js                                                                        2.03 kB
dist/assets/tdgl-1-Dc4IG8ey.js                                                                      2.03 kB
dist/assets/upload-icon-AI-B4yFa0IJ.js                                                              2.06 kB
dist/assets/index-DSwT4Dxp.js                                                                       2.07 kB
dist/assets/resetPwd.vue_vue_type_script_setup_true_lang-CePOQzGf.js                                2.09 kB
dist/assets/index.vue_vue_type_script_setup_true_lang-DTj3YFUG.js                                   2.09 kB
dist/assets/gncg-11-CgI6C8yO.js                                                                     2.09 kB
dist/assets/gnxs-11-Cs7h7lZU.js                                                                     2.09 kB
dist/assets/yfgl-1-CDYHC-81.js                                                                      2.10 kB
dist/assets/fwsgl-1-DX42U5uO.js                                                                     2.10 kB
dist/assets/job-BcmuINx7.js                                                                         2.11 kB
dist/assets/xsskd-1-D-CJYJiP.js                                                                     2.13 kB
dist/assets/exit-fullscreen-dXhGKlQm.js                                                             2.13 kB
dist/assets/swagger-BHGXZ2Jt.js                                                                     2.13 kB
dist/assets/logininfor-Bm9ZYYR7.js                                                                  2.16 kB
dist/assets/tree-BCtS3oPD.js                                                                        2.16 kB
dist/assets/password-DfGvqQpB.js                                                                    2.19 kB
dist/assets/index-ClcjM8ps.js                                                                       2.21 kB
dist/assets/index-m0BDH2qY.js                                                                       2.21 kB
dist/assets/index-C4o7n7wl.js                                                                       2.26 kB
dist/assets/xtgl-1-Dur-sIc9.js                                                                      2.32 kB
dist/assets/tzgl-BmjHx5wT.js                                                                        2.36 kB
dist/assets/stash--billing-info-solid-CBVRiidI.js                                                   2.38 kB
dist/assets/index-DCCjmRX4.js                                                                       2.39 kB
dist/assets/ccys-1-DamaWgMI.js                                                                      2.39 kB
dist/assets/spkgl-1-_b-aMMPp.js                                                                     2.41 kB
dist/assets/detail-Crst_o0V.js                                                                      2.43 kB
dist/assets/index.vue_vue_type_script_setup_true_lang-CZH9UWSs.js                                   2.43 kB
dist/assets/date-range-B8MgYLb1.js                                                                  2.44 kB
dist/assets/purOrderList-BvAiwom2.js                                                                2.46 kB
dist/assets/zxgl-1-pwUK1yRT.js                                                                      2.48 kB
dist/assets/cysgl-1-Cq0TiCOL.js                                                                     2.50 kB
dist/assets/index-B_xqyz0_.js                                                                       2.55 kB
dist/assets/index-vrWAJDll.js                                                                       2.55 kB
dist/assets/index-vmK0FMfR.js                                                                       2.58 kB
dist/assets/cascader-CXIOcY1C.js                                                                    2.59 kB
dist/assets/dhgl-1-BoDKu5rs.js                                                                      2.60 kB
dist/assets/detail-C9BegkK1.js                                                                      2.62 kB
dist/assets/importList-BoyBlaxN.js                                                                  2.65 kB
dist/assets/detail-DU712ktu.js                                                                      2.66 kB
dist/assets/index-jTLWn277.js                                                                       2.71 kB
dist/assets/importTable.vue_vue_type_script_setup_true_lang-DN1M7aUJ.js                             2.75 kB
dist/assets/shopping-CU1IRvxM.js                                                                    2.75 kB
dist/assets/index-cHt-yBls.js                                                                       2.78 kB
dist/assets/bankInfoList-C9YkNBJ_.js                                                                2.80 kB
dist/assets/bankInfoList-DhVd9Kbr.js                                                                2.80 kB
dist/assets/dashboard-Dy7qt_a2.js                                                                   2.80 kB
dist/assets/dlddgl-1-BtJRCiZH.js                                                                    2.82 kB
dist/assets/purOrderList-BcEmA2-N.js                                                                2.83 kB
dist/assets/index-dxkxnPgV.js                                                                       2.85 kB
dist/assets/button-BlSCM_GH.js                                                                      2.86 kB
dist/assets/index-BTErb5zX.js                                                                       2.87 kB
dist/assets/orderList-KVxEm-vq.js                                                                   2.90 kB
dist/assets/bankInfoList-BUkqeGT8.js                                                                2.90 kB
dist/assets/index-CH1RcLLC.js                                                                       2.91 kB
dist/assets/mtthgl-1-COK6Skbu.js                                                                    2.91 kB
dist/assets/rkgl-1-gwe8DI7E.js                                                                      2.91 kB
dist/assets/client-BuZkq35_.js                                                                      2.92 kB
dist/assets/index-DeD8dM8o.js                                                                       2.92 kB
dist/assets/component-Djp9s69L.js                                                                   2.96 kB
dist/assets/index-DYIdk4vV.js                                                                       2.99 kB
dist/assets/form-BDTA_i-I.js                                                                        3.01 kB
dist/assets/index-DMODB_id.js                                                                       3.01 kB
dist/assets/kcgl-1-6dfZ7_o2.js                                                                      3.02 kB
dist/assets/index-CAYSx7iv.js                                                                       3.03 kB
dist/assets/tool-D8kXk1l-.js                                                                        3.04 kB
dist/assets/index-DpbIeeyr.js                                                                       3.04 kB
dist/assets/orderMappers-DmAJmxfm.js                                                                3.09 kB
dist/assets/BankInfoForm.vue_vue_type_script_setup_true_lang-Z-6dAbaF.js                            3.11 kB
dist/assets/sentinel-sIU9HpHS.js                                                                    3.13 kB
dist/assets/index-B2boY7US.js                                                                       3.14 kB
dist/assets/detail-Dofw9-7i.js                                                                      3.17 kB
dist/assets/jkgldd-1-RbKVwNtO.js                                                                    3.18 kB
dist/assets/redis-D4ECyT6a.js                                                                       3.22 kB
dist/assets/handleDetail-DRq-5NE-.js                                                                3.24 kB
dist/assets/qualitySettlement-BlC08dc6.js                                                           3.25 kB
dist/assets/index-C1Qdywnd.js                                                                       3.28 kB
dist/assets/index-C7jrecn6.js                                                                       3.29 kB
dist/assets/selectUser.vue_vue_type_script_setup_true_name_SelectUser_lang-F2TZ1KBN.js              3.30 kB
dist/assets/index-CiqZw-P2.js                                                                       3.30 kB
dist/assets/time-range-D3dxgtLj.js                                                                  3.35 kB
dist/assets/userAvatar-CLwyLY3J.js                                                                  3.36 kB
dist/assets/index-A-LKb_zS.js                                                                       3.36 kB
dist/assets/handleDetail-a4TMPp4p.js                                                                3.36 kB
dist/assets/jrxmgl-1-CT6EbHw5.js                                                                    3.37 kB
dist/assets/dict-Bi_GqSXR.js                                                                        3.43 kB
dist/assets/system-DcNSH_Fq.js                                                                      3.44 kB
dist/assets/storageStage2-D_At6ama.js                                                               3.48 kB
dist/assets/storageStage2-DkUydlAg.js                                                               3.48 kB
dist/assets/ckgl-1-CW-IaARP.js                                                                      3.48 kB
dist/assets/index-CBJ7nn1D.js                                                                       3.49 kB
dist/assets/index-DcVAjv6s.js                                                                       3.50 kB
dist/assets/jfzlgl-1-7o1MwYcV.js                                                                    3.50 kB
dist/assets/index-wHnoFvPE.js                                                                       3.51 kB
dist/assets/handleDetail.vue_vue_type_script_setup_true_lang-BzzozeN5.js                            3.53 kB
dist/assets/bankInfoList-DVkKuQAS.js                                                                3.55 kB
dist/assets/index-BVY26SLO.js                                                                       3.55 kB
dist/assets/index-DzVeS2U9.js                                                                       3.56 kB
dist/assets/OrderAttachmentSection-veYWEiR_.js                                                      3.61 kB
dist/assets/index-DVs-OWf2.js                                                                       3.62 kB
dist/assets/warehouse-BkHZ0JHA.js                                                                   3.65 kB
dist/assets/index-CqAg03Pb.js                                                                       3.65 kB
dist/assets/number-D4hB_nHC.js                                                                      3.67 kB
dist/assets/order-BTXiygi9.js                                                                       3.70 kB
dist/assets/authRole-DWMsuaIf.js                                                                    3.70 kB
dist/assets/index-DWQ71Y2H.js                                                                       3.71 kB
dist/assets/index-tV30saYD.js                                                                       3.71 kB
dist/assets/date-B1FSITvi.js                                                                        3.72 kB
dist/assets/storageStage1-jltfAdgd.js                                                               3.72 kB
dist/assets/cgyf-1-k2t2Cfx8.js                                                                      3.72 kB
dist/assets/storageStage1-CC-2-pU8.js                                                               3.75 kB
dist/assets/handleDetail.vue_vue_type_script_setup_true_lang-bSZiVnOj.js                            3.82 kB
dist/assets/storageStage3-iyeStCfL.js                                                               3.82 kB
dist/assets/storageStage3-BlP846oW.js                                                               3.82 kB
dist/assets/cgys-1-CSmWvDk2.js                                                                      3.82 kB
dist/assets/index-2Hl4_7C3.js                                                                       3.86 kB
dist/assets/rzgl-1-BngtRvGi.js                                                                      3.86 kB
dist/assets/detail-YwrNIP6X.js                                                                      3.88 kB
dist/assets/register-BpCQVqic.js                                                                    3.88 kB
dist/assets/index-vBUu-1i4.js                                                                       3.92 kB
dist/assets/qq-D8j4O83Y.js                                                                          3.98 kB
dist/assets/index-BdgXvQ9v.js                                                                       4.00 kB
dist/assets/index-DN8YuX2i.js                                                                       4.04 kB
dist/assets/handleDetail-15E_2VeN.js                                                                4.05 kB
dist/assets/index-BnWvWXI3.js                                                                       4.05 kB
dist/assets/index-CYhFdi6_.js                                                                       4.08 kB
dist/assets/index-BzYkovFl.js                                                                       4.09 kB
dist/assets/index-L5UjPq2N.js                                                                       4.13 kB
dist/assets/index-BahTaM9y.js                                                                       4.13 kB
dist/assets/index-hNrCNetF.js                                                                       4.17 kB
dist/assets/DeliveryOrderForm.vue_vue_type_script_setup_true_lang-B9fm2nbV.js                       4.18 kB
dist/assets/index-Tu_pVKgV.js                                                                       4.24 kB
dist/assets/online-C2ZP8pdY.js                                                                      4.25 kB
dist/assets/index-kzgDABaL.js                                                                       4.34 kB
dist/assets/index-Dg3qeZsV.js                                                                       4.41 kB
dist/assets/authUser-Um8L0GBI.js                                                                    4.43 kB
dist/assets/index-CFFL3Kn6.js                                                                       4.44 kB
dist/assets/index-FN7czlKA.js                                                                       4.45 kB
dist/assets/index-BQAF1b8K.js                                                                       4.46 kB
dist/assets/index-D4kPjz7T.js                                                                       4.49 kB
dist/assets/index-DhxBg8ej.js                                                                       4.53 kB
dist/assets/index-1bozY8hD.js                                                                       4.53 kB
dist/assets/pick-up-terminal-CmiqOscC.js                                                            4.53 kB
dist/assets/handleDetail-Bl-TCuyY.js                                                                4.53 kB
dist/assets/editAttachmentDialog-BEL4uMVG.js                                                        4.55 kB
dist/assets/zcgl-11-Dn_LXA8r.js                                                                     4.55 kB
dist/assets/color-y1Sshoou.js                                                                       4.58 kB
dist/assets/index-CYlrUOR9.js                                                                       4.59 kB
dist/assets/handleDetail-DTFOmO2o.js                                                                4.62 kB
dist/assets/SettlementInfo-CPlGlKxS.js                                                              4.63 kB
dist/assets/customs-clearance-D-5D3pA6.js                                                           4.66 kB
dist/assets/index-BuPGlrhP.js                                                                       4.67 kB
dist/assets/handleDetail-CSTLrhd7.js                                                                4.71 kB
dist/assets/pier-detail-I_dYCyth.js                                                                 4.71 kB
dist/assets/index-C88QD45y.js                                                                       4.73 kB
dist/assets/uploadInfo-D6lUwC5r.js                                                                  4.77 kB
dist/assets/index-C1R14o4f.js                                                                       4.81 kB
dist/assets/index-BHIC33Hu.js                                                                       4.81 kB
dist/assets/login-CWWaWxsY.js                                                                       4.84 kB
dist/assets/news-set-CqbNwLFs.js                                                                    4.88 kB
dist/assets/index-D7byvew8.js                                                                       4.97 kB
dist/assets/settlement-info-Ck7zySjH.js                                                             5.00 kB
dist/assets/receipt-payment-CaWqHXoU.js                                                             5.01 kB
dist/assets/index-Dj7WLd-Q.js                                                                       5.02 kB
dist/assets/index-CfVBtF2U.js                                                                       5.06 kB
dist/assets/index-DJYrVTFH.js                                                                       5.06 kB
dist/assets/TrackNode-Cxh0m0vB.js                                                                   5.14 kB
dist/assets/index-lxkJ97IE.js                                                                       5.17 kB
dist/assets/BillingSubjectForm-ClcZy2KY.js                                                          5.19 kB
dist/assets/index-CwycNqL1.js                                                                       5.26 kB
dist/assets/handleDetail-BmSHSJIy.js                                                                5.27 kB
dist/assets/DomesticOrderList.vue_vue_type_script_setup_true_lang-B9WqqXP5.js                       5.28 kB
dist/assets/index-DHGswUyx.js                                                                       5.32 kB
dist/assets/index-41S-cZS7.js                                                                       5.33 kB
dist/assets/warehouse-ExknXQJo.js                                                                   5.34 kB
dist/assets/handleDetail-Dcj0-dBF.js                                                                5.39 kB
dist/assets/handleDetail-W6jmReIH.js                                                                5.40 kB
dist/assets/index-QOV7Y_4-.js                                                                       5.43 kB
dist/assets/SpecialNode-Buf5n_zZ.js                                                                 5.49 kB
dist/assets/index-DBwXCG-x.js                                                                       5.50 kB
dist/assets/index-CsUKvy1g.js                                                                       5.51 kB
dist/assets/index-CbNyGWW4.js                                                                       5.60 kB
dist/assets/handleDetail-D7ve0_6o.js                                                                5.69 kB
dist/assets/ocean-freight-vgFi573w.js                                                               5.69 kB
dist/assets/WorkbenchWarningList-SotzKsoN.js                                                        5.70 kB
dist/assets/DomesticOrderList.vue_vue_type_script_setup_true_lang-UXkwFSZP.js                       5.73 kB
dist/assets/index-B_nPF0R-.js                                                                       5.77 kB
dist/assets/handleDetail-DRWjA76e.js                                                                5.80 kB
dist/assets/index-Gw2kuGX8.js                                                                       5.83 kB
dist/assets/direct-yard-U0O8GzB9.js                                                                 5.87 kB
dist/assets/index-CEuTBsDH.js                                                                       5.92 kB
dist/assets/handleDetail-BrycmeaB.js                                                                6.01 kB
dist/assets/handleDetail-YHLxaipy.js                                                                6.02 kB
dist/assets/index-CtHZjG33.js                                                                       6.03 kB
dist/assets/handleDetail-DoshM_At.js                                                                6.04 kB
dist/assets/index-DvrIpMtr.js                                                                       6.07 kB
dist/assets/index-DdX4fVDC.js                                                                       6.15 kB
dist/assets/index-BUwSESD4.js                                                                       6.17 kB
dist/assets/index-CPIqGKcC.js                                                                       6.20 kB
dist/assets/editTable-BdkHqkgg.js                                                                   6.23 kB
dist/assets/index-olgl_8Ej.js                                                                       6.24 kB
dist/assets/index-DihqmIGx.js                                                                       6.25 kB
dist/assets/handleDetail-pqdZLqbO.js                                                                6.27 kB
dist/assets/index-B7GAiNjz.js                                                                       6.28 kB
dist/assets/overViewDrawer-GBVAnFoD.js                                                              6.30 kB
dist/assets/inspection-info-BhSCmvdE.js                                                             6.41 kB
dist/assets/index-B0EnXK8X.js                                                                       6.45 kB
dist/assets/index-DBrf9Hnv.js                                                                       6.55 kB
dist/assets/handleDetail-Fv8btDH3.js                                                                6.63 kB
dist/assets/index-DJUUfYlz.js                                                                       6.64 kB
dist/assets/index-DyglVTNP.js                                                                       6.66 kB
dist/assets/product-CclMrGBC.js                                                                     6.67 kB
dist/assets/handleDetail-rd0RezKA.js                                                                6.73 kB
dist/assets/handleDetail.vue_vue_type_script_setup_true_lang-I_Zob7D6.js                            6.74 kB
dist/assets/handleDetail-C_qOZtYa.js                                                                6.77 kB
dist/assets/yard-detail-plB3mb2S.js                                                                 6.96 kB
dist/assets/index.vue_vue_type_style_index_0_lang-D1pv1IXD.js                                       7.21 kB
dist/assets/index-DzSPFSkA.js                                                                       7.25 kB
dist/assets/SalesGoodsSection-Cv9g6JCm.js                                                           7.33 kB
dist/assets/log-DG5hS06o.js                                                                         7.33 kB
dist/assets/handleDetail-Dgcb_vLW.js                                                                7.46 kB
dist/assets/handleDetail-ipQPpO4q.js                                                                7.56 kB
dist/assets/PurchaseGoodsSection-rl7CkZHG.js                                                        7.61 kB
dist/assets/handleDetail.vue_vue_type_script_setup_true_lang-hq4Bcy82.js                            7.61 kB
dist/assets/handleDetail-D4e75mJP.js                                                                7.68 kB
dist/assets/index-B9n2ECqY.js                                                                       7.80 kB
dist/assets/handleDetail.vue_vue_type_script_setup_true_lang-nOk1t6if.js                            7.85 kB
dist/assets/WorkbenchContractNodes-CxEJ6Vfy.js                                                      8.04 kB
dist/assets/index-CMu2EZEY.js                                                                       8.10 kB
dist/assets/WorkbenchGuide-BoxBk_bo.js                                                              8.18 kB
dist/assets/handleDetail-CaRbjQwF.js                                                                8.23 kB
dist/assets/genInfoForm.vue_vue_type_script_setup_true_lang-C_cfO7N8.js                             8.25 kB
dist/assets/handleDetail.vue_vue_type_script_setup_true_lang-BXR-TvSy.js                            8.26 kB
dist/assets/handleDetail-dUZwfIKF.js                                                                8.37 kB
dist/assets/handleDetail-DD2jYIgH.js                                                                8.68 kB
dist/assets/index-CCPZooO1.js                                                                       8.75 kB
dist/assets/pricingBasis-8PEze-EG.js                                                                8.84 kB
dist/assets/handleDetail-BvBftO0e.js                                                                8.94 kB
dist/assets/handleDetail-C38UKSDf.js                                                                9.03 kB
dist/assets/handleDetail-BObcEgBc.js                                                                9.12 kB
dist/assets/index-CtlD5RxL.js                                                                       9.21 kB
dist/assets/data-Ds6S97zn.js                                                                        9.25 kB
dist/assets/handleDetail-m9YhweHc.js                                                                9.52 kB
dist/assets/handleDetail-BJu9lki5.js                                                                9.77 kB
dist/assets/handleDetail-BSxEaM_L.js                                                               10.07 kB
dist/assets/index-CiGuBygF.js                                                                      10.17 kB
dist/assets/pier-replenish-CDZvh_ch.js                                                             10.44 kB
dist/assets/handleDetail-BQk9bOWS.js                                                               10.53 kB
dist/assets/handleDetail-j77EkQv7.js                                                               11.14 kB
dist/assets/WorkbenchArrivalChart-C785bvUW.js                                                      11.26 kB
dist/assets/handleDetail-DjL-JJid.js                                                               11.36 kB
dist/assets/handleDetail-DIORvxva.js                                                               11.47 kB
dist/assets/CustomsInfo-D3pC6Vle.js                                                                11.89 kB
dist/assets/index-AHuDPP6z.js                                                                      11.98 kB
dist/assets/handleDetail-DqOmIGoV.js                                                               12.39 kB
dist/assets/handleDetail.vue_vue_type_script_setup_true_lang-C5uLDtnj.js                           12.75 kB
dist/assets/pier-add-BXWR2x-D.js                                                                   12.94 kB
dist/assets/handleDetail-CDxKZD5o.js                                                               13.26 kB
dist/assets/index-CowPuXtp.js                                                                      13.37 kB
dist/assets/handleDetail-NXDkmJrN.js                                                               13.42 kB
dist/assets/import-data-dialog-Bk8FNBpy.js                                                         13.55 kB
dist/assets/BillBasicInfo-ydw2iz64.js                                                              13.64 kB
dist/assets/handleDetail-Dc1v8-fd.js                                                               13.96 kB
dist/assets/index-z18o1mTt.js                                                                      14.23 kB
dist/assets/yard-replenish-BuIqPf0o.js                                                             14.71 kB
dist/assets/index-CljdgOJb.js                                                                      14.80 kB
dist/assets/handleDetail.vue_vue_type_script_setup_true_lang-DYRWdorp.js                           14.84 kB
dist/assets/SeaInfo-4TTK9bgU.js                                                                    15.33 kB
dist/assets/yard-add-BfpRynA2.js                                                                   16.50 kB
dist/assets/handleDetail-qjCHhW1o.js                                                               16.96 kB
dist/assets/handleDetail-DmzS_t3H.js                                                               16.97 kB
dist/assets/handleDetail-BV608jA4.js                                                               17.56 kB
dist/assets/InspectionInfo-DrrCcdIj.js                                                             19.54 kB
dist/assets/CargoInfo-BGT_-xd_.js                                                                  19.59 kB
dist/assets/SimpleTrack-C113WlxI.js                                                                20.47 kB
dist/assets/vendor-qrcode-BzJancgL.js                                                              22.98 kB
dist/assets/handleDetail-DrSrIlxr.js                                                               25.47 kB
dist/assets/vendor-cropper-DZdUkNjq.js                                                             30.44 kB
dist/assets/historyRateDialog-DcHXNCAq.js                                                          33.70 kB
dist/assets/ShipDetailModal-yudEzxlt.js                                                            33.82 kB
dist/assets/ContainerDynamicDialog-Dx0ZRL7g.js                                                     35.36 kB
dist/assets/handleDetail-BYRv_-Tq.js                                                               35.82 kB
dist/assets/vendor-sortable-DzmX_rHT.js                                                            37.04 kB
dist/assets/index.vue_vue_type_script_setup_true_lang-ULkJJEdH.js                                  43.09 kB
dist/assets/handleDetail-BuYhFn88.js                                                               45.54 kB
dist/assets/index-D3nNhpye.js                                                                      46.66 kB
dist/assets/steps03-iTwJlKtO.js                                                                    49.66 kB
dist/assets/index-ARqC-77N.js                                                                      51.32 kB
dist/assets/overViewDrawer-CqZv57Tw.js                                                             61.93 kB
dist/assets/handleDetail-ucm95xYc.js                                                               64.43 kB
dist/assets/vendor-vue-CUR0wl5P.js                                                                 97.49 kB
dist/assets/vendor-utils-C0JV0Y88.js                                                              128.31 kB
dist/assets/404-D1lblsXG.js                                                                       177.03 kB
dist/assets/vendor-flow-D73ZFRun.js                                                               196.44 kB
dist/assets/vendor-Pwqm2qVg.js                                                                    246.59 kB
dist/assets/vendor-lottie-D1gNR1_d.js                                                             314.31 kB
dist/assets/index-CsbBwbL4.js                                                                     449.26 kB
dist/assets/vendor-editor-DUYUbp4U.js                                                             807.37 kB
dist/assets/vendor-l7-BvUHhbUL.js                                                                 821.96 kB
dist/assets/vendor-element-kazS7Nzc.js                                                            970.47 kB
dist/assets/vendor-echarts-BDA31Hqk.js                                                          1,026.87 kB
✓ built in 2m 24s

✨ [vite-plugin-compression]:algorithm=gzip - compressed file successfully: 
dist//pgdata/pg/dh/minerals-frontend/assets/BillBasicInfo-ydw2iz64.js.gz                                      13.85kb / gzip: 4.07kb
dist//pgdata/pg/dh/minerals-frontend/assets/CargoInfo-BGT_-xd_.js.gz                                          19.98kb / gzip: 5.64kb
dist//pgdata/pg/dh/minerals-frontend/assets/CustomsInfo-D3pC6Vle.js.gz                                        12.33kb / gzip: 4.25kb
dist//pgdata/pg/dh/minerals-frontend/assets/InspectionInfo-DrrCcdIj.js.gz                                     19.90kb / gzip: 5.64kb
dist//pgdata/pg/dh/minerals-frontend/assets/SimpleTrack-C113WlxI.js.gz                                        20.03kb / gzip: 10.53kb
dist//pgdata/pg/dh/minerals-frontend/assets/WorkbenchArrivalChart-C785bvUW.js.gz                              11.26kb / gzip: 6.32kb
dist//pgdata/pg/dh/minerals-frontend/assets/404-D1lblsXG.js.gz                                                173.26kb / gzip: 11.32kb
dist//pgdata/pg/dh/minerals-frontend/assets/handleDetail-BQk9bOWS.js.gz                                       10.71kb / gzip: 4.28kb
dist//pgdata/pg/dh/minerals-frontend/assets/SeaInfo-4TTK9bgU.js.gz                                            15.73kb / gzip: 5.25kb
dist//pgdata/pg/dh/minerals-frontend/assets/handleDetail-BYRv_-Tq.js.gz                                       35.66kb / gzip: 7.83kb
dist//pgdata/pg/dh/minerals-frontend/assets/handleDetail-CDxKZD5o.js.gz                                       13.72kb / gzip: 3.96kb
dist//pgdata/pg/dh/minerals-frontend/assets/handleDetail-BuYhFn88.js.gz                                       46.42kb / gzip: 13.37kb
dist//pgdata/pg/dh/minerals-frontend/assets/handleDetail-Dc1v8-fd.js.gz                                       14.19kb / gzip: 4.94kb
dist//pgdata/pg/dh/minerals-frontend/assets/handleDetail-DIORvxva.js.gz                                       11.90kb / gzip: 3.42kb
dist//pgdata/pg/dh/minerals-frontend/assets/handleDetail-BV608jA4.js.gz                                       17.98kb / gzip: 5.11kb
dist//pgdata/pg/dh/minerals-frontend/assets/handleDetail-DjL-JJid.js.gz                                       11.61kb / gzip: 3.83kb
dist//pgdata/pg/dh/minerals-frontend/assets/handleDetail-DqOmIGoV.js.gz                                       12.92kb / gzip: 4.36kb
dist//pgdata/pg/dh/minerals-frontend/assets/handleDetail-DrSrIlxr.js.gz                                       26.14kb / gzip: 7.75kb
dist//pgdata/pg/dh/minerals-frontend/assets/handleDetail-NXDkmJrN.js.gz                                       13.81kb / gzip: 4.40kb
dist//pgdata/pg/dh/minerals-frontend/assets/handleDetail-j77EkQv7.js.gz                                       11.29kb / gzip: 3.79kb
dist//pgdata/pg/dh/minerals-frontend/assets/handleDetail-qjCHhW1o.js.gz                                       17.36kb / gzip: 4.93kb
dist//pgdata/pg/dh/minerals-frontend/assets/handleDetail.vue_vue_type_script_setup_true_lang-C5uLDtnj.js.gz   13.02kb / gzip: 3.60kb
dist//pgdata/pg/dh/minerals-frontend/assets/handleDetail-BSxEaM_L.js.gz                                       10.29kb / gzip: 3.69kb
dist//pgdata/pg/dh/minerals-frontend/assets/import-data-dialog-Bk8FNBpy.js.gz                                 13.84kb / gzip: 6.54kb
dist//pgdata/pg/dh/minerals-frontend/assets/index-AHuDPP6z.js.gz                                              12.22kb / gzip: 5.95kb
dist//pgdata/pg/dh/minerals-frontend/assets/handleDetail-DmzS_t3H.js.gz                                       17.56kb / gzip: 5.45kb
dist//pgdata/pg/dh/minerals-frontend/assets/index-BsX-IhUX.css.gz                                             19.17kb / gzip: 4.02kb
dist//pgdata/pg/dh/minerals-frontend/assets/index-CiGuBygF.js.gz                                              10.17kb / gzip: 6.34kb
dist//pgdata/pg/dh/minerals-frontend/assets/index-CowPuXtp.js.gz                                              13.86kb / gzip: 5.23kb
dist//pgdata/pg/dh/minerals-frontend/assets/index-CljdgOJb.js.gz                                              15.25kb / gzip: 5.25kb
dist//pgdata/pg/dh/minerals-frontend/assets/index-z18o1mTt.js.gz                                              14.37kb / gzip: 4.88kb
dist//pgdata/pg/dh/minerals-frontend/assets/index-D-BkZjmS.css.gz                                             53.84kb / gzip: 10.46kb
dist//pgdata/pg/dh/minerals-frontend/assets/index.vue_vue_type_script_setup_true_lang-ULkJJEdH.js.gz          44.06kb / gzip: 9.81kb
dist//pgdata/pg/dh/minerals-frontend/assets/pier-add-BXWR2x-D.js.gz                                           13.44kb / gzip: 4.54kb
dist//pgdata/pg/dh/minerals-frontend/assets/pier-replenish-CDZvh_ch.js.gz                                     10.95kb / gzip: 4.04kb
dist//pgdata/pg/dh/minerals-frontend/assets/index-D3nNhpye.js.gz                                              46.99kb / gzip: 10.46kb
dist//pgdata/pg/dh/minerals-frontend/assets/overViewDrawer-BQko83fk.css.gz                                    17.01kb / gzip: 3.11kb
dist//pgdata/pg/dh/minerals-frontend/assets/steps03-iTwJlKtO.js.gz                                            48.49kb / gzip: 9.15kb
dist//pgdata/pg/dh/minerals-frontend/assets/vendor-editor-CpCzGeOH.css.gz                                     14.46kb / gzip: 2.76kb
dist//pgdata/pg/dh/minerals-frontend/assets/handleDetail.vue_vue_type_script_setup_true_lang-DYRWdorp.js.gz   15.12kb / gzip: 4.10kb
dist//pgdata/pg/dh/minerals-frontend/assets/vendor-cropper-DZdUkNjq.js.gz                                     29.74kb / gzip: 7.98kb
dist//pgdata/pg/dh/minerals-frontend/assets/vendor-qrcode-BzJancgL.js.gz                                      22.44kb / gzip: 8.79kb
dist//pgdata/pg/dh/minerals-frontend/assets/yard-replenish-BuIqPf0o.js.gz                                     15.44kb / gzip: 5.12kb
dist//pgdata/pg/dh/minerals-frontend/assets/ContainerDynamicDialog-Dx0ZRL7g.js.gz                             34.91kb / gzip: 22.60kb
dist//pgdata/pg/dh/minerals-frontend/assets/yard-add-BfpRynA2.js.gz                                           17.10kb / gzip: 5.35kb
dist//pgdata/pg/dh/minerals-frontend/assets/historyRateDialog-DcHXNCAq.js.gz                                  32.97kb / gzip: 22.93kb
dist//pgdata/pg/dh/minerals-frontend/assets/ShipDetailModal-yudEzxlt.js.gz                                    33.28kb / gzip: 19.89kb
dist//pgdata/pg/dh/minerals-frontend/assets/handleDetail-ucm95xYc.js.gz                                       66.09kb / gzip: 17.86kb
dist//pgdata/pg/dh/minerals-frontend/assets/index-ARqC-77N.js.gz                                              50.65kb / gzip: 23.53kb
dist//pgdata/pg/dh/minerals-frontend/assets/overViewDrawer-CqZv57Tw.js.gz                                     61.26kb / gzip: 30.22kb
dist//pgdata/pg/dh/minerals-frontend/assets/vendor-sortable-DzmX_rHT.js.gz                                    36.18kb / gzip: 12.56kb
dist//pgdata/pg/dh/minerals-frontend/assets/vendor-vue-CUR0wl5P.js.gz                                         95.21kb / gzip: 37.79kb
dist//pgdata/pg/dh/minerals-frontend/assets/vendor-utils-C0JV0Y88.js.gz                                       125.49kb / gzip: 46.10kb
dist//pgdata/pg/dh/minerals-frontend/assets/vendor-element-5_QS-GLn.css.gz                                    352.63kb / gzip: 46.56kb
dist//pgdata/pg/dh/minerals-frontend/assets/vendor-flow-D73ZFRun.js.gz                                        191.84kb / gzip: 63.26kb
dist//pgdata/pg/dh/minerals-frontend/assets/vendor-Pwqm2qVg.js.gz                                             240.82kb / gzip: 81.93kb
dist//pgdata/pg/dh/minerals-frontend/assets/vendor-lottie-D1gNR1_d.js.gz                                      306.94kb / gzip: 78.90kb
dist//pgdata/pg/dh/minerals-frontend/assets/index-CsbBwbL4.js.gz                                              443.39kb / gzip: 151.55kb
dist//pgdata/pg/dh/minerals-frontend/data/world.json.gz                                                       395.63kb / gzip: 147.73kb
dist//pgdata/pg/dh/minerals-frontend/assets/vendor-l7-BvUHhbUL.js.gz                                          808.13kb / gzip: 203.80kb
dist//pgdata/pg/dh/minerals-frontend/assets/vendor-editor-DUYUbp4U.js.gz                                      789.84kb / gzip: 274.61kb
dist//pgdata/pg/dh/minerals-frontend/assets/vendor-element-kazS7Nzc.js.gz                                     948.75kb / gzip: 293.53kb
dist//pgdata/pg/dh/minerals-frontend/assets/vendor-echarts-BDA31Hqk.js.gz                                     1003.45kb / gzip: 331.56kb


