
> ruoyi@3.6.4 build
> cross-env NODE_OPTIONS=--max-old-space-size=3072 vite build

vite v5.0.4 building for production...
transforming...
DEPRECATION WARNING: Using / for division outside of calc() is deprecated and will be removed in Dart Sass 2.0.0.

Recommendation: math.div($col-width - 10px, 2) or calc(($col-width - 10px) / 2)

More info and automated migrator: https://sass-lang.com/d/slash-div

    ╷
122 │   padding-left: ($col-width - 10px) / 2;
    │                 ^^^^^^^^^^^^^^^^^^^^^^^
    ╵
    src/views/workbench/vessel-tracking/components/ShipTrack/SimpleTrack.vue 122:17  root stylesheet

[1m[33m[@vue/compiler-sfc][0m[33m :deep usage as a combinator has been deprecated. Use :deep(<inner-selector>) instead of :deep <inner-selector>.[0m

[plugin:vite:esbuild] [plugin vite:esbuild] src/views/system/user/index.vue?vue&type=script&setup=true&name=User&lang.ts: The following expression is not returned because of an automatically-inserted semicolon
326|  function handleAdd() {
327|    router.push({ path: '/system/user/add' })
328|    return
   |          ^
329|    reset()
330|    getUser().then(response => {

[plugin:vite:esbuild] [plugin vite:esbuild] src/views/system/user/index.vue?vue&type=script&setup=true&name=User&lang.ts: The following expression is not returned because of an automatically-inserted semicolon
345|      query: { id: row.userId }
346|    })
347|    return
   |          ^
348|    reset()
349|    const userId = row.userId || ids.value

[plugin:vite:esbuild] [plugin vite:esbuild] src/views/system/role/index.vue?vue&type=script&setup=true&name=Role&lang.ts: The following expression is not returned because of an automatically-inserted semicolon
272|      query: { id: row.roleId }
273|    })
274|    return
   |          ^
275|    reset()
276|    const roleId = row.roleId || ids.value

[plugin:vite:esbuild] [plugin vite:esbuild] src/views/system/dept/index.vue?vue&type=script&setup=true&name=Dept&lang.ts: The following expression is not returned because of an automatically-inserted semicolon
123|  function handleAdd(row) {
124|    router.push({ path: '/system/dept/add', query: { parentId: row.deptId } })
125|    return
   |          ^
126|    reset()
127|    listDept().then(response => {

[plugin:vite:esbuild] [plugin vite:esbuild] src/views/system/dept/index.vue?vue&type=script&setup=true&name=Dept&lang.ts: The following expression is not returned because of an automatically-inserted semicolon
151|      query: { id: row.deptId }
152|    })
153|    return
   |          ^
154|    reset()
155|    listDeptExcludeChild(row.deptId).then(response => {

[plugin:vite:esbuild] [plugin vite:esbuild] src/views/goods-library/category/index.vue?vue&type=script&setup=true&name=Category&lang.ts: The following expression is not returned because of an automatically-inserted semicolon
144|      query: { parentId: row.id }
145|    })
146|    return
   |          ^
147|    reset()
148|    selectedData.value = []

[plugin:vite:esbuild] [plugin vite:esbuild] src/views/goods-library/category/index.vue?vue&type=script&setup=true&name=Category&lang.ts: The following expression is not returned because of an automatically-inserted semicolon
172|      query: { id: row.id }
173|    })
174|    return
   |          ^
175|    reset()
176|  

✓ 4686 modules transformed.
Circular chunk: vendor-element -> vendor-utils -> vendor-element. Please adjust the manual chunk logic for these chunks.
Circular chunk: vendor-element -> vendor -> vendor-element. Please adjust the manual chunk logic for these chunks.
node_modules/lottie-web/build/player/lottie.js (17010:32): Use of eval in "node_modules/lottie-web/build/player/lottie.js" is strongly discouraged as it poses security risks and may cause issues with minification.
rendering chunks...
dist/index.html                                                                                     2.73 kB
dist/assets/node-status-04-arrive-DIUTbzSh.svg                                                      4.20 kB
dist/assets/node-status-04-0_jlISF4.svg                                                             4.21 kB
dist/assets/ccyf-1-gXi7gBw2.svg                                                                     4.58 kB
dist/assets/sxgl-1-BxXZ6mT_.svg                                                                     4.73 kB
dist/assets/node-status-05-arrive-Cbf-LAQm.svg                                                      5.04 kB
dist/assets/node-status-05-ClBpergX.svg                                                             5.04 kB
dist/assets/ai-send-Brxzq_Z-.png                                                                    5.31 kB
dist/assets/huowu-FPPeLCw-.png                                                                      6.89 kB
dist/assets/daiban-Cdf0IoIb.png                                                                     6.94 kB
dist/assets/huowu_checked-Dun4JFpN.png                                                              7.22 kB
dist/assets/daiban_checked--GFLrXoo.png                                                             7.27 kB
dist/assets/yujing-C9lxRbf2.png                                                                     7.29 kB
dist/assets/zijin-MF8VAKrA.png                                                                      7.30 kB
dist/assets/zijin_checked-DSsTtCWG.png                                                              7.63 kB
dist/assets/yujing_checked-C64swqIh.png                                                             7.63 kB
dist/assets/upload-icon-ai01-LSiXKG8h.png                                                           7.70 kB
dist/assets/footer-D9T2uIt8.png                                                                     9.47 kB
dist/assets/home-logo-DyADt_Kd.png                                                                 10.34 kB
dist/assets/shrink_screen-D5N4SkXH.png                                                             11.46 kB
dist/assets/full_screen-DM45HkSA.png                                                               11.49 kB
dist/assets/right_open-M8zWF4Sd.png                                                                12.55 kB
dist/assets/search_icon-BY_YEt4j.png                                                               12.81 kB
dist/assets/ai-title-BFwxJsVc.png                                                                  13.90 kB
dist/assets/login-logo-i9mZfEIM.png                                                                15.13 kB
dist/assets/workbench-icon07-rhmsDEDK.png                                                          18.92 kB
dist/assets/total-icon-1-1EVbkxxD.png                                                              23.65 kB
dist/assets/total-icon-3-CC_poT1y.png                                                              25.02 kB
dist/assets/total-icon-2-0twGJkNq.png                                                              25.14 kB
dist/assets/ai-logo-_iLaZkrd.svg                                                                   26.59 kB
dist/assets/Rectangle-DT0I-AWE.png                                                                 26.86 kB
dist/assets/ai-icon03-SuwmYYlp.png                                                                 27.02 kB
dist/assets/ljzl-CxwV0Ja0.png                                                                      28.64 kB
dist/assets/pjdj-OMQfUA1F.png                                                                      28.73 kB
dist/assets/ljje-pLycd_Q5.png                                                                      30.49 kB
dist/assets/no_data-BodihGeq.png                                                                   38.13 kB
dist/assets/ai-icon02-HsjwsWD8.png                                                                 39.63 kB
dist/assets/zk-logo-BttDFYYy.png                                                                   63.84 kB
dist/assets/weapp_qrcode-DyxlQdkR.jpg                                                              78.17 kB
dist/assets/profile-DruvkrZU.jpg                                                                   81.13 kB
dist/assets/401-HGF6Q5qM.gif                                                                      164.23 kB
dist/assets/header-do_vdGYj.png                                                                   283.86 kB
dist/assets/noData-BkfUfgkE.png                                                                   436.72 kB
dist/assets/login-background-Dyj5WnPe.png                                                       4,546.24 kB
dist/assets/gif-ai-B3kz4Zym.webm                                                                7,184.33 kB
dist/assets/ai-icon03-Dom6HMWn.gif                                                              8,531.19 kB
dist/assets/index-B33pvwdp.css                                                                      0.04 kB
dist/assets/index-CF7i8XdF.css                                                                      0.04 kB
dist/assets/data-DVXS5Cv_.css                                                                       0.05 kB
dist/assets/detail-D_YJ50WC.css                                                                     0.05 kB
dist/assets/BillingSubjectForm-BhQr4L6i.css                                                         0.05 kB
dist/assets/handleDetail-D2FmHqs_.css                                                               0.05 kB
dist/assets/handleDetail-CE7vZhVS.css                                                               0.05 kB
dist/assets/editAttachmentDialog-DKlngSRI.css                                                       0.05 kB
dist/assets/handleDetail-D8qqutdS.css                                                               0.05 kB
dist/assets/handleDetail-BDjMoEQ1.css                                                               0.05 kB
dist/assets/handleDetail-Ch0RQo3Y.css                                                               0.05 kB
dist/assets/handleDetail-DVOIa6CM.css                                                               0.05 kB
dist/assets/handleDetail-B-Ou6Eag.css                                                               0.05 kB
dist/assets/pier-add-BhC3cMb4.css                                                                   0.05 kB
dist/assets/pier-detail-RSpcpCwo.css                                                                0.05 kB
dist/assets/yard-detail-0GML_kmt.css                                                                0.05 kB
dist/assets/index-EIBUHmnx.css                                                                      0.05 kB
dist/assets/handleDetail-DYMzFM-5.css                                                               0.06 kB
dist/assets/handleDetail-G-4dDwuK.css                                                               0.07 kB
dist/assets/index-DAhPelHV.css                                                                      0.08 kB
dist/assets/index-Dl9X3mtD.css                                                                      0.08 kB
dist/assets/yard-add-BSde4cWl.css                                                                   0.10 kB
dist/assets/index-DPMgyohT.css                                                                      0.10 kB
dist/assets/handleDetail-9ALuvAXt.css                                                               0.10 kB
dist/assets/customs-clearance-BErv_Tm_.css                                                          0.11 kB
dist/assets/handleDetail-B3zFG6f4.css                                                               0.11 kB
dist/assets/handleDetail-Ch6-nXwk.css                                                               0.13 kB
dist/assets/direct-yard-Dw_FCeAQ.css                                                                0.14 kB
dist/assets/index-BjpYbwMF.css                                                                      0.14 kB
dist/assets/index-D_9yd8wy.css                                                                      0.17 kB
dist/assets/warehouse-WMd-822k.css                                                                  0.18 kB
dist/assets/index-C1JxB2Wq.css                                                                      0.19 kB
dist/assets/index-r4gYbZH-.css                                                                      0.19 kB
dist/assets/index-CdhIpCxk.css                                                                      0.19 kB
dist/assets/handleDetail-DnTbhUvs.css                                                               0.19 kB
dist/assets/handleDetail-3-MUjZ95.css                                                               0.19 kB
dist/assets/handleDetail-94vOenFO.css                                                               0.19 kB
dist/assets/handleDetail-Bv2Yh05L.css                                                               0.19 kB
dist/assets/handleDetail-CWIGVg2-.css                                                               0.19 kB
dist/assets/handleDetail-DA-MvETJ.css                                                               0.19 kB
dist/assets/handleDetail-bou6UVBg.css                                                               0.19 kB
dist/assets/index-EGjqm05P.css                                                                      0.21 kB
dist/assets/index-D1D7rdXB.css                                                                      0.21 kB
dist/assets/pick-up-terminal-DQV6iOrS.css                                                           0.21 kB
dist/assets/handleDetail-Bmbc2tNQ.css                                                               0.21 kB
dist/assets/handleDetail-Dv9_LFYQ.css                                                               0.22 kB
dist/assets/handleDetail-DraDTJSR.css                                                               0.22 kB
dist/assets/handleDetail-Cj0yreT5.css                                                               0.22 kB
dist/assets/SalesGoodsSection-BQEVesco.css                                                          0.24 kB
dist/assets/handleDetail-Bg18LPh7.css                                                               0.26 kB
dist/assets/index-mHC4WSEd.css                                                                      0.29 kB
dist/assets/orderList-Bwp3oN6q.css                                                                  0.29 kB
dist/assets/index-Bui0r1sk.css                                                                      0.29 kB
dist/assets/bankInfoList-C2RO1IC3.css                                                               0.29 kB
dist/assets/purOrderList-C-Was7w2.css                                                               0.29 kB
dist/assets/storageStage1-Dy4EjeqR.css                                                              0.29 kB
dist/assets/storageStage2-C6ry2BAw.css                                                              0.29 kB
dist/assets/storageStage3-fPJDXeAd.css                                                              0.29 kB
dist/assets/index-i3YPiFmh.css                                                                      0.29 kB
dist/assets/bankInfoList-BfERrrv8.css                                                               0.29 kB
dist/assets/index-BLhQhs9X.css                                                                      0.29 kB
dist/assets/index-BTSGFFmO.css                                                                      0.29 kB
dist/assets/index-BO7kywZf.css                                                                      0.29 kB
dist/assets/index-BK_4WP4z.css                                                                      0.29 kB
dist/assets/index-BfRP-gJ3.css                                                                      0.29 kB
dist/assets/index-DYKex7Fo.css                                                                      0.29 kB
dist/assets/purOrderList-06RM4hnA.css                                                               0.29 kB
dist/assets/index-C2Ew4GQN.css                                                                      0.29 kB
dist/assets/bankInfoList-DB0z3ah7.css                                                               0.29 kB
dist/assets/storageStage1-DG5Ooix0.css                                                              0.29 kB
dist/assets/storageStage2-CJn7CfKC.css                                                              0.29 kB
dist/assets/storageStage3-43mNAFVH.css                                                              0.29 kB
dist/assets/index-CYu45gZg.css                                                                      0.29 kB
dist/assets/bankInfoList-BgrS76im.css                                                               0.29 kB
dist/assets/handleDetail-C2UX7fJ2.css                                                               0.30 kB
dist/assets/PurchaseGoodsSection-C_nEd07p.css                                                       0.31 kB
dist/assets/SettlementInfo-CVOD2lBV.css                                                             0.33 kB
dist/assets/handleDetail-DZthC9NE.css                                                               0.33 kB
dist/assets/handleDetail-BnluKT7D.css                                                               0.35 kB
dist/assets/handleDetail-CBoUAvPz.css                                                               0.36 kB
dist/assets/handleDetail-Duptgk1g.css                                                               0.36 kB
dist/assets/pricingBasis-B1YhjB2W.css                                                               0.36 kB
dist/assets/handleDetail-kN5SpauY.css                                                               0.36 kB
dist/assets/userAvatar-C2lWUHJw.css                                                                 0.38 kB
dist/assets/handleDetail-_Db-VIwN.css                                                               0.38 kB
dist/assets/index-B8-qmob7.css                                                                      0.39 kB
dist/assets/index-CQVPJC0q.css                                                                      0.41 kB
dist/assets/index-CFITkCwV.css                                                                      0.41 kB
dist/assets/index-xYIfEl_P.css                                                                      0.41 kB
dist/assets/historyRateDialog-D2QyCAxI.css                                                          0.41 kB
dist/assets/index-CXGgQX-X.css                                                                      0.41 kB
dist/assets/qualitySettlement-DCKKjiiA.css                                                          0.42 kB
dist/assets/handleDetail-DNwpDVA9.css                                                               0.42 kB
dist/assets/detail-CJfd2CDf.css                                                                     0.43 kB
dist/assets/OrderAttachmentSection-B-TsU9Yx.css                                                     0.47 kB
dist/assets/index-ChAMbhKz.css                                                                      0.53 kB
dist/assets/index-DHCxIbiW.css                                                                      0.53 kB
dist/assets/detail-DRxrslJC.css                                                                     0.53 kB
dist/assets/handleDetail-CvhRrbBs.css                                                               0.64 kB
dist/assets/handleDetail-Dk4iTu6b.css                                                               0.67 kB
dist/assets/handleDetail-C8aIPdy9.css                                                               0.67 kB
dist/assets/BillBasicInfo-sFdkyZk8.css                                                              0.70 kB
dist/assets/inspection-info-CRnGvhl9.css                                                            0.71 kB
dist/assets/ocean-freight-CDtZk0Bx.css                                                              0.71 kB
dist/assets/receipt-payment-CNkNapp-.css                                                            0.71 kB
dist/assets/settlement-info-Bt0sBmSw.css                                                            0.71 kB
dist/assets/401-DTcjfNVL.css                                                                        0.75 kB
dist/assets/index-pw770lNe.css                                                                      0.75 kB
dist/assets/handleDetail-777ilspl.css                                                               0.80 kB
dist/assets/CargoInfo-B2B7XxIO.css                                                                  0.80 kB
dist/assets/InspectionInfo-CnTzvELo.css                                                             0.81 kB
dist/assets/index-BfE3jXvW.css                                                                      0.91 kB
dist/assets/register-C0xLBvdi.css                                                                   1.00 kB
dist/assets/detail-B9X-38hK.css                                                                     1.02 kB
dist/assets/CustomsInfo-BqDKvZ5z.css                                                                1.05 kB
dist/assets/handleDetail-EbE0MBXh.css                                                               1.07 kB
dist/assets/handleDetail-D_s3qqmy.css                                                               1.08 kB
dist/assets/OrderAttachmentSection-BpZKaYZX.css                                                     1.20 kB
dist/assets/handleDetail-DmFc2Tsc.css                                                               1.21 kB
dist/assets/index-B1uIKnJM.css                                                                      1.24 kB
dist/assets/WorkbenchSummaryCards-CpQ6OmKp.css                                                      1.26 kB
dist/assets/WorkbenchArrivalChart-ADTc3ZIv.css                                                      1.35 kB
dist/assets/pier-replenish-CPw3bYOk.css                                                             1.43 kB
dist/assets/yard-replenish-HgTdbQFO.css                                                             1.43 kB
dist/assets/index-BMzJUbcQ.css                                                                      1.45 kB
dist/assets/index-BlQV4FTv.css                                                                      1.51 kB
dist/assets/handleDetail-BJaK_NHT.css                                                               1.58 kB
dist/assets/handleDetail-CDruWDWy.css                                                               1.76 kB
dist/assets/handleDetail-c6VhkaEA.css                                                               1.90 kB
dist/assets/SeaInfo-BzPESkFz.css                                                                    2.06 kB
dist/assets/404-Dg6J1wpR.css                                                                        2.09 kB
dist/assets/styles-BBOkRdF-.css                                                                     2.49 kB
dist/assets/index-BvDJk9nA.css                                                                      2.53 kB
dist/assets/index-DYo8Q6qH.css                                                                      2.61 kB
dist/assets/handleDetail-DhQliFsw.css                                                               2.66 kB
dist/assets/index-6F-R9Htn.css                                                                      2.71 kB
dist/assets/SimpleTrack-BEovI6p5.css                                                                2.99 kB
dist/assets/index-CkWTMgxs.css                                                                      3.30 kB
dist/assets/TrackNode-Bl2y2dIz.css                                                                  3.32 kB
dist/assets/SpecialNode-D8xgiHA2.css                                                                3.41 kB
dist/assets/ShipDetailModal-BupjS4Gz.css                                                            3.42 kB
dist/assets/index-CLlY-yUV.css                                                                      3.62 kB
dist/assets/index-CefYgPX2.css                                                                      4.03 kB
dist/assets/import-data-dialog-BcROIqKe.css                                                         4.16 kB
dist/assets/vendor-DAIax6p0.css                                                                     4.28 kB
dist/assets/overViewDrawer-COB3ljN-.css                                                             4.30 kB
dist/assets/login-Nas6oJQs.css                                                                      4.36 kB
dist/assets/WorkbenchWarningList-CRBZIjB9.css                                                       4.57 kB
dist/assets/WorkbenchContractNodes-BY03f3Q9.css                                                     4.85 kB
dist/assets/index-T1ewhuZT.css                                                                      5.36 kB
dist/assets/WorkbenchGuide-BFP7hvvP.css                                                             5.43 kB
dist/assets/handleDetail-C5xMdjyp.css                                                               5.72 kB
dist/assets/handleDetail-BAXz4rip.css                                                               5.81 kB
dist/assets/index-WflQuI8p.css                                                                      6.37 kB
dist/assets/ContainerDynamicDialog-B3X1-L4U.css                                                     6.46 kB
dist/assets/vendor-editor-CpCzGeOH.css                                                             14.81 kB
dist/assets/overViewDrawer-BQko83fk.css                                                            17.42 kB
dist/assets/index-BsX-IhUX.css                                                                     19.63 kB
dist/assets/index-D-BkZjmS.css                                                                     55.13 kB
dist/assets/vendor-element-5_QS-GLn.css                                                           361.09 kB
dist/assets/noData-BZiw4I47.js                                                                      0.05 kB
dist/assets/zk-logo-BZW7RDlZ.js                                                                     0.06 kB
dist/assets/ai-title-C2NhT0l4.js                                                                    0.06 kB
dist/assets/ccyf-1-mxsNGx6E.js                                                                      0.06 kB
dist/assets/sxgl-1-CbmZ99Hv.js                                                                      0.06 kB
dist/assets/formatters-B2g95Q5_.js                                                                  0.12 kB
dist/assets/basicInfoForm-BNb5pBPA.js                                                               0.14 kB
dist/assets/index-BtsgQSV7.js                                                                       0.23 kB
dist/assets/bill-cost-vBeUmXY7.js                                                                   0.24 kB
dist/assets/ledger-B1frFpgZ.js                                                                      0.24 kB
dist/assets/index-BM965Ti7.js                                                                       0.25 kB
dist/assets/weapp-DWGPQ80q.js                                                                       0.25 kB
dist/assets/chart-BsLMrzXU.js                                                                       0.26 kB
dist/assets/icBaselineFestival-BVQvfex8.js                                                          0.28 kB
dist/assets/size-Cj9fB5Rp.js                                                                        0.29 kB
dist/assets/resetPwd-LC1JCpMM.js                                                                    0.29 kB
dist/assets/userInfo-CRxJadQ8.js                                                                    0.29 kB
dist/assets/mdi--train-car-box-open-wpryxmnb.js                                                     0.29 kB
dist/assets/importTable-DDDsIx7c.js                                                                 0.29 kB
dist/assets/genInfoForm-BsA-YZmt.js                                                                 0.29 kB
dist/assets/mdi--garage-warning-CfBG63cA.js                                                         0.29 kB
dist/assets/mdi--train-car-box-full-CTB42oXf.js                                                     0.30 kB
dist/assets/detail.vue_vue_type_script_setup_true_name_Pledge-list_2Fdetail_lang-D6lFmbMW.js        0.31 kB
dist/assets/selectUser-DrxTp9fA.js                                                                  0.31 kB
dist/assets/detail.vue_vue_type_script_setup_true_name_Unpledge-list_2Fdetail_lang-TTPflHDy.js      0.31 kB
dist/assets/index-DDZo6DMr.js                                                                       0.32 kB
dist/assets/BankInfoForm-xWxhryjl.js                                                                0.32 kB
dist/assets/handleDetail-Sr6sgPem.js                                                                0.32 kB
dist/assets/lsicon--sales-return-outline-A0fkAem9.js                                                0.32 kB
dist/assets/handleDetail-D0tQd-er.js                                                                0.32 kB
dist/assets/handleDetail-C9gj11j5.js                                                                0.33 kB
dist/assets/lsicon--order-edit-outline-Bsv7dAyq.js                                                  0.33 kB
dist/assets/material-symbols--warehouse-outline-CYz2tBOM.js                                         0.33 kB
dist/assets/mdi--warehouse-jZjJknDt.js                                                              0.35 kB
dist/assets/product-CbAdNvNe.js                                                                     0.35 kB
dist/assets/pick-up-goods-BY8g4wY6.js                                                               0.35 kB
dist/assets/handleDetail-44yUs_Q-.js                                                                0.36 kB
dist/assets/DeliveryOrderForm-BY1u9GPT.js                                                           0.36 kB
dist/assets/lsicon--goods-search-outline-DK8q9gJ_.js                                                0.36 kB
dist/assets/handleDetail-DVUUfuZ_.js                                                                0.36 kB
dist/assets/lets-icons--order-BR5QTHQL.js                                                           0.37 kB
dist/assets/add-DE-N9GGa.js                                                                         0.37 kB
dist/assets/edit-Ca7x_MM8.js                                                                        0.37 kB
dist/assets/mdi--file-import-outline-DbbyQH17.js                                                    0.37 kB
dist/assets/detail-DCg66zbw.js                                                                      0.37 kB
dist/assets/icon-park-outline--payment-method-B-cCt_iC.js                                           0.38 kB
dist/assets/detail-B8OSq8sv.js                                                                      0.38 kB
dist/assets/link-C93f4PgI.js                                                                        0.38 kB
dist/assets/material-symbols--pip-exit-CPMbUefo.js                                                  0.38 kB
dist/assets/index-BhV1r4FZ.js                                                                       0.38 kB
dist/assets/mdi--file-import-D0dhVNW-.js                                                            0.38 kB
dist/assets/material-symbols--pip-exit-outline-z7pD8Pb9.js                                          0.40 kB
dist/assets/add-DFXMSXeL.js                                                                         0.40 kB
dist/assets/add-Bg1tfRIL.js                                                                         0.40 kB
dist/assets/edit-By5Gpzpy.js                                                                        0.40 kB
dist/assets/edit-K7kJkns_.js                                                                        0.40 kB
dist/assets/add-DYJQRBdq.js                                                                         0.40 kB
dist/assets/detail-BjC_eI7_.js                                                                      0.40 kB
dist/assets/detail-ML7tFHtK.js                                                                      0.40 kB
dist/assets/edit-H_koZjYd.js                                                                        0.40 kB
dist/assets/maki--warehouse-7-npw6-m.js                                                             0.40 kB
dist/assets/detail-DuTZmYl5.js                                                                      0.40 kB
dist/assets/DomesticOrderList-DhEykdbm.js                                                           0.40 kB
dist/assets/add-bXWIWOtL.js                                                                         0.40 kB
dist/assets/edit-CYccqY1L.js                                                                        0.41 kB
dist/assets/DomesticOrderList-Due5E6FZ.js                                                           0.41 kB
dist/assets/detail-CyJ3h2Cq.js                                                                      0.41 kB
dist/assets/add-KdCzKfKP.js                                                                         0.41 kB
dist/assets/edit-D98E1GHC.js                                                                        0.41 kB
dist/assets/detail-dkT5ZPVo.js                                                                      0.41 kB
dist/assets/handleDetail-CEqB9Xks.js                                                                0.41 kB
dist/assets/handleDetail-BK1cShS_.js                                                                0.41 kB
dist/assets/detail-DbmjuWmP.js                                                                      0.41 kB
dist/assets/index-DmHY3SaD.js                                                                       0.42 kB
dist/assets/add-CIvzQzC5.js                                                                         0.42 kB
dist/assets/edit-C6psv-AK.js                                                                        0.42 kB
dist/assets/detail-DUD326os.js                                                                      0.42 kB
dist/assets/guide-DZWUPi2j.js                                                                       0.42 kB
dist/assets/lsicon--sales-return-filled-_4bx7spk.js                                                 0.43 kB
dist/assets/goods-store-CZsmCmXw.js                                                                 0.43 kB
dist/assets/money-B1qqPuhn.js                                                                       0.43 kB
dist/assets/add-DZidzGso.js                                                                         0.44 kB
dist/assets/add-CIHr6JP0.js                                                                         0.44 kB
dist/assets/edit-C1zh5Bti.js                                                                        0.44 kB
dist/assets/edit-CSgBehDS.js                                                                        0.44 kB
dist/assets/add-D4-v8AIF.js                                                                         0.44 kB
dist/assets/edit-BJ9qKR6i.js                                                                        0.44 kB
dist/assets/add-B-wS9lH6.js                                                                         0.44 kB
dist/assets/add-Cy_Hz_HY.js                                                                         0.44 kB
dist/assets/edit-UjZ-EZds.js                                                                        0.44 kB
dist/assets/detail-LWHydur4.js                                                                      0.45 kB
dist/assets/edit-QEeMwUsH.js                                                                        0.45 kB
dist/assets/add-D4eWS0uK.js                                                                         0.45 kB
dist/assets/edit-TI6yIlI5.js                                                                        0.45 kB
dist/assets/detail-saqP4paG.js                                                                      0.45 kB
dist/assets/drag-BG1_I1vT.js                                                                        0.45 kB
dist/assets/add-C6SdVz1X.js                                                                         0.45 kB
dist/assets/add-Bek1qcsq.js                                                                         0.45 kB
dist/assets/edit-CZYaJoLy.js                                                                        0.45 kB
dist/assets/edit-Dd9vI1yl.js                                                                        0.45 kB
dist/assets/detail-20ed4d0h.js                                                                      0.45 kB
dist/assets/detail-BnZM6zRb.js                                                                      0.45 kB
dist/assets/detail-DAxSnCXt.js                                                                      0.45 kB
dist/assets/add-BDg1HfJK.js                                                                         0.45 kB
dist/assets/edit-BHhEUxcM.js                                                                        0.45 kB
dist/assets/add-C98imghr.js                                                                         0.45 kB
dist/assets/edit-C821Pv4I.js                                                                        0.45 kB
dist/assets/detail-BcbgXiDF.js                                                                      0.45 kB
dist/assets/add-L34Pcwp8.js                                                                         0.45 kB
dist/assets/add-B7IUo8FI.js                                                                         0.45 kB
dist/assets/edit-B5Bl6lzY.js                                                                        0.45 kB
dist/assets/detail-D9b0gK2a.js                                                                      0.45 kB
dist/assets/edit-BuYKLG7r.js                                                                        0.46 kB
dist/assets/detail-DCAI8BJG.js                                                                      0.46 kB
dist/assets/detail-B9cFbTlX.js                                                                      0.46 kB
dist/assets/marketData-BNHQ1ImR.js                                                                  0.46 kB
dist/assets/handleDetail-CuxDaBqK.js                                                                0.46 kB
dist/assets/add-z2xrdWY0.js                                                                         0.46 kB
dist/assets/edit-D84y3HXT.js                                                                        0.46 kB
dist/assets/lsicon--house-filled-yBbjZKXn.js                                                        0.46 kB
dist/assets/add-CDtnR0yK.js                                                                         0.47 kB
dist/assets/detail-DTebcrUf.js                                                                      0.47 kB
dist/assets/ri--money-cny-box-fill-S9bWYb4t.js                                                      0.47 kB
dist/assets/add-DGE4PfOQ.js                                                                         0.47 kB
dist/assets/edit-Cghs9o38.js                                                                        0.47 kB
dist/assets/add-rVw_17ey.js                                                                         0.47 kB
dist/assets/detail-CaCdIvyP.js                                                                      0.47 kB
dist/assets/edit-CpsZRIob.js                                                                        0.47 kB
dist/assets/detail-_6xQjcCY.js                                                                      0.47 kB
dist/assets/mdi--credit-card-edit-D9aVIdFE.js                                                       0.47 kB
dist/assets/detail-H8W3he2-.js                                                                      0.47 kB
dist/assets/lucide-lab--copy-type-IbqfAeUq.js                                                       0.47 kB
dist/assets/add-CDNdMU-R.js                                                                         0.47 kB
dist/assets/add-CX6Es7pZ.js                                                                         0.47 kB
dist/assets/edit-CloeUgDF.js                                                                        0.47 kB
dist/assets/edit-CXgY1Gqh.js                                                                        0.47 kB
dist/assets/edit-DPhWZMwj.js                                                                        0.48 kB
dist/assets/detail-BAxjoLpE.js                                                                      0.48 kB
dist/assets/detail-CfhPEjdh.js                                                                      0.48 kB
dist/assets/detail-BgybV306.js                                                                      0.48 kB
dist/assets/detail-BGyJlfPR.js                                                                      0.48 kB
dist/assets/ri--money-cny-box-line-DRcd_DTy.js                                                      0.48 kB
dist/assets/add-DtTfFiHQ.js                                                                         0.48 kB
dist/assets/edit-D_p2w3dg.js                                                                        0.48 kB
dist/assets/add-BwvT2pTj.js                                                                         0.48 kB
dist/assets/detail-COZE6epT.js                                                                      0.48 kB
dist/assets/email-Dig28Vt2.js                                                                       0.48 kB
dist/assets/edit-BX95mml9.js                                                                        0.48 kB
dist/assets/add-CTXHnfaJ.js                                                                         0.49 kB
dist/assets/add-VIU0Jb5n.js                                                                         0.49 kB
dist/assets/detail-BwhqA0yt.js                                                                      0.49 kB
dist/assets/edit-CAfzzf0h.js                                                                        0.49 kB
dist/assets/edit-CKRXU2Aq.js                                                                        0.49 kB
dist/assets/add-BojDEpy0.js                                                                         0.49 kB
dist/assets/icon-park--payment-method-CP9LtBBa.js                                                   0.49 kB
dist/assets/edit-BK-hMlSl.js                                                                        0.49 kB
dist/assets/add-xIc9Wz1R.js                                                                         0.49 kB
dist/assets/detail-Bp2CTdLE.js                                                                      0.49 kB
dist/assets/edit-DtfL13hh.js                                                                        0.49 kB
dist/assets/detail-Cy_pTNuD.js                                                                      0.49 kB
dist/assets/detail-CNQppF2J.js                                                                      0.49 kB
dist/assets/add-CErfR80q.js                                                                         0.49 kB
dist/assets/system-CFcnP0aJ.js                                                                      0.49 kB
dist/assets/edit-DLlwH9GW.js                                                                        0.49 kB
dist/assets/detail-Cf5LmICu.js                                                                      0.50 kB
dist/assets/detail-D0lX_FKl.js                                                                      0.50 kB
dist/assets/bxl--product-hunt-BQ7xGvxo.js                                                           0.50 kB
dist/assets/add-4FZa016M.js                                                                         0.50 kB
dist/assets/icon-park-outline--order-Dp14dFpN.js                                                    0.50 kB
dist/assets/edit-_vdj7sqs.js                                                                        0.51 kB
dist/assets/detail-BUKfRXGS.js                                                                      0.51 kB
dist/assets/ic--round-house-B02EsSo-.js                                                             0.51 kB
dist/assets/streamline--warehouse-1-solid-DF79V2AO.js                                               0.52 kB
dist/assets/index-BKify9ba.js                                                                       0.52 kB
dist/assets/documentation-uH9BvL5U.js                                                               0.52 kB
dist/assets/lsicon--goods-search-filled-Capy66Ub.js                                                 0.52 kB
dist/assets/lsicon--warehouse-into-filled-CLvAe-T_.js                                               0.52 kB
dist/assets/dashicons--admin-multisite-CORmb3oH.js                                                  0.53 kB
dist/assets/lucide--warehouse-DF6-borT.js                                                           0.53 kB
dist/assets/ph--warehouse-Dv6R8dnM.js                                                               0.53 kB
dist/assets/add-DV2z1ANI.js                                                                         0.53 kB
dist/assets/add-CGa7oxJm.js                                                                         0.53 kB
dist/assets/edit-B0iRvoUD.js                                                                        0.53 kB
dist/assets/edit-b_il71lj.js                                                                        0.53 kB
dist/assets/menu-UM4l0k7I.js                                                                        0.54 kB
dist/assets/detail-C-rKk77x.js                                                                      0.54 kB
dist/assets/detail-C2kEj0qr.js                                                                      0.54 kB
dist/assets/currency-Dzhkpb7h.js                                                                    0.54 kB
dist/assets/la--product-hunt-Bxtc_nwB.js                                                            0.54 kB
dist/assets/dept-DnVwAR4R.js                                                                        0.54 kB
dist/assets/streamline--chat-bubble-square-write-BT6MZDRf.js                                        0.54 kB
dist/assets/add-B6uM4Cf5.js                                                                         0.55 kB
dist/assets/edit-7ByH2AzE.js                                                                        0.55 kB
dist/assets/add-aMXEiSqr.js                                                                         0.55 kB
dist/assets/detail-wWuFBSQq.js                                                                      0.55 kB
dist/assets/edit-CcghGMeV.js                                                                        0.55 kB
dist/assets/receive-PT-5SZmh.js                                                                     0.55 kB
dist/assets/fullscreen-0JHt5yWX.js                                                                  0.55 kB
dist/assets/tabler--home-dot-Drt9I2n1.js                                                            0.55 kB
dist/assets/warehouse-DT4q_uot.js                                                                   0.55 kB
dist/assets/detail-DYnqXNCy.js                                                                      0.55 kB
dist/assets/catppuccin--cargo-3UuSSUDp.js                                                           0.55 kB
dist/assets/excel-D3hj5F35.js                                                                       0.56 kB
dist/assets/lsicon--order-edit-filled-ChhnTcYE.js                                                   0.56 kB
dist/assets/information-C31BbtaG.js                                                                 0.56 kB
dist/assets/icon-park-outline--financing-two-Dkt5vHie.js                                            0.56 kB
dist/assets/type-BYG7y8R-.js                                                                        0.57 kB
dist/assets/mdi--account-service-QXh2m9vH.js                                                        0.57 kB
dist/assets/user-DqMuW5cU.js                                                                        0.57 kB
dist/assets/vessel-tracking-BiLMTdNN.js                                                             0.57 kB
dist/assets/site-goods-BgUtNuz4.js                                                                  0.57 kB
dist/assets/lock-Bexeb9hp.js                                                                        0.57 kB
dist/assets/invoicing-DVHBNjm7.js                                                                   0.58 kB
dist/assets/mdi--car-outline-BSHQNbe6.js                                                            0.59 kB
dist/assets/add-CFj7t46M.js                                                                         0.59 kB
dist/assets/edit-CziItJu-.js                                                                        0.59 kB
dist/assets/add-gawtYA4z.js                                                                         0.59 kB
dist/assets/site-B67aRiN0.js                                                                        0.59 kB
dist/assets/detail-DGBa8GoW.js                                                                      0.59 kB
dist/assets/edit-Cz70GkKw.js                                                                        0.59 kB
dist/assets/detail-77JxgJYR.js                                                                      0.60 kB
dist/assets/warehouse-sUt7U7Fq.js                                                                   0.60 kB
dist/assets/ph--warehouse-duotone-Cl6hg4Ez.js                                                       0.60 kB
dist/assets/add-DeTnnhw_.js                                                                         0.60 kB
dist/assets/edit-B1Rg-vFS.js                                                                        0.60 kB
dist/assets/detail-Dg-o4opq.js                                                                      0.61 kB
dist/assets/add-DUq_ljcm.js                                                                         0.61 kB
dist/assets/edit-BdSPSNwV.js                                                                        0.61 kB
dist/assets/detail-BHfS0ZO5.js                                                                      0.62 kB
dist/assets/help-me-DsAkW0ID.js                                                                     0.62 kB
dist/assets/job-Dp2wjtJ9.js                                                                         0.62 kB
dist/assets/add-DPogGCtB.js                                                                         0.62 kB
dist/assets/edit-oL5taX8t.js                                                                        0.62 kB
dist/assets/detail-glqI4J2q.js                                                                      0.63 kB
dist/assets/direct-yard-CCRGH4OP.js                                                                 0.63 kB
dist/assets/service-provider-Bti5uBnr.js                                                            0.63 kB
dist/assets/handleDetail-wbLS36aj.js                                                                0.63 kB
dist/assets/goods-category-D9DIfQGs.js                                                              0.63 kB
dist/assets/ocean-freight-spQHYqza.js                                                               0.63 kB
dist/assets/example-CnLLAFb9.js                                                                     0.63 kB
dist/assets/pick-up-terminal-RHIG6I9l.js                                                            0.64 kB
dist/assets/goods-attr-DzPxXlM2.js                                                                  0.64 kB
dist/assets/customs-clearance-zZdalRet.js                                                           0.64 kB
dist/assets/mdi--database-import-DRmxHoH1.js                                                        0.64 kB
dist/assets/index-DcEEYHDL.js                                                                       0.65 kB
dist/assets/teenyicons--search-property-solid-CxW8EyN1.js                                           0.65 kB
dist/assets/carrier-DNDTzUgF.js                                                                     0.66 kB
dist/assets/add-CAQWPlQx.js                                                                         0.66 kB
dist/assets/edit-DS4G2gCw.js                                                                        0.66 kB
dist/assets/ic--round-drive-folder-upload-CVGpHNUj.js                                               0.66 kB
dist/assets/mdi--truck-fast-outline-ak0de-3a.js                                                     0.66 kB
dist/assets/detail-BgdTKNhS.js                                                                      0.66 kB
dist/assets/add-DLKph3wR.js                                                                         0.66 kB
dist/assets/edit-ciq70eMb.js                                                                        0.66 kB
dist/assets/inspection-info-CIR6Grr6.js                                                             0.66 kB
dist/assets/receipt-payment-Dv-5hnlJ.js                                                             0.66 kB
dist/assets/enterprise-users-Dg80kDTw.js                                                            0.67 kB
dist/assets/detail-Bcilzs7U.js                                                                      0.67 kB
dist/assets/add-CkmAb7kS.js                                                                         0.67 kB
dist/assets/edit-CScLN4j4.js                                                                        0.67 kB
dist/assets/detail-bbSv_-ZF.js                                                                      0.67 kB
dist/assets/add-DiHqMnHw.js                                                                         0.68 kB
dist/assets/icon-park--currency-D6WM0_27.js                                                         0.68 kB
dist/assets/edit-1l0J5qee.js                                                                        0.68 kB
dist/assets/detail-C06rL34K.js                                                                      0.68 kB
dist/assets/mdi--account-service-outline (1)-DoX7KNLK.js                                            0.69 kB
dist/assets/mdi--car-BZHPakNe.js                                                                    0.69 kB
dist/assets/settlement-info-BstB6smQ.js                                                             0.70 kB
dist/assets/carbon--global-loan-and-trial-BkHLgHm-.js                                               0.70 kB
dist/assets/pledge-DiQXuXyD.js                                                                      0.70 kB
dist/assets/iconParkSolidCommodity-Cy6vldCS.js                                                      0.70 kB
dist/assets/table-5PRh60AQ.js                                                                       0.70 kB
dist/assets/circum--memo-pad-C1mppnHG.js                                                            0.71 kB
dist/assets/gen-C_9z4U2A.js                                                                         0.71 kB
dist/assets/star-kST8a72V.js                                                                        0.71 kB
dist/assets/mdi--truck-fast-CgUWrIcS.js                                                             0.71 kB
dist/assets/mdi--boat-2uFT4NFf.js                                                                   0.71 kB
dist/assets/goods-base-DQVmO_p1.js                                                                  0.72 kB
dist/assets/material-symbols--credit-card-clock-rounded-CT9-0S_3.js                                 0.72 kB
dist/assets/refinery-q__uRdVm.js                                                                    0.73 kB
dist/assets/slider-BGfehM6X.js                                                                      0.73 kB
dist/assets/streamline--chat-bubble-square-write-solid-DkT7NAbm.js                                  0.73 kB
dist/assets/streamline--warehouse-1-D0FqxtTu.js                                                     0.74 kB
dist/assets/icon-park-solid--workbench-Ca0DMOfp.js                                                  0.75 kB
dist/assets/index-C5qYah_3.js                                                                       0.75 kB
dist/assets/education-47KsSYIl.js                                                                   0.76 kB
dist/assets/add-Ry4O-FNZ.js                                                                         0.76 kB
dist/assets/detail-CxSIVQLI.js                                                                      0.76 kB
dist/assets/icon-park-solid--financing-two-ChRLDH9m.js                                              0.76 kB
dist/assets/streamline--payment-10-DTbmF3Oo.js                                                      0.76 kB
dist/assets/materialSymbolsAddBusinessRounded-BD-Pmmw7.js                                           0.77 kB
dist/assets/mdi--database-import-outline-_WENvlHK.js                                                0.77 kB
dist/assets/carbonCategoryNewEach-kZscHNNb.js                                                       0.78 kB
dist/assets/game-icons--cargo-crate-D_WmHLMU.js                                                     0.78 kB
dist/assets/iconoirCommodity-BiKykjl-.js                                                            0.79 kB
dist/assets/styles.scss_vue_type_style_index_0_src_true_lang-DDBcdyin.js                            0.80 kB
dist/assets/tab-nA3f0aBt.js                                                                         0.80 kB
dist/assets/fluent-mdl2--work-item-alert-Bh8aH5iR.js                                                0.80 kB
dist/assets/user-group-BnCpEcGi.js                                                                  0.80 kB
dist/assets/bank-DAtnDwMh.js                                                                        0.81 kB
dist/assets/news-4UQmq4cK.js                                                                        0.81 kB
dist/assets/mdi--plane-car-B0sss3Rr.js                                                              0.83 kB
dist/assets/edit-CwtrneEn.js                                                                        0.84 kB
dist/assets/add-D17duR_y.js                                                                         0.85 kB
dist/assets/car-PUhcufEV.js                                                                         0.85 kB
dist/assets/detail-Cq5xJJDJ.js                                                                      0.85 kB
dist/assets/message-UkR-VIBB.js                                                                     0.85 kB
dist/assets/catppuccin--cargo-lock-DlvDP12c.js                                                      0.86 kB
dist/assets/mdi--train-car-Bnh0MmoD.js                                                              0.86 kB
dist/assets/constants-qwNOYWM3.js                                                                   0.86 kB
dist/assets/code-DgJ8cT4a.js                                                                        0.88 kB
dist/assets/theme-CyGq941x.js                                                                       0.88 kB
dist/assets/teenyicons--search-property-outline-BTJNQCWI.js                                         0.90 kB
dist/assets/switch-CvaargRJ.js                                                                      0.90 kB
dist/assets/peoples-BRYsIqmI.js                                                                     0.91 kB
dist/assets/mdi--pier-crane-YykJX7v3.js                                                             0.93 kB
dist/assets/add-C6rsWTOg.js                                                                         0.93 kB
dist/assets/edit-BjFu30yO.js                                                                        0.93 kB
dist/assets/file-D7slqhiS.js                                                                        0.93 kB
dist/assets/detail-DxdeXvyK.js                                                                      0.93 kB
dist/assets/druid-BybW_S_B.js                                                                       0.93 kB
dist/assets/add-BgKBz2sY.js                                                                         0.94 kB
dist/assets/edit-D-66CbsB.js                                                                        0.94 kB
dist/assets/detail-DOpaNTub.js                                                                      0.94 kB
dist/assets/fluent--accessibility-checkmark-20-filled-r_hmDeI5.js                                   0.95 kB
dist/assets/WorkbenchSummaryCards-zRAwMk2F.js                                                       0.96 kB
dist/assets/input-BJoPMnBW.js                                                                       0.96 kB
dist/assets/assets-97mYHTpi.js                                                                      0.97 kB
dist/assets/edit-D0DI9pAq.js                                                                        1.00 kB
dist/assets/nested-B4d5u3hW.js                                                                      1.01 kB
dist/assets/solar--chat-round-money-bold-duotone-DbhSkS-0.js                                        1.01 kB
dist/assets/faSolidHouseUser-yzHEew5y.js                                                            1.01 kB
dist/assets/approval-CkRpZ2K_.js                                                                    1.02 kB
dist/assets/solar--chat-round-money-bold-BHCLs24n.js                                                1.02 kB
dist/assets/textarea-CJWXlgbJ.js                                                                    1.02 kB
dist/assets/server-unS7EyF7.js                                                                      1.02 kB
dist/assets/row-CRXKIHjm.js                                                                         1.05 kB
dist/assets/bill-num-1-5uqEEO4B.js                                                                  1.05 kB
dist/assets/time-BVERp0sU.js                                                                        1.05 kB
dist/assets/gzt-1-ORLc9eWF.js                                                                       1.08 kB
dist/assets/monitor-gwnnVq4l.js                                                                     1.09 kB
dist/assets/mingcute--card-pay-fill-BqrhRyJI.js                                                     1.10 kB
dist/assets/account-jx6uGj72.js                                                                     1.13 kB
dist/assets/reset-icon-BWnC5CUy.js                                                                  1.14 kB
dist/assets/tree-table-CnOS99I9.js                                                                  1.15 kB
dist/assets/eye-DqRz4sMZ.js                                                                         1.15 kB
dist/assets/more-icon-DHO_jp0a.js                                                                   1.15 kB
dist/assets/loanAfter-6BE-y04C.js                                                                   1.17 kB
dist/assets/carbon--ibm-db2-warehouse-za7BQByB.js                                                   1.18 kB
dist/assets/clipboard-DaV3cn7f.js                                                                   1.19 kB
dist/assets/build-2jMyI6eP.js                                                                       1.20 kB
dist/assets/streamline--payment-10-solid-8WBIZ-7D.js                                                1.22 kB
dist/assets/list-C7O8B4zW.js                                                                        1.24 kB
dist/assets/role-DcjfFhI9.js                                                                        1.25 kB
dist/assets/fluent--accessibility-checkmark-20-regular-DYNJGx8T.js                                  1.25 kB
dist/assets/xsthd-1-jT1kFh8B.js                                                                     1.26 kB
dist/assets/mingcute--card-pay-line-Beqy8H9h.js                                                     1.28 kB
dist/assets/index-Dwnm7ygw.js                                                                       1.28 kB
dist/assets/lsicon--setting-outline-ZM7GobNV.js                                                     1.28 kB
dist/assets/bill-num-CxSpUVLs.js                                                                    1.29 kB
dist/assets/401-CmgBKs5S.js                                                                         1.29 kB
dist/assets/icon-BtMv6Od8.js                                                                        1.29 kB
dist/assets/upload-icon-AI-change-Cy9H5y_w.js                                                       1.30 kB
dist/assets/search-icon-BMU8x2H7.js                                                                 1.34 kB
dist/assets/download-DeIzgQWH.js                                                                    1.36 kB
dist/assets/zdgl-1-BJPns8T7.js                                                                      1.37 kB
dist/assets/delivery-DSW0Z6t6.js                                                                    1.38 kB
dist/assets/skill-B8f_I4m_.js                                                                       1.40 kB
dist/assets/user-0nicMxND.js                                                                        1.42 kB
dist/assets/international-CmzG1OHg.js                                                               1.43 kB
dist/assets/solar--hand-money-linear-Bi_4Wg4U.js                                                    1.43 kB
dist/assets/question-CvYWQbyW.js                                                                    1.46 kB
dist/assets/wechat-lmQOcPZu.js                                                                      1.46 kB
dist/assets/people-CdGMHN63.js                                                                      1.49 kB
dist/assets/f7CartFillBadgePlus-Co9P_YYU.js                                                         1.50 kB
dist/assets/solar--hand-money-bold-BA6helWD.js                                                      1.50 kB
dist/assets/financing-Cuj_PnxH.js                                                                   1.51 kB
dist/assets/checkbox-Bpiun3bf.js                                                                    1.52 kB
dist/assets/clarity--contract-solid-DWPX72vN.js                                                     1.52 kB
dist/assets/post-DrLDyPY9.js                                                                        1.52 kB
dist/assets/language-CaW1LMEk.js                                                                    1.55 kB
dist/assets/eye-open-BxlshWqB.js                                                                    1.55 kB
dist/assets/zdspgl-1-7HC3i0DV.js                                                                    1.55 kB
dist/assets/clgl-1-F6XU37af.js                                                                      1.60 kB
dist/assets/mingcute--pig-money-fill-CInPw9s2.js                                                    1.60 kB
dist/assets/radio-B0t9wPBQ.js                                                                       1.61 kB
dist/assets/select-DhuHHMxz.js                                                                      1.62 kB
dist/assets/openmoji--memo-C33CCKWB.js                                                              1.64 kB
dist/assets/validCode-COB1iLxa.js                                                                   1.66 kB
dist/assets/zip-DIOSZc69.js                                                                         1.66 kB
dist/assets/handleDetail.vue_vue_type_script_setup_true_lang-kJ5TjSGX.js                            1.70 kB
dist/assets/zrgl-1-vQGkz8R4.js                                                                      1.70 kB
dist/assets/404-Dy3nURRX.js                                                                         1.73 kB
dist/assets/upload-BueI-Il1.js                                                                      1.75 kB
dist/assets/ysgl-1-Bge8dZrj.js                                                                      1.75 kB
dist/assets/index-C58A15f5.js                                                                       1.78 kB
dist/assets/cksgl-1-B_YjtIuQ.js                                                                     1.79 kB
dist/assets/phone-BpAUIz0g.js                                                                       1.82 kB
dist/assets/customs-data-E4luLZ9M.js                                                                1.83 kB
dist/assets/nacos-CmARyran.js                                                                       1.84 kB
dist/assets/kpgl-11-CceVaQ2b.js                                                                     1.85 kB
dist/assets/OrderAttachmentSection-ChxieqVN.js                                                      1.86 kB
dist/assets/ckgl-1-1-BNvUMcPi.js                                                                    1.87 kB
dist/assets/bug-10dePVta.js                                                                         1.88 kB
dist/assets/log-CF2F-nSs.js                                                                         1.89 kB
dist/assets/userInfo.vue_vue_type_script_setup_true_lang-B_CYgK6M.js                                1.90 kB
dist/assets/basicInfoForm.vue_vue_type_script_setup_true_lang-B28_XE-_.js                           1.90 kB
dist/assets/sjgl-1-Dnoez1_t.js                                                                      1.94 kB
dist/assets/github-AJ0WQBa2.js                                                                      1.96 kB
dist/assets/pdf-CD9mOGjJ.js                                                                         2.01 kB
dist/assets/mingcute--pig-money-line-DGFGZVV4.js                                                    2.01 kB
dist/assets/rate-CgnHQvKS.js                                                                        2.03 kB
dist/assets/tdgl-1-Dc4IG8ey.js                                                                      2.03 kB
dist/assets/upload-icon-AI-B4yFa0IJ.js                                                              2.06 kB
dist/assets/index-OcNGwpE1.js                                                                       2.07 kB
dist/assets/resetPwd.vue_vue_type_script_setup_true_lang-CbQXBuUI.js                                2.08 kB
dist/assets/index.vue_vue_type_script_setup_true_lang-BSdpnWCC.js                                   2.09 kB
dist/assets/gncg-11-CgI6C8yO.js                                                                     2.09 kB
dist/assets/gnxs-11-Cs7h7lZU.js                                                                     2.09 kB
dist/assets/yfgl-1-CDYHC-81.js                                                                      2.10 kB
dist/assets/fwsgl-1-DX42U5uO.js                                                                     2.10 kB
dist/assets/job-BcmuINx7.js                                                                         2.11 kB
dist/assets/xsskd-1-D-CJYJiP.js                                                                     2.13 kB
dist/assets/exit-fullscreen-dXhGKlQm.js                                                             2.13 kB
dist/assets/swagger-BHGXZ2Jt.js                                                                     2.13 kB
dist/assets/logininfor-Bm9ZYYR7.js                                                                  2.16 kB
dist/assets/tree-BCtS3oPD.js                                                                        2.16 kB
dist/assets/password-DfGvqQpB.js                                                                    2.19 kB
dist/assets/index-Ckw7t_1Z.js                                                                       2.21 kB
dist/assets/index-BbKXAEi0.js                                                                       2.21 kB
dist/assets/index-B9uz7d6e.js                                                                       2.26 kB
dist/assets/xtgl-1-Dur-sIc9.js                                                                      2.32 kB
dist/assets/tzgl-BmjHx5wT.js                                                                        2.36 kB
dist/assets/stash--billing-info-solid-CBVRiidI.js                                                   2.38 kB
dist/assets/index-Db9jGJoN.js                                                                       2.39 kB
dist/assets/ccys-1-DamaWgMI.js                                                                      2.39 kB
dist/assets/spkgl-1-_b-aMMPp.js                                                                     2.41 kB
dist/assets/index.vue_vue_type_script_setup_true_lang-Bpps4ut3.js                                   2.42 kB
dist/assets/detail-DWSwWzjT.js                                                                      2.42 kB
dist/assets/date-range-B8MgYLb1.js                                                                  2.44 kB
dist/assets/purOrderList-Ch8Bv-zq.js                                                                2.46 kB
dist/assets/zxgl-1-pwUK1yRT.js                                                                      2.48 kB
dist/assets/cysgl-1-Cq0TiCOL.js                                                                     2.50 kB
dist/assets/index-BPYdwxqT.js                                                                       2.51 kB
dist/assets/index-B--7sxxm.js                                                                       2.55 kB
dist/assets/index-BEawizwN.js                                                                       2.58 kB
dist/assets/cascader-CXIOcY1C.js                                                                    2.59 kB
dist/assets/dhgl-1-BoDKu5rs.js                                                                      2.60 kB
dist/assets/detail-D9fk7wzX.js                                                                      2.62 kB
dist/assets/importList-CJO4-knX.js                                                                  2.65 kB
dist/assets/detail-clzrBxQQ.js                                                                      2.65 kB
dist/assets/index-ChDHhQZN.js                                                                       2.70 kB
dist/assets/importTable.vue_vue_type_script_setup_true_lang-DI_DWpCj.js                             2.74 kB
dist/assets/shopping-CU1IRvxM.js                                                                    2.75 kB
dist/assets/index-H9ssJDYz.js                                                                       2.77 kB
dist/assets/bankInfoList-zLeB86jg.js                                                                2.80 kB
dist/assets/bankInfoList-C2hZXtky.js                                                                2.80 kB
dist/assets/dashboard-Dy7qt_a2.js                                                                   2.80 kB
dist/assets/dlddgl-1-BtJRCiZH.js                                                                    2.82 kB
dist/assets/purOrderList-C5Mp08vl.js                                                                2.83 kB
dist/assets/index-tlEiNyDr.js                                                                       2.85 kB
dist/assets/button-BlSCM_GH.js                                                                      2.86 kB
dist/assets/index-nvFTGR9Y.js                                                                       2.87 kB
dist/assets/orderList-D9V6pYW5.js                                                                   2.90 kB
dist/assets/bankInfoList-CSh84jw4.js                                                                2.90 kB
dist/assets/index-DeBjHQTo.js                                                                       2.91 kB
dist/assets/mtthgl-1-COK6Skbu.js                                                                    2.91 kB
dist/assets/rkgl-1-gwe8DI7E.js                                                                      2.91 kB
dist/assets/index-BEzEJMOd.js                                                                       2.92 kB
dist/assets/client-BuZkq35_.js                                                                      2.92 kB
dist/assets/component-Djp9s69L.js                                                                   2.96 kB
dist/assets/index-BXdFCeUs.js                                                                       2.99 kB
dist/assets/index-BQt-U_Ep.js                                                                       3.01 kB
dist/assets/form-BDTA_i-I.js                                                                        3.01 kB
dist/assets/kcgl-1-6dfZ7_o2.js                                                                      3.02 kB
dist/assets/index-BYFgVS0V.js                                                                       3.03 kB
dist/assets/tool-D8kXk1l-.js                                                                        3.04 kB
dist/assets/index-TZvJK4E-.js                                                                       3.04 kB
dist/assets/orderMappers-De3ryAKd.js                                                                3.09 kB
dist/assets/BankInfoForm.vue_vue_type_script_setup_true_lang-CRwpkWn3.js                            3.11 kB
dist/assets/sentinel-sIU9HpHS.js                                                                    3.13 kB
dist/assets/index-9lNEkxr5.js                                                                       3.13 kB
dist/assets/detail-BiBazvgf.js                                                                      3.17 kB
dist/assets/jkgldd-1-RbKVwNtO.js                                                                    3.18 kB
dist/assets/redis-D4ECyT6a.js                                                                       3.22 kB
dist/assets/handleDetail-QXfhV1rS.js                                                                3.24 kB
dist/assets/qualitySettlement-34cCKK4q.js                                                           3.25 kB
dist/assets/index-B1cnOvPz.js                                                                       3.28 kB
dist/assets/index-CIcrPoKy.js                                                                       3.28 kB
dist/assets/index-CGJqaJkM.js                                                                       3.30 kB
dist/assets/selectUser.vue_vue_type_script_setup_true_name_SelectUser_lang-Cz-ZzhLM.js              3.30 kB
dist/assets/userAvatar-CfpZkUlR.js                                                                  3.32 kB
dist/assets/time-range-D3dxgtLj.js                                                                  3.35 kB
dist/assets/index-D6_7eNVN.js                                                                       3.36 kB
dist/assets/handleDetail-NS_Q-55R.js                                                                3.36 kB
dist/assets/jrxmgl-1-CT6EbHw5.js                                                                    3.37 kB
dist/assets/dict-Bi_GqSXR.js                                                                        3.43 kB
dist/assets/system-DcNSH_Fq.js                                                                      3.44 kB
dist/assets/storageStage2-HT1EG5f5.js                                                               3.48 kB
dist/assets/index-yH10T0q3.js                                                                       3.48 kB
dist/assets/storageStage2-HvIjFUbA.js                                                               3.48 kB
dist/assets/ckgl-1-CW-IaARP.js                                                                      3.48 kB
dist/assets/index-D5GhOUSI.js                                                                       3.49 kB
dist/assets/jfzlgl-1-7o1MwYcV.js                                                                    3.50 kB
dist/assets/index-Dhdez-Ru.js                                                                       3.51 kB
dist/assets/handleDetail.vue_vue_type_script_setup_true_lang-DGCU-aiC.js                            3.53 kB
dist/assets/bankInfoList-ChKmW6_f.js                                                                3.54 kB
dist/assets/index-BXZPMCLV.js                                                                       3.55 kB
dist/assets/index-O7Crzquo.js                                                                       3.56 kB
dist/assets/OrderAttachmentSection-D6sO8vjF.js                                                      3.61 kB
dist/assets/index-Dfi7TqSe.js                                                                       3.62 kB
dist/assets/warehouse-y5lfj1Zc.js                                                                   3.65 kB
dist/assets/index-DWxiCdOQ.js                                                                       3.65 kB
dist/assets/number-D4hB_nHC.js                                                                      3.67 kB
dist/assets/authRole-v8e_oqL9.js                                                                    3.70 kB
dist/assets/order-56lKHGfj.js                                                                       3.70 kB
dist/assets/index-BDyKLTIj.js                                                                       3.70 kB
dist/assets/index-tBI9bs6m.js                                                                       3.71 kB
dist/assets/storageStage1-T4gMhPm0.js                                                               3.72 kB
dist/assets/date-B1FSITvi.js                                                                        3.72 kB
dist/assets/cgyf-1-k2t2Cfx8.js                                                                      3.72 kB
dist/assets/storageStage1-kjzn1srM.js                                                               3.74 kB
dist/assets/handleDetail.vue_vue_type_script_setup_true_lang-D-dAzIrT.js                            3.81 kB
dist/assets/storageStage3-B_SXIJaA.js                                                               3.82 kB
dist/assets/storageStage3-BXEE31an.js                                                               3.82 kB
dist/assets/cgys-1-CSmWvDk2.js                                                                      3.82 kB
dist/assets/index-DduCFSYD.js                                                                       3.85 kB
dist/assets/rzgl-1-BngtRvGi.js                                                                      3.86 kB
dist/assets/register-EnblsxHp.js                                                                    3.87 kB
dist/assets/detail-Ce1d8Zs8.js                                                                      3.88 kB
dist/assets/index-4UEmZ1QC.js                                                                       3.92 kB
dist/assets/qq-D8j4O83Y.js                                                                          3.98 kB
dist/assets/index-DG2korzm.js                                                                       4.00 kB
dist/assets/index-1iK8mSMU.js                                                                       4.04 kB
dist/assets/index-DerVLvM-.js                                                                       4.04 kB
dist/assets/handleDetail-CP8K8K5A.js                                                                4.05 kB
dist/assets/index-Dmy1WzwO.js                                                                       4.07 kB
dist/assets/index-DLtkDUP-.js                                                                       4.08 kB
dist/assets/index-K9cfUdPm.js                                                                       4.12 kB
dist/assets/index-BiprhAbK.js                                                                       4.13 kB
dist/assets/index-hmE-umY6.js                                                                       4.17 kB
dist/assets/DeliveryOrderForm.vue_vue_type_script_setup_true_lang-DbBfjtEm.js                       4.17 kB
dist/assets/index-B_QLCmi_.js                                                                       4.23 kB
dist/assets/online-C2ZP8pdY.js                                                                      4.25 kB
dist/assets/index-BEiJn1Zb.js                                                                       4.34 kB
dist/assets/index-DKeSkytx.js                                                                       4.41 kB
dist/assets/authUser-wc7IaRhF.js                                                                    4.43 kB
dist/assets/index-m6kQJe3j.js                                                                       4.44 kB
dist/assets/index-_IPBA9Vz.js                                                                       4.44 kB
dist/assets/index-B-KTng4M.js                                                                       4.45 kB
dist/assets/index-C62biS0K.js                                                                       4.49 kB
dist/assets/pick-up-terminal-BQF1uo6N.js                                                            4.52 kB
dist/assets/index-CKwxDsdi.js                                                                       4.53 kB
dist/assets/index-cFF_qemW.js                                                                       4.53 kB
dist/assets/handleDetail-D9zt9TM6.js                                                                4.53 kB
dist/assets/editAttachmentDialog-CZgByaJg.js                                                        4.54 kB
dist/assets/zcgl-11-Dn_LXA8r.js                                                                     4.55 kB
dist/assets/color-y1Sshoou.js                                                                       4.58 kB
dist/assets/index-Bl0iMfN5.js                                                                       4.59 kB
dist/assets/handleDetail-DETTA3Mc.js                                                                4.62 kB
dist/assets/SettlementInfo-Bf6_lOX5.js                                                              4.62 kB
dist/assets/customs-clearance-D7cllxlp.js                                                           4.66 kB
dist/assets/index-B7pItfP1.js                                                                       4.67 kB
dist/assets/handleDetail-Djjjzoqz.js                                                                4.70 kB
dist/assets/pier-detail-CHd5RGNp.js                                                                 4.71 kB
dist/assets/index-DzpOId4J.js                                                                       4.73 kB
dist/assets/uploadInfo-BG-4ATgQ.js                                                                  4.77 kB
dist/assets/index-Dj9SWPHv.js                                                                       4.81 kB
dist/assets/index-FERrSDrW.js                                                                       4.82 kB
dist/assets/login-DYq6TN52.js                                                                       4.84 kB
dist/assets/news-set-CqbNwLFs.js                                                                    4.88 kB
dist/assets/index-By3ADtI7.js                                                                       4.97 kB
dist/assets/settlement-info-B7zKYVCx.js                                                             5.00 kB
dist/assets/receipt-payment-CHaUejp7.js                                                             5.01 kB
dist/assets/index-BfCC0c0B.js                                                                       5.01 kB
dist/assets/index-4TLy6zaX.js                                                                       5.06 kB
dist/assets/index-DVCS8ebd.js                                                                       5.06 kB
dist/assets/TrackNode-BKCggUJN.js                                                                   5.10 kB
dist/assets/index-DN3ytRu5.js                                                                       5.13 kB
dist/assets/BillingSubjectForm-DoKkTf0-.js                                                          5.18 kB
dist/assets/index-B1k9jYuF.js                                                                       5.26 kB
dist/assets/handleDetail-paemk0jj.js                                                                5.27 kB
dist/assets/DomesticOrderList.vue_vue_type_script_setup_true_lang-B-JKcOnN.js                       5.28 kB
dist/assets/index-ClEWyFoc.js                                                                       5.32 kB
dist/assets/warehouse-Ca9JGUSt.js                                                                   5.33 kB
dist/assets/index-BP-WFlGE.js                                                                       5.33 kB
dist/assets/handleDetail-DZlYcCj3.js                                                                5.38 kB
dist/assets/handleDetail-NVzFAJua.js                                                                5.40 kB
dist/assets/index-qrA2Glco.js                                                                       5.43 kB
dist/assets/SpecialNode-DyCWSiw7.js                                                                 5.46 kB
dist/assets/index-CEg1RH8Z.js                                                                       5.50 kB
dist/assets/index-CNub24kQ.js                                                                       5.51 kB
dist/assets/index-Bl4gTJEH.js                                                                       5.60 kB
dist/assets/ocean-freight-9AkgT-MY.js                                                               5.68 kB
dist/assets/handleDetail-CVCuyN6A.js                                                                5.69 kB
dist/assets/WorkbenchWarningList-CiSVfAmy.js                                                        5.69 kB
dist/assets/DomesticOrderList.vue_vue_type_script_setup_true_lang-hyXUEQc5.js                       5.73 kB
dist/assets/index-0DZwybOw.js                                                                       5.77 kB
dist/assets/handleDetail-BnZrwMdm.js                                                                5.80 kB
dist/assets/index-S7iRyaI3.js                                                                       5.83 kB
dist/assets/direct-yard-JgqWxEL-.js                                                                 5.88 kB
dist/assets/index-Dy-zUnJL.js                                                                       5.92 kB
dist/assets/index-Z_U7xoVA.js                                                                       5.99 kB
dist/assets/handleDetail-DbvVG6mu.js                                                                6.00 kB
dist/assets/handleDetail-Dp_G3eUM.js                                                                6.02 kB
dist/assets/handleDetail-DhQR3qZ6.js                                                                6.04 kB
dist/assets/index-54cr8vX8.js                                                                       6.07 kB
dist/assets/index-DjKow1Ob.js                                                                       6.15 kB
dist/assets/index-BBzakttF.js                                                                       6.16 kB
dist/assets/index-CCtQ6HYg.js                                                                       6.19 kB
dist/assets/editTable-oNOnJoND.js                                                                   6.22 kB
dist/assets/index-CB6B5duL.js                                                                       6.23 kB
dist/assets/index-BruSrGNB.js                                                                       6.24 kB
dist/assets/handleDetail-BtaDTt5s.js                                                                6.27 kB
dist/assets/index-C5aR-ySZ.js                                                                       6.27 kB
dist/assets/overViewDrawer-lzKjZfBr.js                                                              6.30 kB
dist/assets/inspection-info-Cx-GaVu5.js                                                             6.40 kB
dist/assets/index-DUCdc57O.js                                                                       6.45 kB
dist/assets/index-D3TehEEo.js                                                                       6.51 kB
dist/assets/handleDetail-BGW6Wm7_.js                                                                6.62 kB
dist/assets/index-DhOIkfSo.js                                                                       6.64 kB
dist/assets/index-BV3sOG2C.js                                                                       6.66 kB
dist/assets/product-CpgwRcm5.js                                                                     6.67 kB
dist/assets/handleDetail-BZ4Vyd5V.js                                                                6.73 kB
dist/assets/handleDetail.vue_vue_type_script_setup_true_lang-C19NnleP.js                            6.73 kB
dist/assets/handleDetail-DaYvEaWk.js                                                                6.77 kB
dist/assets/yard-detail-CP-vNCFk.js                                                                 6.97 kB
dist/assets/index.vue_vue_type_style_index_0_lang-CvF3lFYA.js                                       7.21 kB
dist/assets/index-x8y3GguJ.js                                                                       7.25 kB
dist/assets/SalesGoodsSection-CQ1853VU.js                                                           7.32 kB
dist/assets/log-DVhS5TaL.js                                                                         7.33 kB
dist/assets/handleDetail-BoSgLudr.js                                                                7.46 kB
dist/assets/handleDetail-C1ZpP9nD.js                                                                7.55 kB
dist/assets/PurchaseGoodsSection-D3ZEh2hY.js                                                        7.61 kB
dist/assets/handleDetail.vue_vue_type_script_setup_true_lang-DG15Whf2.js                            7.61 kB
dist/assets/handleDetail-ByxyxAcw.js                                                                7.68 kB
dist/assets/index-Py_lecse.js                                                                       7.80 kB
dist/assets/handleDetail.vue_vue_type_script_setup_true_lang-ChUtqp1l.js                            7.85 kB
dist/assets/WorkbenchContractNodes-DnN2Ub3-.js                                                      8.04 kB
dist/assets/index-C49uTPnF.js                                                                       8.10 kB
dist/assets/WorkbenchGuide-yRZv6hSz.js                                                              8.17 kB
dist/assets/handleDetail-rX85V2ZP.js                                                                8.23 kB
dist/assets/genInfoForm.vue_vue_type_script_setup_true_lang-BFLuR2y1.js                             8.25 kB
dist/assets/handleDetail.vue_vue_type_script_setup_true_lang-BtTYQ4tj.js                            8.26 kB
dist/assets/handleDetail-CDoKjvWi.js                                                                8.34 kB
dist/assets/handleDetail-B67nAjVc.js                                                                8.67 kB
dist/assets/index-Cz94Fmx8.js                                                                       8.74 kB
dist/assets/pricingBasis-DgniSE7M.js                                                                8.84 kB
dist/assets/handleDetail-CKWXMZ7C.js                                                                8.94 kB
dist/assets/handleDetail-CG-mecWN.js                                                                9.03 kB
dist/assets/handleDetail-Cts766Az.js                                                                9.12 kB
dist/assets/index-eKqUIyOF.js                                                                       9.20 kB
dist/assets/data-Ct4hw63l.js                                                                        9.24 kB
dist/assets/handleDetail-CCdmiYKG.js                                                                9.52 kB
dist/assets/handleDetail-T7zhYEc1.js                                                                9.77 kB
dist/assets/handleDetail-BuHrNLYv.js                                                               10.06 kB
dist/assets/index-BmX5LENY.js                                                                      10.17 kB
dist/assets/pier-replenish-kbFN-4_y.js                                                             10.43 kB
dist/assets/handleDetail-DXcbqAzT.js                                                               10.49 kB
dist/assets/handleDetail-BfREhuWT.js                                                               11.14 kB
dist/assets/WorkbenchArrivalChart-BsYOmd4C.js                                                      11.26 kB
dist/assets/handleDetail-CXWWHzGd.js                                                               11.35 kB
dist/assets/handleDetail-BMxdjFeO.js                                                               11.47 kB
dist/assets/CustomsInfo-BlvHKLbV.js                                                                11.88 kB
dist/assets/index-CxWWxKhL.js                                                                      11.97 kB
dist/assets/handleDetail-YOY2ezP2.js                                                               12.38 kB
dist/assets/handleDetail.vue_vue_type_script_setup_true_lang-Dd7pOyfY.js                           12.75 kB
dist/assets/pier-add-ebSABc9u.js                                                                   12.93 kB
dist/assets/handleDetail-DYrJkLEK.js                                                               13.25 kB
dist/assets/index-x4lW7_Xy.js                                                                      13.37 kB
dist/assets/handleDetail-BK57OSI_.js                                                               13.42 kB
dist/assets/import-data-dialog-CC8kgz2k.js                                                         13.55 kB
dist/assets/BillBasicInfo-BkotgptA.js                                                              13.64 kB
dist/assets/handleDetail-B4EpH_Mu.js                                                               13.96 kB
dist/assets/index-2yxKSSkI.js                                                                      14.23 kB
dist/assets/yard-replenish-Cwiut9s6.js                                                             14.71 kB
dist/assets/index-DU7N-8il.js                                                                      14.79 kB
dist/assets/handleDetail.vue_vue_type_script_setup_true_lang-Bo8kT9f1.js                           14.85 kB
dist/assets/SeaInfo-BJ_PY2wY.js                                                                    15.29 kB
dist/assets/yard-add-B9bS-2nT.js                                                                   16.49 kB
dist/assets/handleDetail-DTQ3yQag.js                                                               16.96 kB
dist/assets/handleDetail-ChnxzZsB.js                                                               16.96 kB
dist/assets/handleDetail-C4PlrD_G.js                                                               17.56 kB
dist/assets/InspectionInfo-BFS1Fhuu.js                                                             19.54 kB
dist/assets/CargoInfo-C2agw_lC.js                                                                  19.59 kB
dist/assets/SimpleTrack-C35JzuYe.js                                                                20.47 kB
dist/assets/handleDetail-W3_bfSLf.js                                                               25.47 kB
dist/assets/historyRateDialog-Caea0DBE.js                                                          33.70 kB
dist/assets/ShipDetailModal-BhIFj6pH.js                                                            33.81 kB
dist/assets/ContainerDynamicDialog-BYvBhnLb.js                                                     35.35 kB
dist/assets/handleDetail-BnchZKEk.js                                                               35.82 kB
dist/assets/index.vue_vue_type_script_setup_true_lang-Cx-CXFXb.js                                  43.08 kB
dist/assets/handleDetail-Bj9kY9FK.js                                                               45.50 kB
dist/assets/index-MgG8Kx42.js                                                                      46.66 kB
dist/assets/steps03-iTwJlKtO.js                                                                    49.66 kB
dist/assets/index-Drt80Czd.js                                                                      51.31 kB
dist/assets/overViewDrawer-DJsZBbns.js                                                             61.92 kB
dist/assets/handleDetail-V7nK3RXE.js                                                               64.39 kB
dist/assets/vendor-vue-BeUdHNbo.js                                                                 97.49 kB
dist/assets/vendor-utils-DYwUIANU.js                                                              128.31 kB
dist/assets/404-C3LX9YBd.js                                                                       176.99 kB
dist/assets/index-B0BrQn-J.js                                                                     448.92 kB
dist/assets/vendor-editor-gQVXUCXr.js                                                             807.37 kB
dist/assets/vendor-l7-D5dWXbY0.js                                                                 821.96 kB
dist/assets/vendor-CwLtkrll.js                                                                    930.41 kB
dist/assets/vendor-element-BW1QuHhm.js                                                            970.48 kB
dist/assets/vendor-echarts-BDA31Hqk.js                                                          1,026.87 kB
✓ built in 2m 27s

✨ [vite-plugin-compression]:algorithm=gzip - compressed file successfully: 
dist//pgdata/pg/dh/minerals-frontend/assets/BillBasicInfo-BkotgptA.js.gz                                      13.84kb / gzip: 4.07kb
dist//pgdata/pg/dh/minerals-frontend/assets/CargoInfo-C2agw_lC.js.gz                                          19.98kb / gzip: 5.63kb
dist//pgdata/pg/dh/minerals-frontend/assets/InspectionInfo-BFS1Fhuu.js.gz                                     19.90kb / gzip: 5.63kb
dist//pgdata/pg/dh/minerals-frontend/assets/SeaInfo-BJ_PY2wY.js.gz                                            15.70kb / gzip: 5.23kb
dist//pgdata/pg/dh/minerals-frontend/assets/CustomsInfo-BlvHKLbV.js.gz                                        12.32kb / gzip: 4.25kb
dist//pgdata/pg/dh/minerals-frontend/assets/handleDetail-BK57OSI_.js.gz                                       13.81kb / gzip: 4.39kb
dist//pgdata/pg/dh/minerals-frontend/assets/WorkbenchArrivalChart-BsYOmd4C.js.gz                              11.26kb / gzip: 6.32kb
dist//pgdata/pg/dh/minerals-frontend/assets/404-C3LX9YBd.js.gz                                                173.22kb / gzip: 11.31kb
dist//pgdata/pg/dh/minerals-frontend/assets/handleDetail-B4EpH_Mu.js.gz                                       14.19kb / gzip: 4.93kb
dist//pgdata/pg/dh/minerals-frontend/assets/handleDetail-BMxdjFeO.js.gz                                       11.89kb / gzip: 3.42kb
dist//pgdata/pg/dh/minerals-frontend/assets/SimpleTrack-C35JzuYe.js.gz                                        20.03kb / gzip: 10.53kb
dist//pgdata/pg/dh/minerals-frontend/assets/handleDetail-BfREhuWT.js.gz                                       11.29kb / gzip: 3.78kb
dist//pgdata/pg/dh/minerals-frontend/assets/handleDetail-CXWWHzGd.js.gz                                       11.61kb / gzip: 3.83kb
dist//pgdata/pg/dh/minerals-frontend/assets/handleDetail-C4PlrD_G.js.gz                                       17.98kb / gzip: 5.11kb
dist//pgdata/pg/dh/minerals-frontend/assets/handleDetail-BuHrNLYv.js.gz                                       10.28kb / gzip: 3.69kb
dist//pgdata/pg/dh/minerals-frontend/assets/handleDetail-DTQ3yQag.js.gz                                       17.36kb / gzip: 4.92kb
dist//pgdata/pg/dh/minerals-frontend/assets/handleDetail-Bj9kY9FK.js.gz                                       46.38kb / gzip: 13.35kb
dist//pgdata/pg/dh/minerals-frontend/assets/handleDetail-YOY2ezP2.js.gz                                       12.92kb / gzip: 4.35kb
dist//pgdata/pg/dh/minerals-frontend/assets/handleDetail-DYrJkLEK.js.gz                                       13.71kb / gzip: 3.95kb
dist//pgdata/pg/dh/minerals-frontend/assets/handleDetail-BnchZKEk.js.gz                                       35.66kb / gzip: 7.82kb
dist//pgdata/pg/dh/minerals-frontend/assets/handleDetail.vue_vue_type_script_setup_true_lang-Bo8kT9f1.js.gz   15.12kb / gzip: 4.10kb
dist//pgdata/pg/dh/minerals-frontend/assets/handleDetail-ChnxzZsB.js.gz                                       17.55kb / gzip: 5.44kb
dist//pgdata/pg/dh/minerals-frontend/assets/handleDetail.vue_vue_type_script_setup_true_lang-Dd7pOyfY.js.gz   13.02kb / gzip: 3.60kb
dist//pgdata/pg/dh/minerals-frontend/assets/handleDetail-DXcbqAzT.js.gz                                       10.67kb / gzip: 4.26kb
dist//pgdata/pg/dh/minerals-frontend/assets/index-2yxKSSkI.js.gz                                              14.37kb / gzip: 4.87kb
dist//pgdata/pg/dh/minerals-frontend/assets/import-data-dialog-CC8kgz2k.js.gz                                 13.84kb / gzip: 6.54kb
dist//pgdata/pg/dh/minerals-frontend/assets/handleDetail-W3_bfSLf.js.gz                                       26.14kb / gzip: 7.75kb
dist//pgdata/pg/dh/minerals-frontend/assets/index-CxWWxKhL.js.gz                                              12.21kb / gzip: 5.94kb
dist//pgdata/pg/dh/minerals-frontend/assets/index-BmX5LENY.js.gz                                              10.16kb / gzip: 6.33kb
dist//pgdata/pg/dh/minerals-frontend/assets/index-BsX-IhUX.css.gz                                             19.17kb / gzip: 4.02kb
dist//pgdata/pg/dh/minerals-frontend/assets/index-DU7N-8il.js.gz                                              15.24kb / gzip: 5.24kb
dist//pgdata/pg/dh/minerals-frontend/assets/index-x4lW7_Xy.js.gz                                              13.86kb / gzip: 5.22kb
dist//pgdata/pg/dh/minerals-frontend/assets/index-MgG8Kx42.js.gz                                              46.98kb / gzip: 10.46kb
dist//pgdata/pg/dh/minerals-frontend/assets/overViewDrawer-BQko83fk.css.gz                                    17.01kb / gzip: 3.11kb
dist//pgdata/pg/dh/minerals-frontend/assets/pier-add-ebSABc9u.js.gz                                           13.43kb / gzip: 4.54kb
dist//pgdata/pg/dh/minerals-frontend/assets/index.vue_vue_type_script_setup_true_lang-Cx-CXFXb.js.gz          44.05kb / gzip: 9.80kb
dist//pgdata/pg/dh/minerals-frontend/assets/vendor-editor-CpCzGeOH.css.gz                                     14.46kb / gzip: 2.76kb
dist//pgdata/pg/dh/minerals-frontend/assets/pier-replenish-kbFN-4_y.js.gz                                     10.94kb / gzip: 4.03kb
dist//pgdata/pg/dh/minerals-frontend/assets/index-D-BkZjmS.css.gz                                             53.84kb / gzip: 10.46kb
dist//pgdata/pg/dh/minerals-frontend/assets/steps03-iTwJlKtO.js.gz                                            48.49kb / gzip: 9.15kb
dist//pgdata/pg/dh/minerals-frontend/assets/yard-add-B9bS-2nT.js.gz                                           17.09kb / gzip: 5.35kb
dist//pgdata/pg/dh/minerals-frontend/assets/ShipDetailModal-BhIFj6pH.js.gz                                    33.28kb / gzip: 19.88kb
dist//pgdata/pg/dh/minerals-frontend/assets/ContainerDynamicDialog-BYvBhnLb.js.gz                             34.91kb / gzip: 22.60kb
dist//pgdata/pg/dh/minerals-frontend/assets/historyRateDialog-Caea0DBE.js.gz                                  32.97kb / gzip: 22.93kb
dist//pgdata/pg/dh/minerals-frontend/assets/handleDetail-V7nK3RXE.js.gz                                       66.06kb / gzip: 17.85kb
dist//pgdata/pg/dh/minerals-frontend/assets/index-Drt80Czd.js.gz                                              50.64kb / gzip: 23.53kb
dist//pgdata/pg/dh/minerals-frontend/assets/yard-replenish-Cwiut9s6.js.gz                                     15.43kb / gzip: 5.11kb
dist//pgdata/pg/dh/minerals-frontend/assets/overViewDrawer-DJsZBbns.js.gz                                     61.25kb / gzip: 30.22kb
dist//pgdata/pg/dh/minerals-frontend/assets/vendor-vue-BeUdHNbo.js.gz                                         95.20kb / gzip: 37.79kb
dist//pgdata/pg/dh/minerals-frontend/assets/vendor-utils-DYwUIANU.js.gz                                       125.49kb / gzip: 46.10kb
dist//pgdata/pg/dh/minerals-frontend/assets/vendor-element-5_QS-GLn.css.gz                                    352.63kb / gzip: 46.56kb
dist//pgdata/pg/dh/minerals-frontend/assets/index-B0BrQn-J.js.gz                                              443.06kb / gzip: 151.41kb
dist//pgdata/pg/dh/minerals-frontend/data/world.json.gz                                                       395.63kb / gzip: 147.73kb
dist//pgdata/pg/dh/minerals-frontend/assets/vendor-l7-D5dWXbY0.js.gz                                          808.13kb / gzip: 203.80kb
dist//pgdata/pg/dh/minerals-frontend/assets/vendor-element-BW1QuHhm.js.gz                                     948.76kb / gzip: 293.54kb
dist//pgdata/pg/dh/minerals-frontend/assets/vendor-editor-gQVXUCXr.js.gz                                      789.84kb / gzip: 274.61kb
dist//pgdata/pg/dh/minerals-frontend/assets/vendor-CwLtkrll.js.gz                                             908.63kb / gzip: 264.73kb
dist//pgdata/pg/dh/minerals-frontend/assets/vendor-echarts-BDA31Hqk.js.gz                                     1003.45kb / gzip: 331.56kb


