
> ruoyi@3.6.4 build
> cross-env NODE_OPTIONS=--max-old-space-size=3072 vite build

vite v5.0.4 building for production...
transforming...
DEPRECATION WARNING: Using / for division outside of calc() is deprecated and will be removed in Dart Sass 2.0.0.

Recommendation: math.div($col-width - 10px, 2) or calc(($col-width - 10px) / 2)

More info and automated migrator: https://sass-lang.com/d/slash-div

    ╷
122 │   padding-left: ($col-width - 10px) / 2;
    │                 ^^^^^^^^^^^^^^^^^^^^^^^
    ╵
    src/views/workbench/vessel-tracking/components/ShipTrack/SimpleTrack.vue 122:17  root stylesheet

[1m[33m[@vue/compiler-sfc][0m[33m :deep usage as a combinator has been deprecated. Use :deep(<inner-selector>) instead of :deep <inner-selector>.[0m

[plugin:vite:esbuild] [plugin vite:esbuild] src/views/system/user/index.vue?vue&type=script&setup=true&name=User&lang.ts: The following expression is not returned because of an automatically-inserted semicolon
326|  function handleAdd() {
327|    router.push({ path: '/system/user/add' })
328|    return
   |          ^
329|    reset()
330|    getUser().then(response => {

[plugin:vite:esbuild] [plugin vite:esbuild] src/views/system/user/index.vue?vue&type=script&setup=true&name=User&lang.ts: The following expression is not returned because of an automatically-inserted semicolon
345|      query: { id: row.userId }
346|    })
347|    return
   |          ^
348|    reset()
349|    const userId = row.userId || ids.value

[plugin:vite:esbuild] [plugin vite:esbuild] src/views/system/role/index.vue?vue&type=script&setup=true&name=Role&lang.ts: The following expression is not returned because of an automatically-inserted semicolon
272|      query: { id: row.roleId }
273|    })
274|    return
   |          ^
275|    reset()
276|    const roleId = row.roleId || ids.value

[plugin:vite:esbuild] [plugin vite:esbuild] src/views/system/dept/index.vue?vue&type=script&setup=true&name=Dept&lang.ts: The following expression is not returned because of an automatically-inserted semicolon
123|  function handleAdd(row) {
124|    router.push({ path: '/system/dept/add', query: { parentId: row.deptId } })
125|    return
   |          ^
126|    reset()
127|    listDept().then(response => {

[plugin:vite:esbuild] [plugin vite:esbuild] src/views/system/dept/index.vue?vue&type=script&setup=true&name=Dept&lang.ts: The following expression is not returned because of an automatically-inserted semicolon
151|      query: { id: row.deptId }
152|    })
153|    return
   |          ^
154|    reset()
155|    listDeptExcludeChild(row.deptId).then(response => {

[plugin:vite:esbuild] [plugin vite:esbuild] src/views/goods-library/category/index.vue?vue&type=script&setup=true&name=Category&lang.ts: The following expression is not returned because of an automatically-inserted semicolon
144|      query: { parentId: row.id }
145|    })
146|    return
   |          ^
147|    reset()
148|    selectedData.value = []

[plugin:vite:esbuild] [plugin vite:esbuild] src/views/goods-library/category/index.vue?vue&type=script&setup=true&name=Category&lang.ts: The following expression is not returned because of an automatically-inserted semicolon
172|      query: { id: row.id }
173|    })
174|    return
   |          ^
175|    reset()
176|  

✓ 4683 modules transformed.
node_modules/lottie-web/build/player/lottie.js (17010:32): Use of eval in "node_modules/lottie-web/build/player/lottie.js" is strongly discouraged as it poses security risks and may cause issues with minification.
rendering chunks...
dist/index.html                                                                                     2.81 kB
dist/assets/node-status-04-arrive-DIUTbzSh.svg                                                      4.20 kB
dist/assets/node-status-04-0_jlISF4.svg                                                             4.21 kB
dist/assets/ccyf-1-gXi7gBw2.svg                                                                     4.58 kB
dist/assets/sxgl-1-BxXZ6mT_.svg                                                                     4.73 kB
dist/assets/node-status-05-arrive-Cbf-LAQm.svg                                                      5.04 kB
dist/assets/node-status-05-ClBpergX.svg                                                             5.04 kB
dist/assets/ai-send-Brxzq_Z-.png                                                                    5.31 kB
dist/assets/huowu-FPPeLCw-.png                                                                      6.89 kB
dist/assets/daiban-Cdf0IoIb.png                                                                     6.94 kB
dist/assets/huowu_checked-Dun4JFpN.png                                                              7.22 kB
dist/assets/daiban_checked--GFLrXoo.png                                                             7.27 kB
dist/assets/yujing-C9lxRbf2.png                                                                     7.29 kB
dist/assets/zijin-MF8VAKrA.png                                                                      7.30 kB
dist/assets/zijin_checked-DSsTtCWG.png                                                              7.63 kB
dist/assets/yujing_checked-C64swqIh.png                                                             7.63 kB
dist/assets/upload-icon-ai01-LSiXKG8h.png                                                           7.70 kB
dist/assets/footer-D9T2uIt8.png                                                                     9.47 kB
dist/assets/home-logo-DyADt_Kd.png                                                                 10.34 kB
dist/assets/shrink_screen-D5N4SkXH.png                                                             11.46 kB
dist/assets/full_screen-DM45HkSA.png                                                               11.49 kB
dist/assets/right_open-M8zWF4Sd.png                                                                12.55 kB
dist/assets/search_icon-BY_YEt4j.png                                                               12.81 kB
dist/assets/ai-title-BFwxJsVc.png                                                                  13.90 kB
dist/assets/login-logo-i9mZfEIM.png                                                                15.13 kB
dist/assets/workbench-icon07-rhmsDEDK.png                                                          18.92 kB
dist/assets/total-icon-1-1EVbkxxD.png                                                              23.65 kB
dist/assets/total-icon-3-CC_poT1y.png                                                              25.02 kB
dist/assets/total-icon-2-0twGJkNq.png                                                              25.14 kB
dist/assets/ai-logo-_iLaZkrd.svg                                                                   26.59 kB
dist/assets/Rectangle-DT0I-AWE.png                                                                 26.86 kB
dist/assets/ai-icon03-SuwmYYlp.png                                                                 27.02 kB
dist/assets/ljzl-CxwV0Ja0.png                                                                      28.64 kB
dist/assets/pjdj-OMQfUA1F.png                                                                      28.73 kB
dist/assets/ljje-pLycd_Q5.png                                                                      30.49 kB
dist/assets/no_data-BodihGeq.png                                                                   38.13 kB
dist/assets/ai-icon02-HsjwsWD8.png                                                                 39.63 kB
dist/assets/zk-logo-BttDFYYy.png                                                                   63.84 kB
dist/assets/weapp_qrcode-DyxlQdkR.jpg                                                              78.17 kB
dist/assets/profile-DruvkrZU.jpg                                                                   81.13 kB
dist/assets/401-HGF6Q5qM.gif                                                                      164.23 kB
dist/assets/header-do_vdGYj.png                                                                   283.86 kB
dist/assets/noData-BkfUfgkE.png                                                                   436.72 kB
dist/assets/login-background-Dyj5WnPe.png                                                       4,546.24 kB
dist/assets/gif-ai-B3kz4Zym.webm                                                                7,184.33 kB
dist/assets/ai-icon03-Dom6HMWn.gif                                                              8,531.19 kB
dist/assets/index-B33pvwdp.css                                                                      0.04 kB
dist/assets/index-CF7i8XdF.css                                                                      0.04 kB
dist/assets/data-DVXS5Cv_.css                                                                       0.05 kB
dist/assets/detail-D_YJ50WC.css                                                                     0.05 kB
dist/assets/BillingSubjectForm-BhQr4L6i.css                                                         0.05 kB
dist/assets/handleDetail-D2FmHqs_.css                                                               0.05 kB
dist/assets/handleDetail-CE7vZhVS.css                                                               0.05 kB
dist/assets/editAttachmentDialog-DKlngSRI.css                                                       0.05 kB
dist/assets/handleDetail-D8qqutdS.css                                                               0.05 kB
dist/assets/handleDetail-BDjMoEQ1.css                                                               0.05 kB
dist/assets/handleDetail-Ch0RQo3Y.css                                                               0.05 kB
dist/assets/handleDetail-DVOIa6CM.css                                                               0.05 kB
dist/assets/handleDetail-B-Ou6Eag.css                                                               0.05 kB
dist/assets/pier-add-BhC3cMb4.css                                                                   0.05 kB
dist/assets/pier-detail-RSpcpCwo.css                                                                0.05 kB
dist/assets/yard-detail-0GML_kmt.css                                                                0.05 kB
dist/assets/index-EIBUHmnx.css                                                                      0.05 kB
dist/assets/handleDetail-DYMzFM-5.css                                                               0.06 kB
dist/assets/handleDetail-G-4dDwuK.css                                                               0.07 kB
dist/assets/index-DAhPelHV.css                                                                      0.08 kB
dist/assets/index-Dl9X3mtD.css                                                                      0.08 kB
dist/assets/yard-add-BSde4cWl.css                                                                   0.10 kB
dist/assets/index-DPMgyohT.css                                                                      0.10 kB
dist/assets/handleDetail-9ALuvAXt.css                                                               0.10 kB
dist/assets/customs-clearance-BErv_Tm_.css                                                          0.11 kB
dist/assets/handleDetail-B3zFG6f4.css                                                               0.11 kB
dist/assets/handleDetail-Ch6-nXwk.css                                                               0.13 kB
dist/assets/direct-yard-Dw_FCeAQ.css                                                                0.14 kB
dist/assets/index-BjpYbwMF.css                                                                      0.14 kB
dist/assets/index-D_9yd8wy.css                                                                      0.17 kB
dist/assets/warehouse-WMd-822k.css                                                                  0.18 kB
dist/assets/index-C1JxB2Wq.css                                                                      0.19 kB
dist/assets/index-r4gYbZH-.css                                                                      0.19 kB
dist/assets/index-CdhIpCxk.css                                                                      0.19 kB
dist/assets/handleDetail-DnTbhUvs.css                                                               0.19 kB
dist/assets/handleDetail-3-MUjZ95.css                                                               0.19 kB
dist/assets/handleDetail-94vOenFO.css                                                               0.19 kB
dist/assets/handleDetail-Bv2Yh05L.css                                                               0.19 kB
dist/assets/handleDetail-CWIGVg2-.css                                                               0.19 kB
dist/assets/handleDetail-DA-MvETJ.css                                                               0.19 kB
dist/assets/handleDetail-bou6UVBg.css                                                               0.19 kB
dist/assets/index-EGjqm05P.css                                                                      0.21 kB
dist/assets/index-D1D7rdXB.css                                                                      0.21 kB
dist/assets/pick-up-terminal-DQV6iOrS.css                                                           0.21 kB
dist/assets/handleDetail-Bmbc2tNQ.css                                                               0.21 kB
dist/assets/handleDetail-Dv9_LFYQ.css                                                               0.22 kB
dist/assets/handleDetail-DraDTJSR.css                                                               0.22 kB
dist/assets/handleDetail-Cj0yreT5.css                                                               0.22 kB
dist/assets/SalesGoodsSection-BQEVesco.css                                                          0.24 kB
dist/assets/handleDetail-Bg18LPh7.css                                                               0.26 kB
dist/assets/index-mHC4WSEd.css                                                                      0.29 kB
dist/assets/orderList-Bwp3oN6q.css                                                                  0.29 kB
dist/assets/index-Bui0r1sk.css                                                                      0.29 kB
dist/assets/bankInfoList-C2RO1IC3.css                                                               0.29 kB
dist/assets/purOrderList-C-Was7w2.css                                                               0.29 kB
dist/assets/storageStage1-Dy4EjeqR.css                                                              0.29 kB
dist/assets/storageStage2-C6ry2BAw.css                                                              0.29 kB
dist/assets/storageStage3-fPJDXeAd.css                                                              0.29 kB
dist/assets/index-i3YPiFmh.css                                                                      0.29 kB
dist/assets/bankInfoList-BfERrrv8.css                                                               0.29 kB
dist/assets/index-BLhQhs9X.css                                                                      0.29 kB
dist/assets/index-BTSGFFmO.css                                                                      0.29 kB
dist/assets/index-BO7kywZf.css                                                                      0.29 kB
dist/assets/index-BK_4WP4z.css                                                                      0.29 kB
dist/assets/index-BfRP-gJ3.css                                                                      0.29 kB
dist/assets/index-DYKex7Fo.css                                                                      0.29 kB
dist/assets/purOrderList-06RM4hnA.css                                                               0.29 kB
dist/assets/index-C2Ew4GQN.css                                                                      0.29 kB
dist/assets/bankInfoList-DB0z3ah7.css                                                               0.29 kB
dist/assets/storageStage1-DG5Ooix0.css                                                              0.29 kB
dist/assets/storageStage2-CJn7CfKC.css                                                              0.29 kB
dist/assets/storageStage3-43mNAFVH.css                                                              0.29 kB
dist/assets/index-CYu45gZg.css                                                                      0.29 kB
dist/assets/bankInfoList-BgrS76im.css                                                               0.29 kB
dist/assets/handleDetail-C2UX7fJ2.css                                                               0.30 kB
dist/assets/PurchaseGoodsSection-C_nEd07p.css                                                       0.31 kB
dist/assets/SettlementInfo-CVOD2lBV.css                                                             0.33 kB
dist/assets/handleDetail-DZthC9NE.css                                                               0.33 kB
dist/assets/handleDetail-BnluKT7D.css                                                               0.35 kB
dist/assets/handleDetail-CBoUAvPz.css                                                               0.36 kB
dist/assets/handleDetail-Duptgk1g.css                                                               0.36 kB
dist/assets/pricingBasis-B1YhjB2W.css                                                               0.36 kB
dist/assets/handleDetail-kN5SpauY.css                                                               0.36 kB
dist/assets/userAvatar-C2lWUHJw.css                                                                 0.38 kB
dist/assets/handleDetail-_Db-VIwN.css                                                               0.38 kB
dist/assets/index-B8-qmob7.css                                                                      0.39 kB
dist/assets/index-CQVPJC0q.css                                                                      0.41 kB
dist/assets/index-CFITkCwV.css                                                                      0.41 kB
dist/assets/index-xYIfEl_P.css                                                                      0.41 kB
dist/assets/historyRateDialog-C7rM7yhK.css                                                          0.41 kB
dist/assets/index-CXGgQX-X.css                                                                      0.41 kB
dist/assets/qualitySettlement-DCKKjiiA.css                                                          0.42 kB
dist/assets/handleDetail-DNwpDVA9.css                                                               0.42 kB
dist/assets/detail-CJfd2CDf.css                                                                     0.43 kB
dist/assets/OrderAttachmentSection-B-TsU9Yx.css                                                     0.47 kB
dist/assets/index-ChAMbhKz.css                                                                      0.53 kB
dist/assets/index-DHCxIbiW.css                                                                      0.53 kB
dist/assets/detail-DRxrslJC.css                                                                     0.53 kB
dist/assets/handleDetail-CvhRrbBs.css                                                               0.64 kB
dist/assets/handleDetail-Dk4iTu6b.css                                                               0.67 kB
dist/assets/handleDetail-C8aIPdy9.css                                                               0.67 kB
dist/assets/BillBasicInfo-sFdkyZk8.css                                                              0.70 kB
dist/assets/inspection-info-CRnGvhl9.css                                                            0.71 kB
dist/assets/ocean-freight-CDtZk0Bx.css                                                              0.71 kB
dist/assets/receipt-payment-CNkNapp-.css                                                            0.71 kB
dist/assets/settlement-info-Bt0sBmSw.css                                                            0.71 kB
dist/assets/401-DTcjfNVL.css                                                                        0.75 kB
dist/assets/index-pw770lNe.css                                                                      0.75 kB
dist/assets/handleDetail-777ilspl.css                                                               0.80 kB
dist/assets/CargoInfo-B2B7XxIO.css                                                                  0.80 kB
dist/assets/InspectionInfo-CnTzvELo.css                                                             0.81 kB
dist/assets/index-BfE3jXvW.css                                                                      0.91 kB
dist/assets/register-C0xLBvdi.css                                                                   1.00 kB
dist/assets/detail-B9X-38hK.css                                                                     1.02 kB
dist/assets/CustomsInfo-BqDKvZ5z.css                                                                1.05 kB
dist/assets/handleDetail-EbE0MBXh.css                                                               1.07 kB
dist/assets/handleDetail-D_s3qqmy.css                                                               1.08 kB
dist/assets/vendor-BUMXTAWU.css                                                                     1.09 kB
dist/assets/OrderAttachmentSection-BpZKaYZX.css                                                     1.20 kB
dist/assets/handleDetail-DmFc2Tsc.css                                                               1.21 kB
dist/assets/index-B1uIKnJM.css                                                                      1.24 kB
dist/assets/WorkbenchSummaryCards-CpQ6OmKp.css                                                      1.26 kB
dist/assets/WorkbenchArrivalChart-lRW3psbb.css                                                      1.35 kB
dist/assets/pier-replenish-CPw3bYOk.css                                                             1.43 kB
dist/assets/yard-replenish-HgTdbQFO.css                                                             1.43 kB
dist/assets/index-CuRpv4z_.css                                                                      1.45 kB
dist/assets/index-BlQV4FTv.css                                                                      1.51 kB
dist/assets/handleDetail-BJaK_NHT.css                                                               1.58 kB
dist/assets/handleDetail-CDruWDWy.css                                                               1.76 kB
dist/assets/handleDetail-c6VhkaEA.css                                                               1.90 kB
dist/assets/SeaInfo-BzPESkFz.css                                                                    2.06 kB
dist/assets/404-Dg6J1wpR.css                                                                        2.09 kB
dist/assets/styles-BBOkRdF-.css                                                                     2.49 kB
dist/assets/index-BvDJk9nA.css                                                                      2.53 kB
dist/assets/index-BIztMXXs.css                                                                      2.61 kB
dist/assets/handleDetail-DhQliFsw.css                                                               2.66 kB
dist/assets/index-6F-R9Htn.css                                                                      2.71 kB
dist/assets/SimpleTrack-BEovI6p5.css                                                                2.99 kB
dist/assets/vendor-cropper-Ci3yF-GX.css                                                             3.19 kB
dist/assets/index-CkWTMgxs.css                                                                      3.30 kB
dist/assets/TrackNode-Bl2y2dIz.css                                                                  3.32 kB
dist/assets/SpecialNode-D8xgiHA2.css                                                                3.41 kB
dist/assets/ShipDetailModal-BupjS4Gz.css                                                            3.42 kB
dist/assets/index-CLlY-yUV.css                                                                      3.62 kB
dist/assets/index-CefYgPX2.css                                                                      4.03 kB
dist/assets/import-data-dialog-BcROIqKe.css                                                         4.16 kB
dist/assets/overViewDrawer-COB3ljN-.css                                                             4.30 kB
dist/assets/login-Nas6oJQs.css                                                                      4.36 kB
dist/assets/WorkbenchWarningList-CRBZIjB9.css                                                       4.57 kB
dist/assets/WorkbenchContractNodes-BY03f3Q9.css                                                     4.85 kB
dist/assets/index-T1ewhuZT.css                                                                      5.36 kB
dist/assets/WorkbenchGuide-BFP7hvvP.css                                                             5.43 kB
dist/assets/handleDetail-C5xMdjyp.css                                                               5.72 kB
dist/assets/handleDetail-BAXz4rip.css                                                               5.81 kB
dist/assets/index-WflQuI8p.css                                                                      6.37 kB
dist/assets/ContainerDynamicDialog-B3X1-L4U.css                                                     6.46 kB
dist/assets/vendor-editor-CpCzGeOH.css                                                             14.81 kB
dist/assets/overViewDrawer-BQko83fk.css                                                            17.42 kB
dist/assets/index-BsX-IhUX.css                                                                     19.63 kB
dist/assets/index-D-BkZjmS.css                                                                     55.13 kB
dist/assets/vendor-element-5_QS-GLn.css                                                           361.09 kB
dist/assets/noData-BZiw4I47.js                                                                      0.05 kB
dist/assets/zk-logo-BZW7RDlZ.js                                                                     0.06 kB
dist/assets/ai-title-C2NhT0l4.js                                                                    0.06 kB
dist/assets/ccyf-1-mxsNGx6E.js                                                                      0.06 kB
dist/assets/sxgl-1-CbmZ99Hv.js                                                                      0.06 kB
dist/assets/formatters-B2g95Q5_.js                                                                  0.12 kB
dist/assets/basicInfoForm-DkpPVGaN.js                                                               0.14 kB
dist/assets/bill-cost-pNBc4lO_.js                                                                   0.24 kB
dist/assets/ledger-8GvVs3O-.js                                                                      0.24 kB
dist/assets/vendor-cjs-Cpj98o6Y.js                                                                  0.24 kB
dist/assets/index-B3URw0Xe.js                                                                       0.25 kB
dist/assets/weapp-BNc16lUw.js                                                                       0.25 kB
dist/assets/chart-BsLMrzXU.js                                                                       0.26 kB
dist/assets/index-DxqRbJg4.js                                                                       0.27 kB
dist/assets/icBaselineFestival-BVQvfex8.js                                                          0.28 kB
dist/assets/size-Cj9fB5Rp.js                                                                        0.29 kB
dist/assets/mdi--train-car-box-open-wpryxmnb.js                                                     0.29 kB
dist/assets/mdi--garage-warning-CfBG63cA.js                                                         0.29 kB
dist/assets/mdi--train-car-box-full-CTB42oXf.js                                                     0.30 kB
dist/assets/detail.vue_vue_type_script_setup_true_name_Pledge-list_2Fdetail_lang-BKmj96sV.js        0.31 kB
dist/assets/detail.vue_vue_type_script_setup_true_name_Unpledge-list_2Fdetail_lang-CDSdk2lW.js      0.31 kB
dist/assets/lsicon--sales-return-outline-A0fkAem9.js                                                0.32 kB
dist/assets/resetPwd-C5ZIQ88k.js                                                                    0.32 kB
dist/assets/userInfo-BS4s7b7R.js                                                                    0.32 kB
dist/assets/importTable-BXXaJn9Q.js                                                                 0.33 kB
dist/assets/genInfoForm-BntEHrN5.js                                                                 0.33 kB
dist/assets/lsicon--order-edit-outline-Bsv7dAyq.js                                                  0.33 kB
dist/assets/material-symbols--warehouse-outline-CYz2tBOM.js                                         0.33 kB
dist/assets/selectUser-qQbNUaS3.js                                                                  0.34 kB
dist/assets/mdi--warehouse-jZjJknDt.js                                                              0.35 kB
dist/assets/product-DK-N_RX-.js                                                                     0.35 kB
dist/assets/pick-up-goods-DVSE3XG6.js                                                               0.35 kB
dist/assets/BankInfoForm-BvYx-0lK.js                                                                0.36 kB
dist/assets/handleDetail-DsvTbcq9.js                                                                0.36 kB
dist/assets/handleDetail-Kezk2dcA.js                                                                0.36 kB
dist/assets/handleDetail-DL6kPBKA.js                                                                0.36 kB
dist/assets/lsicon--goods-search-outline-DK8q9gJ_.js                                                0.36 kB
dist/assets/lets-icons--order-BR5QTHQL.js                                                           0.37 kB
dist/assets/mdi--file-import-outline-DbbyQH17.js                                                    0.37 kB
dist/assets/icon-park-outline--payment-method-B-cCt_iC.js                                           0.38 kB
dist/assets/link-C93f4PgI.js                                                                        0.38 kB
dist/assets/material-symbols--pip-exit-CPMbUefo.js                                                  0.38 kB
dist/assets/mdi--file-import-D0dhVNW-.js                                                            0.38 kB
dist/assets/index-B6m6omXv.js                                                                       0.39 kB
dist/assets/handleDetail-BEXq8qfY.js                                                                0.39 kB
dist/assets/DeliveryOrderForm-Deyu9oe8.js                                                           0.39 kB
dist/assets/material-symbols--pip-exit-outline-z7pD8Pb9.js                                          0.40 kB
dist/assets/handleDetail-B3YINLER.js                                                                0.40 kB
dist/assets/add-cDFtFiPo.js                                                                         0.40 kB
dist/assets/maki--warehouse-7-npw6-m.js                                                             0.40 kB
dist/assets/edit-C6wxuvVw.js                                                                        0.40 kB
dist/assets/detail-DHieInGU.js                                                                      0.41 kB
dist/assets/detail-V_PWz1_O.js                                                                      0.41 kB
dist/assets/index-vNBrzYdP.js                                                                       0.42 kB
dist/assets/index-DMyajWfA.js                                                                       0.42 kB
dist/assets/guide-DZWUPi2j.js                                                                       0.42 kB
dist/assets/lsicon--sales-return-filled-_4bx7spk.js                                                 0.43 kB
dist/assets/goods-store-B-MBgnqo.js                                                                 0.43 kB
dist/assets/add-B1vSvW96.js                                                                         0.43 kB
dist/assets/add-BMH7OHw2.js                                                                         0.43 kB
dist/assets/edit-BUVLv54I.js                                                                        0.43 kB
dist/assets/edit-YJwYmsvL.js                                                                        0.43 kB
dist/assets/money-B1qqPuhn.js                                                                       0.43 kB
dist/assets/add-B1ZyUZUf.js                                                                         0.43 kB
dist/assets/detail-DE0Va1G5.js                                                                      0.43 kB
dist/assets/detail-BwC1s4qH.js                                                                      0.43 kB
dist/assets/edit-MfkFXQwx.js                                                                        0.44 kB
dist/assets/detail-ybsEKjYj.js                                                                      0.44 kB
dist/assets/DomesticOrderList-CWOAIRYe.js                                                           0.44 kB
dist/assets/add-4LXzTOgu.js                                                                         0.44 kB
dist/assets/edit-BWCpPF3_.js                                                                        0.44 kB
dist/assets/DomesticOrderList-QYk-W3-X.js                                                           0.44 kB
dist/assets/detail-CriseHgn.js                                                                      0.44 kB
dist/assets/add-D-yU37mG.js                                                                         0.44 kB
dist/assets/edit-DIHJoJOp.js                                                                        0.44 kB
dist/assets/detail-pYuerhmj.js                                                                      0.44 kB
dist/assets/handleDetail-BGNhErfH.js                                                                0.44 kB
dist/assets/handleDetail-CR30cX3s.js                                                                0.44 kB
dist/assets/detail-C7Ye2bQd.js                                                                      0.45 kB
dist/assets/drag-BG1_I1vT.js                                                                        0.45 kB
dist/assets/add-OaYPneLa.js                                                                         0.45 kB
dist/assets/edit-CZKpmL0l.js                                                                        0.45 kB
dist/assets/detail-DdmcbSjT.js                                                                      0.45 kB
dist/assets/marketData-B-dzKSED.js                                                                  0.46 kB
dist/assets/lsicon--house-filled-yBbjZKXn.js                                                        0.46 kB
dist/assets/ri--money-cny-box-fill-S9bWYb4t.js                                                      0.47 kB
dist/assets/mdi--credit-card-edit-D9aVIdFE.js                                                       0.47 kB
dist/assets/add-ADyh2n4C.js                                                                         0.47 kB
dist/assets/add-DMdjYSXD.js                                                                         0.47 kB
dist/assets/edit-BdbopcoA.js                                                                        0.47 kB
dist/assets/lucide-lab--copy-type-IbqfAeUq.js                                                       0.47 kB
dist/assets/edit-tidRjcPv.js                                                                        0.47 kB
dist/assets/add-DnIj387P.js                                                                         0.48 kB
dist/assets/edit-Dmi8o4CV.js                                                                        0.48 kB
dist/assets/add-xcZDgCM9.js                                                                         0.48 kB
dist/assets/add-CV1da8Fq.js                                                                         0.48 kB
dist/assets/edit-DL-2Rk9j.js                                                                        0.48 kB
dist/assets/detail-Be-EHK5Q.js                                                                      0.48 kB
dist/assets/edit-BMpPlsuY.js                                                                        0.48 kB
dist/assets/add-CMOMuE8L.js                                                                         0.48 kB
dist/assets/edit-BPt_9GiC.js                                                                        0.48 kB
dist/assets/detail-Jhpx2Ps2.js                                                                      0.48 kB
dist/assets/ri--money-cny-box-line-DRcd_DTy.js                                                      0.48 kB
dist/assets/add-FY5Pt-x6.js                                                                         0.48 kB
dist/assets/add-C7uu8tE_.js                                                                         0.48 kB
dist/assets/edit-DVHHF0xR.js                                                                        0.48 kB
dist/assets/edit-BkuDD_V5.js                                                                        0.48 kB
dist/assets/detail-DjlirYly.js                                                                      0.48 kB
dist/assets/detail-DYG3pzdj.js                                                                      0.48 kB
dist/assets/detail-CSHy5gqH.js                                                                      0.48 kB
dist/assets/add-B93J1b2h.js                                                                         0.48 kB
dist/assets/email-Dig28Vt2.js                                                                       0.48 kB
dist/assets/edit-CelBWkNg.js                                                                        0.48 kB
dist/assets/add-B-5teCXZ.js                                                                         0.48 kB
dist/assets/edit-DCYQ8DnA.js                                                                        0.49 kB
dist/assets/detail-C59iYU0w.js                                                                      0.49 kB
dist/assets/add-CDp0Ewtq.js                                                                         0.49 kB
dist/assets/icon-park--payment-method-CP9LtBBa.js                                                   0.49 kB
dist/assets/add-Bkpz3R1m.js                                                                         0.49 kB
dist/assets/edit-CzI5uvth.js                                                                        0.49 kB
dist/assets/detail-DjQpbxcN.js                                                                      0.49 kB
dist/assets/edit-CQ2EfIsO.js                                                                        0.49 kB
dist/assets/detail-BxLJ37nP.js                                                                      0.49 kB
dist/assets/detail-BI_nlYcz.js                                                                      0.49 kB
dist/assets/handleDetail-B9ougY6k.js                                                                0.49 kB
dist/assets/system-CIevy3F_.js                                                                      0.49 kB
dist/assets/add-CRr6cjuV.js                                                                         0.50 kB
dist/assets/edit-DFgQtbkb.js                                                                        0.50 kB
dist/assets/add-BokGoU7L.js                                                                         0.50 kB
dist/assets/detail-DF1pCjPl.js                                                                      0.50 kB
dist/assets/add-Czg7diEv.js                                                                         0.50 kB
dist/assets/edit-F0vYItcR.js                                                                        0.50 kB
dist/assets/detail-SmzaDuQT.js                                                                      0.50 kB
dist/assets/detail-ClcQ1jVe.js                                                                      0.50 kB
dist/assets/bxl--product-hunt-BQ7xGvxo.js                                                           0.50 kB
dist/assets/icon-park-outline--order-Dp14dFpN.js                                                    0.50 kB
dist/assets/add-CwKcWr4u.js                                                                         0.51 kB
dist/assets/add-h6SsIMuU.js                                                                         0.51 kB
dist/assets/edit-CWg7JyB_.js                                                                        0.51 kB
dist/assets/edit-DEQF7HXB.js                                                                        0.51 kB
dist/assets/ic--round-house-B02EsSo-.js                                                             0.51 kB
dist/assets/edit-sqXmzYAX.js                                                                        0.51 kB
dist/assets/detail-DMFUkc8m.js                                                                      0.51 kB
dist/assets/detail-C72brkLS.js                                                                      0.51 kB
dist/assets/detail-C2uEZFmZ.js                                                                      0.51 kB
dist/assets/detail-DOkuggnw.js                                                                      0.51 kB
dist/assets/add-oHSGmKsu.js                                                                         0.51 kB
dist/assets/edit-9YQG8dWe.js                                                                        0.51 kB
dist/assets/streamline--warehouse-1-solid-DF79V2AO.js                                               0.52 kB
dist/assets/add-EOHIxbGN.js                                                                         0.52 kB
dist/assets/detail-BwfqpZ7y.js                                                                      0.52 kB
dist/assets/edit-DDaOeT02.js                                                                        0.52 kB
dist/assets/add-BzDIdJF8.js                                                                         0.52 kB
dist/assets/add-DE2Iw3KP.js                                                                         0.52 kB
dist/assets/documentation-uH9BvL5U.js                                                               0.52 kB
dist/assets/detail-QXifKU9m.js                                                                      0.52 kB
dist/assets/edit-DD2GCeuP.js                                                                        0.52 kB
dist/assets/edit-BhKejp3M.js                                                                        0.52 kB
dist/assets/add-DqZx5x3s.js                                                                         0.52 kB
dist/assets/edit-fohIU7t4.js                                                                        0.52 kB
dist/assets/lsicon--goods-search-filled-Capy66Ub.js                                                 0.52 kB
dist/assets/add-Cwvd7y3s.js                                                                         0.52 kB
dist/assets/detail-D_9KBEcH.js                                                                      0.52 kB
dist/assets/edit-DxvNPOal.js                                                                        0.52 kB
dist/assets/detail-tQ5n6At2.js                                                                      0.52 kB
dist/assets/lsicon--warehouse-into-filled-CLvAe-T_.js                                               0.52 kB
dist/assets/detail-BzuRWpp0.js                                                                      0.52 kB
dist/assets/add-E7GM--fH.js                                                                         0.53 kB
dist/assets/edit-CG28uOFm.js                                                                        0.53 kB
dist/assets/dashicons--admin-multisite-CORmb3oH.js                                                  0.53 kB
dist/assets/detail-B7HUWPyd.js                                                                      0.53 kB
dist/assets/detail-Dm8gUr0M.js                                                                      0.53 kB
dist/assets/lucide--warehouse-DF6-borT.js                                                           0.53 kB
dist/assets/ph--warehouse-Dv6R8dnM.js                                                               0.53 kB
dist/assets/menu-Cci4uG5t.js                                                                        0.54 kB
dist/assets/add-V7qbx37M.js                                                                         0.54 kB
dist/assets/detail-Bd4Jzicu.js                                                                      0.54 kB
dist/assets/edit-CGoq2jDS.js                                                                        0.54 kB
dist/assets/add-nOcUCbpR.js                                                                         0.54 kB
dist/assets/currency-D-IyRb9E.js                                                                    0.54 kB
dist/assets/edit-DSzrZFZL.js                                                                        0.54 kB
dist/assets/detail-CSKcprD1.js                                                                      0.54 kB
dist/assets/la--product-hunt-Bxtc_nwB.js                                                            0.54 kB
dist/assets/dept-D9vUw0b4.js                                                                        0.54 kB
dist/assets/streamline--chat-bubble-square-write-BT6MZDRf.js                                        0.54 kB
dist/assets/index-B7N9wrte.js                                                                       0.55 kB
dist/assets/receive-DeUwRqMH.js                                                                     0.55 kB
dist/assets/fullscreen-0JHt5yWX.js                                                                  0.55 kB
dist/assets/tabler--home-dot-Drt9I2n1.js                                                            0.55 kB
dist/assets/warehouse-BQdN9UmX.js                                                                   0.55 kB
dist/assets/catppuccin--cargo-3UuSSUDp.js                                                           0.55 kB
dist/assets/excel-D3hj5F35.js                                                                       0.56 kB
dist/assets/lsicon--order-edit-filled-ChhnTcYE.js                                                   0.56 kB
dist/assets/information-BN86zYpk.js                                                                 0.56 kB
dist/assets/icon-park-outline--financing-two-Dkt5vHie.js                                            0.56 kB
dist/assets/add-B95wuJNo.js                                                                         0.57 kB
dist/assets/add-D_FiAQVE.js                                                                         0.57 kB
dist/assets/type-CL0-tGY0.js                                                                        0.57 kB
dist/assets/edit-BDRsDKH-.js                                                                        0.57 kB
dist/assets/edit-C1NSS0P3.js                                                                        0.57 kB
dist/assets/mdi--account-service-QXh2m9vH.js                                                        0.57 kB
dist/assets/user-DqMuW5cU.js                                                                        0.57 kB
dist/assets/detail-B9u0MkQJ.js                                                                      0.57 kB
dist/assets/detail-BGLjIaPU.js                                                                      0.57 kB
dist/assets/vessel-tracking-wlUVqLkn.js                                                             0.57 kB
dist/assets/site-goods-B9o1H6bE.js                                                                  0.57 kB
dist/assets/lock-Bexeb9hp.js                                                                        0.57 kB
dist/assets/add-Cx8ggvgU.js                                                                         0.58 kB
dist/assets/invoicing-C-GHGj30.js                                                                   0.58 kB
dist/assets/edit-DzBaDgqI.js                                                                        0.58 kB
dist/assets/add-iN-Q3tou.js                                                                         0.58 kB
dist/assets/detail-BR3qElqw.js                                                                      0.58 kB
dist/assets/edit-J3ruwc9s.js                                                                        0.58 kB
dist/assets/detail-C_uCAtyT.js                                                                      0.59 kB
dist/assets/mdi--car-outline-BSHQNbe6.js                                                            0.59 kB
dist/assets/site-CoRw3wkO.js                                                                        0.59 kB
dist/assets/ph--warehouse-duotone-Cl6hg4Ez.js                                                       0.60 kB
dist/assets/help-me-I08gqFSv.js                                                                     0.62 kB
dist/assets/job-DoRLeXxw.js                                                                         0.62 kB
dist/assets/add-Dpz8XY37.js                                                                         0.62 kB
dist/assets/edit-CCEleMCQ.js                                                                        0.63 kB
dist/assets/add-Vx_Mgda_.js                                                                         0.63 kB
dist/assets/detail-BYUmNaJu.js                                                                      0.63 kB
dist/assets/edit-DlVp3KEU.js                                                                        0.63 kB
dist/assets/service-provider-DFTo_g-V.js                                                            0.63 kB
dist/assets/detail-BAJcV5Ds.js                                                                      0.63 kB
dist/assets/warehouse-CMBzboO5.js                                                                   0.63 kB
dist/assets/goods-category-CwFtiHRn.js                                                              0.63 kB
dist/assets/example-CnLLAFb9.js                                                                     0.63 kB
dist/assets/goods-attr-Cq9nDckb.js                                                                  0.64 kB
dist/assets/mdi--database-import-DRmxHoH1.js                                                        0.64 kB
dist/assets/add-v8-PeTKE.js                                                                         0.65 kB
dist/assets/teenyicons--search-property-solid-CxW8EyN1.js                                           0.65 kB
dist/assets/edit-D4T1BW6_.js                                                                        0.65 kB
dist/assets/detail-CXoMVTdd.js                                                                      0.65 kB
dist/assets/add-NpdPSmmD.js                                                                         0.66 kB
dist/assets/edit-J-0lMu_7.js                                                                        0.66 kB
dist/assets/carrier-B5bYAPcd.js                                                                     0.66 kB
dist/assets/detail-DkHNOt4a.js                                                                      0.66 kB
dist/assets/direct-yard-DksI37mR.js                                                                 0.66 kB
dist/assets/ic--round-drive-folder-upload-CVGpHNUj.js                                               0.66 kB
dist/assets/handleDetail-CN6EiEG9.js                                                                0.66 kB
dist/assets/mdi--truck-fast-outline-ak0de-3a.js                                                     0.66 kB
dist/assets/ocean-freight-BLpFIJkz.js                                                               0.67 kB
dist/assets/enterprise-users-BlJXV9d7.js                                                            0.67 kB
dist/assets/pick-up-terminal-DA2ZGT6w.js                                                            0.67 kB
dist/assets/customs-clearance-3LLRTTeS.js                                                           0.67 kB
dist/assets/add-2En3_Usd.js                                                                         0.67 kB
dist/assets/edit-CUUy428w.js                                                                        0.68 kB
dist/assets/icon-park--currency-D6WM0_27.js                                                         0.68 kB
dist/assets/detail-C06qXhQC.js                                                                      0.68 kB
dist/assets/index-DSZHVr06.js                                                                       0.68 kB
dist/assets/mdi--account-service-outline (1)-DoX7KNLK.js                                            0.69 kB
dist/assets/add-B7J0WA2y.js                                                                         0.69 kB
dist/assets/edit-wrC2jn9u.js                                                                        0.69 kB
dist/assets/mdi--car-BZHPakNe.js                                                                    0.69 kB
dist/assets/carbon--global-loan-and-trial-BkHLgHm-.js                                               0.70 kB
dist/assets/pledge-BoD23e4e.js                                                                      0.70 kB
dist/assets/detail-B-saYJiS.js                                                                      0.70 kB
dist/assets/inspection-info-DMnsuwDA.js                                                             0.70 kB
dist/assets/receipt-payment-QT0A1Ung.js                                                             0.70 kB
dist/assets/iconParkSolidCommodity-Cy6vldCS.js                                                      0.70 kB
dist/assets/table-5PRh60AQ.js                                                                       0.70 kB
dist/assets/add-BhW1DkHi.js                                                                         0.70 kB
dist/assets/edit-B50urp7g.js                                                                        0.71 kB
dist/assets/circum--memo-pad-C1mppnHG.js                                                            0.71 kB
dist/assets/detail-nyDye8jx.js                                                                      0.71 kB
dist/assets/add-BQ_zJmyN.js                                                                         0.71 kB
dist/assets/gen-BofldCsR.js                                                                         0.71 kB
dist/assets/edit-BN5dbNDG.js                                                                        0.71 kB
dist/assets/detail-D-1aR4SU.js                                                                      0.71 kB
dist/assets/star-kST8a72V.js                                                                        0.71 kB
dist/assets/mdi--truck-fast-CgUWrIcS.js                                                             0.71 kB
dist/assets/mdi--boat-2uFT4NFf.js                                                                   0.71 kB
dist/assets/goods-base-Dn70U_FC.js                                                                  0.72 kB
dist/assets/material-symbols--credit-card-clock-rounded-CT9-0S_3.js                                 0.72 kB
dist/assets/refinery-BzL-Y2wQ.js                                                                    0.73 kB
dist/assets/slider-BGfehM6X.js                                                                      0.73 kB
dist/assets/settlement-info-CTu2slZK.js                                                             0.73 kB
dist/assets/streamline--chat-bubble-square-write-solid-DkT7NAbm.js                                  0.73 kB
dist/assets/add-BuvIZVgH.js                                                                         0.73 kB
dist/assets/edit-Bpo6FIag.js                                                                        0.74 kB
dist/assets/streamline--warehouse-1-D0FqxtTu.js                                                     0.74 kB
dist/assets/detail-C-fPU5Cv.js                                                                      0.74 kB
dist/assets/icon-park-solid--workbench-Ca0DMOfp.js                                                  0.75 kB
dist/assets/education-47KsSYIl.js                                                                   0.76 kB
dist/assets/icon-park-solid--financing-two-ChRLDH9m.js                                              0.76 kB
dist/assets/streamline--payment-10-DTbmF3Oo.js                                                      0.76 kB
dist/assets/materialSymbolsAddBusinessRounded-BD-Pmmw7.js                                           0.77 kB
dist/assets/mdi--database-import-outline-_WENvlHK.js                                                0.77 kB
dist/assets/carbonCategoryNewEach-kZscHNNb.js                                                       0.78 kB
dist/assets/game-icons--cargo-crate-D_WmHLMU.js                                                     0.78 kB
dist/assets/iconoirCommodity-BiKykjl-.js                                                            0.79 kB
dist/assets/index-BzQcok7K.js                                                                       0.79 kB
dist/assets/add-C5Eit2dD.js                                                                         0.79 kB
dist/assets/detail-DGe-oC0C.js                                                                      0.79 kB
dist/assets/styles.scss_vue_type_style_index_0_src_true_lang-DFTL4RTG.js                            0.80 kB
dist/assets/tab-nA3f0aBt.js                                                                         0.80 kB
dist/assets/fluent-mdl2--work-item-alert-Bh8aH5iR.js                                                0.80 kB
dist/assets/user-group-Cgt353XV.js                                                                  0.80 kB
dist/assets/bank-CugME49C.js                                                                        0.81 kB
dist/assets/news-DH9laMdx.js                                                                        0.81 kB
dist/assets/mdi--plane-car-B0sss3Rr.js                                                              0.83 kB
dist/assets/car-DcEzgggI.js                                                                         0.85 kB
dist/assets/message-UkR-VIBB.js                                                                     0.85 kB
dist/assets/catppuccin--cargo-lock-DlvDP12c.js                                                      0.86 kB
dist/assets/mdi--train-car-Bnh0MmoD.js                                                              0.86 kB
dist/assets/constants-qwNOYWM3.js                                                                   0.86 kB
dist/assets/edit-DnNuqxi1.js                                                                        0.88 kB
dist/assets/add-DAsaqCQh.js                                                                         0.88 kB
dist/assets/detail-t1R-oq0G.js                                                                      0.88 kB
dist/assets/code-DgJ8cT4a.js                                                                        0.88 kB
dist/assets/theme-CyGq941x.js                                                                       0.88 kB
dist/assets/teenyicons--search-property-outline-BTJNQCWI.js                                         0.90 kB
dist/assets/switch-CvaargRJ.js                                                                      0.90 kB
dist/assets/peoples-BRYsIqmI.js                                                                     0.91 kB
dist/assets/mdi--pier-crane-YykJX7v3.js                                                             0.93 kB
dist/assets/druid-BybW_S_B.js                                                                       0.93 kB
dist/assets/fluent--accessibility-checkmark-20-filled-r_hmDeI5.js                                   0.95 kB
dist/assets/input-BJoPMnBW.js                                                                       0.96 kB
dist/assets/assets-nLNLyZyn.js                                                                      0.97 kB
dist/assets/add-BrZ_kqv7.js                                                                         0.97 kB
dist/assets/edit-J3hevmxb.js                                                                        0.97 kB
dist/assets/detail-Cizrn-6L.js                                                                      0.97 kB
dist/assets/WorkbenchSummaryCards-bvbM9UW_.js                                                       0.99 kB
dist/assets/add-DTr3L7GW.js                                                                         1.00 kB
dist/assets/edit-BtEWwIXa.js                                                                        1.00 kB
dist/assets/file-CEOecTUB.js                                                                        1.00 kB
dist/assets/detail-CsqMBUKa.js                                                                      1.00 kB
dist/assets/edit-D0DI9pAq.js                                                                        1.00 kB
dist/assets/nested-B4d5u3hW.js                                                                      1.01 kB
dist/assets/solar--chat-round-money-bold-duotone-DbhSkS-0.js                                        1.01 kB
dist/assets/faSolidHouseUser-yzHEew5y.js                                                            1.01 kB
dist/assets/approval-DrPMSaEt.js                                                                    1.02 kB
dist/assets/solar--chat-round-money-bold-BHCLs24n.js                                                1.02 kB
dist/assets/textarea-CJWXlgbJ.js                                                                    1.02 kB
dist/assets/server-unS7EyF7.js                                                                      1.02 kB
dist/assets/row-CRXKIHjm.js                                                                         1.05 kB
dist/assets/bill-num-1-5uqEEO4B.js                                                                  1.05 kB
dist/assets/time-BVERp0sU.js                                                                        1.05 kB
dist/assets/gzt-1-ORLc9eWF.js                                                                       1.08 kB
dist/assets/monitor-gwnnVq4l.js                                                                     1.09 kB
dist/assets/mingcute--card-pay-fill-BqrhRyJI.js                                                     1.10 kB
dist/assets/account-I43IxgKm.js                                                                     1.13 kB
dist/assets/reset-icon-BWnC5CUy.js                                                                  1.14 kB
dist/assets/tree-table-CnOS99I9.js                                                                  1.15 kB
dist/assets/eye-DqRz4sMZ.js                                                                         1.15 kB
dist/assets/more-icon-DHO_jp0a.js                                                                   1.15 kB
dist/assets/loanAfter-iIV04T_A.js                                                                   1.17 kB
dist/assets/carbon--ibm-db2-warehouse-za7BQByB.js                                                   1.18 kB
dist/assets/clipboard-DaV3cn7f.js                                                                   1.19 kB
dist/assets/build-2jMyI6eP.js                                                                       1.20 kB
dist/assets/streamline--payment-10-solid-8WBIZ-7D.js                                                1.22 kB
dist/assets/list-C7O8B4zW.js                                                                        1.24 kB
dist/assets/role-FigA2di6.js                                                                        1.25 kB
dist/assets/fluent--accessibility-checkmark-20-regular-DYNJGx8T.js                                  1.25 kB
dist/assets/xsthd-1-jT1kFh8B.js                                                                     1.26 kB
dist/assets/mingcute--card-pay-line-Beqy8H9h.js                                                     1.28 kB
dist/assets/index-Dwnm7ygw.js                                                                       1.28 kB
dist/assets/lsicon--setting-outline-ZM7GobNV.js                                                     1.28 kB
dist/assets/bill-num-CxSpUVLs.js                                                                    1.29 kB
dist/assets/icon-BtMv6Od8.js                                                                        1.29 kB
dist/assets/upload-icon-AI-change-Cy9H5y_w.js                                                       1.30 kB
dist/assets/401-gTXL6yiD.js                                                                         1.32 kB
dist/assets/search-icon-BMU8x2H7.js                                                                 1.34 kB
dist/assets/download-DeIzgQWH.js                                                                    1.36 kB
dist/assets/zdgl-1-BJPns8T7.js                                                                      1.37 kB
dist/assets/delivery-CMg6NJCK.js                                                                    1.38 kB
dist/assets/skill-B8f_I4m_.js                                                                       1.40 kB
dist/assets/user-Cfim33cM.js                                                                        1.42 kB
dist/assets/international-CmzG1OHg.js                                                               1.43 kB
dist/assets/solar--hand-money-linear-Bi_4Wg4U.js                                                    1.43 kB
dist/assets/question-CvYWQbyW.js                                                                    1.46 kB
dist/assets/wechat-lmQOcPZu.js                                                                      1.46 kB
dist/assets/people-CdGMHN63.js                                                                      1.49 kB
dist/assets/f7CartFillBadgePlus-Co9P_YYU.js                                                         1.50 kB
dist/assets/solar--hand-money-bold-BA6helWD.js                                                      1.50 kB
dist/assets/financing-C_V_iUQR.js                                                                   1.51 kB
dist/assets/checkbox-Bpiun3bf.js                                                                    1.52 kB
dist/assets/clarity--contract-solid-DWPX72vN.js                                                     1.52 kB
dist/assets/post-DrLDyPY9.js                                                                        1.52 kB
dist/assets/language-CaW1LMEk.js                                                                    1.55 kB
dist/assets/eye-open-BxlshWqB.js                                                                    1.55 kB
dist/assets/zdspgl-1-7HC3i0DV.js                                                                    1.55 kB
dist/assets/clgl-1-F6XU37af.js                                                                      1.60 kB
dist/assets/mingcute--pig-money-fill-CInPw9s2.js                                                    1.60 kB
dist/assets/radio-B0t9wPBQ.js                                                                       1.61 kB
dist/assets/select-DhuHHMxz.js                                                                      1.62 kB
dist/assets/openmoji--memo-C33CCKWB.js                                                              1.64 kB
dist/assets/validCode-COB1iLxa.js                                                                   1.66 kB
dist/assets/zip-DIOSZc69.js                                                                         1.66 kB
dist/assets/zrgl-1-vQGkz8R4.js                                                                      1.70 kB
dist/assets/handleDetail.vue_vue_type_script_setup_true_lang-DlkxD_sD.js                            1.70 kB
dist/assets/404-Dy3nURRX.js                                                                         1.73 kB
dist/assets/upload-BueI-Il1.js                                                                      1.75 kB
dist/assets/ysgl-1-Bge8dZrj.js                                                                      1.75 kB
dist/assets/index-CsrbzLCn.js                                                                       1.78 kB
dist/assets/cksgl-1-B_YjtIuQ.js                                                                     1.79 kB
dist/assets/phone-BpAUIz0g.js                                                                       1.82 kB
dist/assets/customs-data-E4luLZ9M.js                                                                1.83 kB
dist/assets/nacos-CmARyran.js                                                                       1.84 kB
dist/assets/kpgl-11-CceVaQ2b.js                                                                     1.85 kB
dist/assets/ckgl-1-1-BNvUMcPi.js                                                                    1.87 kB
dist/assets/bug-10dePVta.js                                                                         1.88 kB
dist/assets/log-CF2F-nSs.js                                                                         1.89 kB
dist/assets/OrderAttachmentSection-CdPnKuhL.js                                                      1.90 kB
dist/assets/userInfo.vue_vue_type_script_setup_true_lang-CbA3r6Yj.js                                1.90 kB
dist/assets/basicInfoForm.vue_vue_type_script_setup_true_lang-fE0vJ91d.js                           1.90 kB
dist/assets/sjgl-1-Dnoez1_t.js                                                                      1.94 kB
dist/assets/github-AJ0WQBa2.js                                                                      1.96 kB
dist/assets/pdf-CD9mOGjJ.js                                                                         2.01 kB
dist/assets/mingcute--pig-money-line-DGFGZVV4.js                                                    2.01 kB
dist/assets/rate-CgnHQvKS.js                                                                        2.03 kB
dist/assets/tdgl-1-Dc4IG8ey.js                                                                      2.03 kB
dist/assets/upload-icon-AI-B4yFa0IJ.js                                                              2.06 kB
dist/assets/resetPwd.vue_vue_type_script_setup_true_lang-DwpAwEcP.js                                2.09 kB
dist/assets/index.vue_vue_type_script_setup_true_lang-CBUY52Bc.js                                   2.09 kB
dist/assets/gncg-11-CgI6C8yO.js                                                                     2.09 kB
dist/assets/gnxs-11-Cs7h7lZU.js                                                                     2.09 kB
dist/assets/yfgl-1-CDYHC-81.js                                                                      2.10 kB
dist/assets/fwsgl-1-DX42U5uO.js                                                                     2.10 kB
dist/assets/index-CE_AMvrL.js                                                                       2.11 kB
dist/assets/job-BcmuINx7.js                                                                         2.11 kB
dist/assets/xsskd-1-D-CJYJiP.js                                                                     2.13 kB
dist/assets/exit-fullscreen-dXhGKlQm.js                                                             2.13 kB
dist/assets/swagger-BHGXZ2Jt.js                                                                     2.13 kB
dist/assets/logininfor-Bm9ZYYR7.js                                                                  2.16 kB
dist/assets/tree-BCtS3oPD.js                                                                        2.16 kB
dist/assets/password-DfGvqQpB.js                                                                    2.19 kB
dist/assets/index-uhK28QPK.js                                                                       2.25 kB
dist/assets/index-D2eQOIvo.js                                                                       2.25 kB
dist/assets/index-Bg1ZzvOg.js                                                                       2.29 kB
dist/assets/xtgl-1-Dur-sIc9.js                                                                      2.32 kB
dist/assets/tzgl-BmjHx5wT.js                                                                        2.36 kB
dist/assets/stash--billing-info-solid-CBVRiidI.js                                                   2.38 kB
dist/assets/ccys-1-DamaWgMI.js                                                                      2.39 kB
dist/assets/spkgl-1-_b-aMMPp.js                                                                     2.41 kB
dist/assets/index-DNDgb12C.js                                                                       2.42 kB
dist/assets/index.vue_vue_type_script_setup_true_lang-BrUG6bi_.js                                   2.43 kB
dist/assets/date-range-B8MgYLb1.js                                                                  2.44 kB
dist/assets/detail-CoNnyXQb.js                                                                      2.46 kB
dist/assets/zxgl-1-pwUK1yRT.js                                                                      2.48 kB
dist/assets/cysgl-1-Cq0TiCOL.js                                                                     2.50 kB
dist/assets/purOrderList-BvgPivej.js                                                                2.50 kB
dist/assets/index-D0qVPyMX.js                                                                       2.58 kB
dist/assets/index-3kRXflAJ.js                                                                       2.59 kB
dist/assets/cascader-CXIOcY1C.js                                                                    2.59 kB
dist/assets/dhgl-1-BoDKu5rs.js                                                                      2.60 kB
dist/assets/index-BdQbhyPt.js                                                                       2.61 kB
dist/assets/importList-C0FVEEtq.js                                                                  2.65 kB
dist/assets/detail-D0raWtQh.js                                                                      2.65 kB
dist/assets/detail-Cj80tzjw.js                                                                      2.69 kB
dist/assets/index-DA7AOBjN.js                                                                       2.74 kB
dist/assets/importTable.vue_vue_type_script_setup_true_lang-Bqc5MwYO.js                             2.75 kB
dist/assets/shopping-CU1IRvxM.js                                                                    2.75 kB
dist/assets/dashboard-Dy7qt_a2.js                                                                   2.80 kB
dist/assets/index-Bw3yb_o6.js                                                                       2.81 kB
dist/assets/dlddgl-1-BtJRCiZH.js                                                                    2.82 kB
dist/assets/bankInfoList-peRXT34k.js                                                                2.83 kB
dist/assets/bankInfoList-CLwU42s1.js                                                                2.83 kB
dist/assets/button-BlSCM_GH.js                                                                      2.86 kB
dist/assets/purOrderList-B1gna9ct.js                                                                2.86 kB
dist/assets/index-CEk8oCbQ.js                                                                       2.88 kB
dist/assets/index-DZdaC5Jz.js                                                                       2.90 kB
dist/assets/mtthgl-1-COK6Skbu.js                                                                    2.91 kB
dist/assets/rkgl-1-gwe8DI7E.js                                                                      2.91 kB
dist/assets/client-BuZkq35_.js                                                                      2.92 kB
dist/assets/orderList-ZD_xk1y9.js                                                                   2.93 kB
dist/assets/bankInfoList-C1ATKund.js                                                                2.94 kB
dist/assets/index-90M6-_JZ.js                                                                       2.94 kB
dist/assets/index-B7AChOcS.js                                                                       2.96 kB
dist/assets/component-Djp9s69L.js                                                                   2.96 kB
dist/assets/form-BDTA_i-I.js                                                                        3.01 kB
dist/assets/kcgl-1-6dfZ7_o2.js                                                                      3.02 kB
dist/assets/index-CrpKtAhY.js                                                                       3.02 kB
dist/assets/tool-D8kXk1l-.js                                                                        3.04 kB
dist/assets/index-ChpIQ5_j.js                                                                       3.04 kB
dist/assets/index-IcQsJcE6.js                                                                       3.07 kB
dist/assets/index-Cm9-b_KF.js                                                                       3.08 kB
dist/assets/orderMappers-Bk6W4Ssw.js                                                                3.09 kB
dist/assets/BankInfoForm.vue_vue_type_script_setup_true_lang--nMgRFtC.js                            3.11 kB
dist/assets/sentinel-sIU9HpHS.js                                                                    3.13 kB
dist/assets/index-BO3RCXxi.js                                                                       3.17 kB
dist/assets/jkgldd-1-RbKVwNtO.js                                                                    3.18 kB
dist/assets/redis-D4ECyT6a.js                                                                       3.22 kB
dist/assets/detail-wFeGSyYR.js                                                                      3.26 kB
dist/assets/handleDetail-BMtqxfm1.js                                                                3.27 kB
dist/assets/qualitySettlement-CSiFxhHR.js                                                           3.28 kB
dist/assets/selectUser.vue_vue_type_script_setup_true_name_SelectUser_lang-CY7icZoV.js              3.30 kB
dist/assets/index-DFANXuIn.js                                                                       3.31 kB
dist/assets/index-CB03Nxfv.js                                                                       3.32 kB
dist/assets/index-CAoEX0XS.js                                                                       3.33 kB
dist/assets/time-range-D3dxgtLj.js                                                                  3.35 kB
dist/assets/jrxmgl-1-CT6EbHw5.js                                                                    3.37 kB
dist/assets/userAvatar-BrZjnfIV.js                                                                  3.39 kB
dist/assets/index-2_Z589Gg.js                                                                       3.39 kB
dist/assets/handleDetail-vKm-_SO1.js                                                                3.39 kB
dist/assets/dict-Bi_GqSXR.js                                                                        3.43 kB
dist/assets/system-DcNSH_Fq.js                                                                      3.44 kB
dist/assets/ckgl-1-CW-IaARP.js                                                                      3.48 kB
dist/assets/jfzlgl-1-7o1MwYcV.js                                                                    3.50 kB
dist/assets/storageStage2-fCgm2r0Z.js                                                               3.51 kB
dist/assets/storageStage2-D9pzQUOu.js                                                               3.52 kB
dist/assets/index-BRinFD5z.js                                                                       3.52 kB
dist/assets/index-BaP0i1Sq.js                                                                       3.53 kB
dist/assets/handleDetail.vue_vue_type_script_setup_true_lang-DaSl7g1-.js                            3.53 kB
dist/assets/index-DZzcPiuI.js                                                                       3.54 kB
dist/assets/bankInfoList-D1C3GdDs.js                                                                3.58 kB
dist/assets/index-BxuUUPJq.js                                                                       3.59 kB
dist/assets/index-IXQaaXsa.js                                                                       3.59 kB
dist/assets/OrderAttachmentSection-DaudkCfH.js                                                      3.65 kB
dist/assets/warehouse-BrQR44oa.js                                                                   3.65 kB
dist/assets/index-JCsF-x82.js                                                                       3.66 kB
dist/assets/number-D4hB_nHC.js                                                                      3.67 kB
dist/assets/index-DuxSBo9x.js                                                                       3.68 kB
dist/assets/order-D4BUNfhP.js                                                                       3.70 kB
dist/assets/date-B1FSITvi.js                                                                        3.72 kB
dist/assets/cgyf-1-k2t2Cfx8.js                                                                      3.72 kB
dist/assets/authRole-a-wiW6Bc.js                                                                    3.73 kB
dist/assets/index-bCOHWgfm.js                                                                       3.74 kB
dist/assets/index-BUUSaL8L.js                                                                       3.74 kB
dist/assets/storageStage1-BRj7B_0f.js                                                               3.76 kB
dist/assets/storageStage1-DI78xKcC.js                                                               3.78 kB
dist/assets/handleDetail.vue_vue_type_script_setup_true_lang-BXRHbwIk.js                            3.82 kB
dist/assets/cgys-1-CSmWvDk2.js                                                                      3.82 kB
dist/assets/storageStage3-Dx4cPHyK.js                                                               3.85 kB
dist/assets/storageStage3-CB0iZGei.js                                                               3.85 kB
dist/assets/rzgl-1-BngtRvGi.js                                                                      3.86 kB
dist/assets/index-BmEvJOq3.js                                                                       3.89 kB
dist/assets/detail-D5WWxMHu.js                                                                      3.91 kB
dist/assets/register-BAbY0w-O.js                                                                    3.91 kB
dist/assets/index-CYccjeoX.js                                                                       3.95 kB
dist/assets/qq-D8j4O83Y.js                                                                          3.98 kB
dist/assets/index-C7MTlJ-D.js                                                                       4.04 kB
dist/assets/index-QyflX89-.js                                                                       4.08 kB
dist/assets/handleDetail-fmcM8Gwp.js                                                                4.08 kB
dist/assets/index-lECT-6Vi.js                                                                       4.08 kB
dist/assets/index-CFqm26JM.js                                                                       4.11 kB
dist/assets/index-BClPE9oa.js                                                                       4.12 kB
dist/assets/index-Rb-IZEif.js                                                                       4.16 kB
dist/assets/index-BuHP4qqD.js                                                                       4.16 kB
dist/assets/DeliveryOrderForm.vue_vue_type_script_setup_true_lang-mhxIQoOj.js                       4.18 kB
dist/assets/index-DluT0kbP.js                                                                       4.21 kB
dist/assets/online-C2ZP8pdY.js                                                                      4.25 kB
dist/assets/index-CGQWjS3A.js                                                                       4.27 kB
dist/assets/index-CJRgdvGi.js                                                                       4.37 kB
dist/assets/index-CcPuUiVR.js                                                                       4.44 kB
dist/assets/authUser-9dh2NMUq.js                                                                    4.46 kB
dist/assets/index-CWBX7Zst.js                                                                       4.48 kB
dist/assets/index-DvRGCTeF.js                                                                       4.48 kB
dist/assets/index-XWf537XI.js                                                                       4.49 kB
dist/assets/index-Cu_4v4cP.js                                                                       4.53 kB
dist/assets/zcgl-11-Dn_LXA8r.js                                                                     4.55 kB
dist/assets/index-RWdC9aPm.js                                                                       4.56 kB
dist/assets/index-BVJ3DLH3.js                                                                       4.56 kB
dist/assets/handleDetail-Cue7bQBD.js                                                                4.56 kB
dist/assets/pick-up-terminal-CflNtX57.js                                                            4.57 kB
dist/assets/color-y1Sshoou.js                                                                       4.58 kB
dist/assets/editAttachmentDialog-zx4XOGU_.js                                                        4.58 kB
dist/assets/index-CROdFSqR.js                                                                       4.63 kB
dist/assets/handleDetail-CRahDLHv.js                                                                4.65 kB
dist/assets/SettlementInfo-NUsVVh_U.js                                                              4.66 kB
dist/assets/customs-clearance-UwiNoa-J.js                                                           4.69 kB
dist/assets/index-Ce_jperi.js                                                                       4.70 kB
dist/assets/handleDetail-BahfvHjc.js                                                                4.74 kB
dist/assets/pier-detail-C_0s-bUz.js                                                                 4.74 kB
dist/assets/index-OTYwbPxR.js                                                                       4.77 kB
dist/assets/uploadInfo-C8fto6hW.js                                                                  4.81 kB
dist/assets/index-B_Nbqrt1.js                                                                       4.84 kB
dist/assets/index-D-S7Lgh-.js                                                                       4.84 kB
dist/assets/login-BwVdrsrn.js                                                                       4.88 kB
dist/assets/news-set-CqbNwLFs.js                                                                    4.88 kB
dist/assets/index-DPBVFjcy.js                                                                       5.00 kB
dist/assets/settlement-info-DTilxTiR.js                                                             5.04 kB
dist/assets/receipt-payment-CewSFgRL.js                                                             5.04 kB
dist/assets/index-W58pM-O3.js                                                                       5.05 kB
dist/assets/index-CHgm8Cf5.js                                                                       5.09 kB
dist/assets/index-DiqWvm7T.js                                                                       5.09 kB
dist/assets/TrackNode--AUDZ5E7.js                                                                   5.17 kB
dist/assets/index-BzgPFj3a.js                                                                       5.20 kB
dist/assets/BillingSubjectForm-BkYVH-YN.js                                                          5.22 kB
dist/assets/DomesticOrderList.vue_vue_type_script_setup_true_lang-8FUx3JtV.js                       5.28 kB
dist/assets/index-Ct-l4C47.js                                                                       5.29 kB
dist/assets/handleDetail-CERcCrQ7.js                                                                5.30 kB
dist/assets/index-B8qZQo76.js                                                                       5.32 kB
dist/assets/index-BTdw3FnQ.js                                                                       5.37 kB
dist/assets/warehouse-Wb7AS-NB.js                                                                   5.37 kB
dist/assets/handleDetail-BJrYKfEP.js                                                                5.42 kB
dist/assets/handleDetail-BMieBYJF.js                                                                5.44 kB
dist/assets/index-CvHpZ5wh.js                                                                       5.46 kB
dist/assets/SpecialNode-omaeKRe0.js                                                                 5.53 kB
dist/assets/index-C8lOZTDy.js                                                                       5.53 kB
dist/assets/index-LiWC6B-C.js                                                                       5.55 kB
dist/assets/index-4FRrlp8n.js                                                                       5.64 kB
dist/assets/handleDetail-gs3YdDSr.js                                                                5.72 kB
dist/assets/ocean-freight-iGHhVuUE.js                                                               5.72 kB
dist/assets/DomesticOrderList.vue_vue_type_script_setup_true_lang-BRnywr9Z.js                       5.73 kB
dist/assets/WorkbenchWarningList-zRXj5daJ.js                                                        5.73 kB
dist/assets/index-DlIjiL-E.js                                                                       5.80 kB
dist/assets/handleDetail-wZKG8fG6.js                                                                5.83 kB
dist/assets/index-D31pgSaT.js                                                                       5.87 kB
dist/assets/direct-yard-BBNgV_le.js                                                                 5.91 kB
dist/assets/index-hQ6AAE92.js                                                                       5.95 kB
dist/assets/handleDetail-CHWPPhDk.js                                                                6.04 kB
dist/assets/handleDetail-DwPi4RjB.js                                                                6.06 kB
dist/assets/index-mOugwP-a.js                                                                       6.06 kB
dist/assets/handleDetail-Dm7D24pG.js                                                                6.07 kB
dist/assets/index-CzV2jawq.js                                                                       6.10 kB
dist/assets/index-CSbJxtoL.js                                                                       6.19 kB
dist/assets/index-BdxQFA62.js                                                                       6.20 kB
dist/assets/index-CbLZ5qO3.js                                                                       6.23 kB
dist/assets/editTable-B4rtR8QR.js                                                                   6.26 kB
dist/assets/index-C1EDarQg.js                                                                       6.27 kB
dist/assets/index-B0MSg-re.js                                                                       6.28 kB
dist/assets/handleDetail-B80UOjPv.js                                                                6.31 kB
dist/assets/index-D5Iy1ED0.js                                                                       6.31 kB
dist/assets/overViewDrawer-CLqrbKfQ.js                                                              6.33 kB
dist/assets/inspection-info-CZoJOgo0.js                                                             6.44 kB
dist/assets/index-D248djrO.js                                                                       6.48 kB
dist/assets/index-sLKwhyda.js                                                                       6.58 kB
dist/assets/handleDetail-DnXrV5HH.js                                                                6.66 kB
dist/assets/index-BY904oEi.js                                                                       6.67 kB
dist/assets/index-B61f__g4.js                                                                       6.70 kB
dist/assets/product-ClXPMvie.js                                                                     6.70 kB
dist/assets/handleDetail.vue_vue_type_script_setup_true_lang-alEUdXjU.js                            6.74 kB
dist/assets/handleDetail-DcIEH8xw.js                                                                6.77 kB
dist/assets/handleDetail-D2nUOcKu.js                                                                6.80 kB
dist/assets/yard-detail-pHyJcbUZ.js                                                                 7.00 kB
dist/assets/index.vue_vue_type_style_index_0_lang-BwEZd0Cu.js                                       7.21 kB
dist/assets/index--K8MysJv.js                                                                       7.28 kB
dist/assets/SalesGoodsSection-Bm-hN39J.js                                                           7.36 kB
dist/assets/log-BsAK_hA0.js                                                                         7.36 kB
dist/assets/handleDetail-DheyARCP.js                                                                7.50 kB
dist/assets/handleDetail-DI_JVkOX.js                                                                7.59 kB
dist/assets/handleDetail.vue_vue_type_script_setup_true_lang-CEU8iPVN.js                            7.61 kB
dist/assets/PurchaseGoodsSection-D-lOBts9.js                                                        7.64 kB
dist/assets/handleDetail-D9dZdPJF.js                                                                7.72 kB
dist/assets/index-kHMeQLGy.js                                                                       7.84 kB
dist/assets/handleDetail.vue_vue_type_script_setup_true_lang-BJ2EdLVm.js                            7.85 kB
dist/assets/WorkbenchContractNodes-DtEbXPA7.js                                                      8.08 kB
dist/assets/index-Uey1AYS8.js                                                                       8.13 kB
dist/assets/WorkbenchGuide-B37wvgcA.js                                                              8.21 kB
dist/assets/genInfoForm.vue_vue_type_script_setup_true_lang-CSk_Myu6.js                             8.25 kB
dist/assets/handleDetail-C_sQX1lZ.js                                                                8.26 kB
dist/assets/handleDetail.vue_vue_type_script_setup_true_lang-DPlMtkUc.js                            8.26 kB
dist/assets/handleDetail-5svWUkJJ.js                                                                8.41 kB
dist/assets/handleDetail-DaUlflq-.js                                                                8.71 kB
dist/assets/index-CjphXGs_.js                                                                       8.78 kB
dist/assets/pricingBasis-CFGEHlFQ.js                                                                8.84 kB
dist/assets/handleDetail-BWSZl-sm.js                                                                8.97 kB
dist/assets/handleDetail-DzKQXHDp.js                                                                9.06 kB
dist/assets/handleDetail-DCxFw_xc.js                                                                9.15 kB
dist/assets/index-CXLXv8P0.js                                                                       9.24 kB
dist/assets/data-L5mRdbmo.js                                                                        9.28 kB
dist/assets/handleDetail-DE9C8DSi.js                                                                9.55 kB
dist/assets/handleDetail-CEaaYALj.js                                                                9.80 kB
dist/assets/handleDetail-BxbC3SrF.js                                                               10.10 kB
dist/assets/index-_2mQkkWJ.js                                                                      10.20 kB
dist/assets/pier-replenish-B2WdQx__.js                                                             10.47 kB
dist/assets/handleDetail-pq7FMSgu.js                                                               10.57 kB
dist/assets/handleDetail-QecEBXDY.js                                                               11.17 kB
dist/assets/WorkbenchArrivalChart-DwbjfbVC.js                                                      11.38 kB
dist/assets/handleDetail-Cz0F6o3n.js                                                               11.39 kB
dist/assets/handleDetail-BY4e8gEa.js                                                               11.51 kB
dist/assets/CustomsInfo-CFFOwv5g.js                                                                11.92 kB
dist/assets/index-B7GloXI-.js                                                                      12.08 kB
dist/assets/handleDetail-D5yyQMje.js                                                               12.42 kB
dist/assets/handleDetail.vue_vue_type_script_setup_true_lang-DLZc-nuJ.js                           12.75 kB
dist/assets/pier-add-B3dMHwWE.js                                                                   12.97 kB
dist/assets/handleDetail-CNs0gBtC.js                                                               13.29 kB
dist/assets/handleDetail-DfgVBz62.js                                                               13.45 kB
dist/assets/index-BbRyVIbb.js                                                                      13.49 kB
dist/assets/import-data-dialog-B2WlMD5U.js                                                         13.59 kB
dist/assets/BillBasicInfo-DSnV16nm.js                                                              13.67 kB
dist/assets/handleDetail-B8byR5Mq.js                                                               13.99 kB
dist/assets/index-aNH2RDTb.js                                                                      14.26 kB
dist/assets/yard-replenish-BOcnyAo8.js                                                             14.74 kB
dist/assets/index-np_9IQiw.js                                                                      14.83 kB
dist/assets/handleDetail.vue_vue_type_script_setup_true_lang-B4ZhYhLL.js                           14.84 kB
dist/assets/SeaInfo-D1wvMZn2.js                                                                    15.36 kB
dist/assets/yard-add-C01pXaHi.js                                                                   16.53 kB
dist/assets/handleDetail-B3uKLRPJ.js                                                               17.00 kB
dist/assets/handleDetail-DzDHsbd_.js                                                               17.00 kB
dist/assets/handleDetail-CwqW5TGy.js                                                               17.60 kB
dist/assets/InspectionInfo-DJYmXegg.js                                                             19.57 kB
dist/assets/CargoInfo-BRED4IaC.js                                                                  19.59 kB
dist/assets/SimpleTrack-C57hneEt.js                                                                20.50 kB
dist/assets/vendor-qrcode-DRt0fkDr.js                                                              22.98 kB
dist/assets/handleDetail-BC96eLc4.js                                                               25.51 kB
dist/assets/vendor-cropper-DZdUkNjq.js                                                             30.44 kB
dist/assets/historyRateDialog-DOApd4hs.js                                                          33.77 kB
dist/assets/ShipDetailModal-BLgjl13k.js                                                            33.82 kB
dist/assets/ContainerDynamicDialog-C5R-lTQ9.js                                                     35.39 kB
dist/assets/handleDetail-Z7Xn3vez.js                                                               35.86 kB
dist/assets/vendor-sortable-DzmX_rHT.js                                                            37.04 kB
dist/assets/index.vue_vue_type_script_setup_true_lang-Dga_6HPO.js                                  43.09 kB
dist/assets/handleDetail-BeXVyYkg.js                                                               45.57 kB
dist/assets/index-BqTDHRpI.js                                                                      46.69 kB
dist/assets/steps03-iTwJlKtO.js                                                                    49.66 kB
dist/assets/index-Dwe1ao8F.js                                                                      51.36 kB
dist/assets/overViewDrawer-Bus7hV-6.js                                                             61.96 kB
dist/assets/handleDetail-BNVObsv3.js                                                               64.46 kB
dist/assets/vendor-vue-CUR0wl5P.js                                                                 97.49 kB
dist/assets/vendor-utils-C5PQWXVC.js                                                              128.30 kB
dist/assets/404-DuneGLuI.js                                                                       177.06 kB
dist/assets/vendor-flow-C20nJaIZ.js                                                               196.44 kB
dist/assets/vendor-BdED6Mvt.js                                                                    246.59 kB
dist/assets/vendor-lottie-fG8rzEuh.js                                                             314.30 kB
dist/assets/index-Bu0x0xn5.js                                                                     450.51 kB
dist/assets/vendor-echarts-D_9IztIT.js                                                            515.87 kB
dist/assets/vendor-editor-DUYUbp4U.js                                                             807.37 kB
dist/assets/vendor-l7-2CDz6251.js                                                                 821.96 kB
dist/assets/vendor-element-DQmp6d6K.js                                                            970.29 kB
✓ built in 2m 26s

✨ [vite-plugin-compression]:algorithm=gzip - compressed file successfully: 
dist//pgdata/pg/dh/minerals-frontend/assets/BillBasicInfo-DSnV16nm.js.gz                                      13.88kb / gzip: 4.08kb
dist//pgdata/pg/dh/minerals-frontend/assets/InspectionInfo-DJYmXegg.js.gz                                     19.93kb / gzip: 5.65kb
dist//pgdata/pg/dh/minerals-frontend/assets/CustomsInfo-CFFOwv5g.js.gz                                        12.36kb / gzip: 4.26kb
dist//pgdata/pg/dh/minerals-frontend/assets/404-DuneGLuI.js.gz                                                173.29kb / gzip: 11.34kb
dist//pgdata/pg/dh/minerals-frontend/assets/SeaInfo-D1wvMZn2.js.gz                                            15.77kb / gzip: 5.26kb
dist//pgdata/pg/dh/minerals-frontend/assets/CargoInfo-BRED4IaC.js.gz                                          19.98kb / gzip: 5.64kb
dist//pgdata/pg/dh/minerals-frontend/assets/handleDetail-B8byR5Mq.js.gz                                       14.22kb / gzip: 4.95kb
dist//pgdata/pg/dh/minerals-frontend/assets/handleDetail-BY4e8gEa.js.gz                                       11.93kb / gzip: 3.43kb
dist//pgdata/pg/dh/minerals-frontend/assets/handleDetail-BxbC3SrF.js.gz                                       10.32kb / gzip: 3.70kb
dist//pgdata/pg/dh/minerals-frontend/assets/handleDetail-BeXVyYkg.js.gz                                       46.45kb / gzip: 13.38kb
dist//pgdata/pg/dh/minerals-frontend/assets/WorkbenchArrivalChart-DwbjfbVC.js.gz                              11.37kb / gzip: 6.38kb
dist//pgdata/pg/dh/minerals-frontend/assets/SimpleTrack-C57hneEt.js.gz                                        20.06kb / gzip: 10.54kb
dist//pgdata/pg/dh/minerals-frontend/assets/handleDetail-B3uKLRPJ.js.gz                                       17.40kb / gzip: 4.94kb
dist//pgdata/pg/dh/minerals-frontend/assets/handleDetail-D5yyQMje.js.gz                                       12.95kb / gzip: 4.37kb
dist//pgdata/pg/dh/minerals-frontend/assets/handleDetail-DfgVBz62.js.gz                                       13.84kb / gzip: 4.41kb
dist//pgdata/pg/dh/minerals-frontend/assets/handleDetail-Cz0F6o3n.js.gz                                       11.64kb / gzip: 3.84kb
dist//pgdata/pg/dh/minerals-frontend/assets/handleDetail-QecEBXDY.js.gz                                       11.32kb / gzip: 3.80kb
dist//pgdata/pg/dh/minerals-frontend/assets/handleDetail-pq7FMSgu.js.gz                                       10.74kb / gzip: 4.29kb
dist//pgdata/pg/dh/minerals-frontend/assets/handleDetail-Z7Xn3vez.js.gz                                       35.69kb / gzip: 7.83kb
dist//pgdata/pg/dh/minerals-frontend/assets/handleDetail.vue_vue_type_script_setup_true_lang-DLZc-nuJ.js.gz   13.02kb / gzip: 3.60kb
dist//pgdata/pg/dh/minerals-frontend/assets/handleDetail.vue_vue_type_script_setup_true_lang-B4ZhYhLL.js.gz   15.12kb / gzip: 4.10kb
dist//pgdata/pg/dh/minerals-frontend/assets/handleDetail-DzDHsbd_.js.gz                                       17.59kb / gzip: 5.46kb
dist//pgdata/pg/dh/minerals-frontend/assets/handleDetail-BC96eLc4.js.gz                                       26.17kb / gzip: 7.76kb
dist//pgdata/pg/dh/minerals-frontend/assets/handleDetail-CNs0gBtC.js.gz                                       13.75kb / gzip: 3.97kb
dist//pgdata/pg/dh/minerals-frontend/assets/handleDetail-CwqW5TGy.js.gz                                       18.01kb / gzip: 5.13kb
dist//pgdata/pg/dh/minerals-frontend/assets/import-data-dialog-B2WlMD5U.js.gz                                 13.87kb / gzip: 6.55kb
dist//pgdata/pg/dh/minerals-frontend/assets/index-B7GloXI-.js.gz                                              12.32kb / gzip: 6.00kb
dist//pgdata/pg/dh/minerals-frontend/assets/index-BsX-IhUX.css.gz                                             19.17kb / gzip: 4.02kb
dist//pgdata/pg/dh/minerals-frontend/assets/index-D-BkZjmS.css.gz                                             53.84kb / gzip: 10.46kb
dist//pgdata/pg/dh/minerals-frontend/assets/index-BqTDHRpI.js.gz                                              47.02kb / gzip: 10.48kb
dist//pgdata/pg/dh/minerals-frontend/assets/index-aNH2RDTb.js.gz                                              14.40kb / gzip: 4.89kb
dist//pgdata/pg/dh/minerals-frontend/assets/index-np_9IQiw.js.gz                                              15.28kb / gzip: 5.26kb
dist//pgdata/pg/dh/minerals-frontend/assets/overViewDrawer-BQko83fk.css.gz                                    17.01kb / gzip: 3.11kb
dist//pgdata/pg/dh/minerals-frontend/assets/pier-add-B3dMHwWE.js.gz                                           13.47kb / gzip: 4.56kb
dist//pgdata/pg/dh/minerals-frontend/assets/index.vue_vue_type_script_setup_true_lang-Dga_6HPO.js.gz          44.06kb / gzip: 9.80kb
dist//pgdata/pg/dh/minerals-frontend/assets/pier-replenish-B2WdQx__.js.gz                                     10.98kb / gzip: 4.05kb
dist//pgdata/pg/dh/minerals-frontend/assets/vendor-cropper-DZdUkNjq.js.gz                                     29.74kb / gzip: 7.98kb
dist//pgdata/pg/dh/minerals-frontend/assets/steps03-iTwJlKtO.js.gz                                            48.49kb / gzip: 9.15kb
dist//pgdata/pg/dh/minerals-frontend/assets/index-_2mQkkWJ.js.gz                                              10.20kb / gzip: 6.35kb
dist//pgdata/pg/dh/minerals-frontend/assets/vendor-editor-CpCzGeOH.css.gz                                     14.46kb / gzip: 2.76kb
dist//pgdata/pg/dh/minerals-frontend/assets/index-BbRyVIbb.js.gz                                              13.98kb / gzip: 5.29kb
dist//pgdata/pg/dh/minerals-frontend/assets/vendor-sortable-DzmX_rHT.js.gz                                    36.18kb / gzip: 12.56kb
dist//pgdata/pg/dh/minerals-frontend/assets/yard-add-C01pXaHi.js.gz                                           17.13kb / gzip: 5.37kb
dist//pgdata/pg/dh/minerals-frontend/assets/yard-replenish-BOcnyAo8.js.gz                                     15.47kb / gzip: 5.13kb
dist//pgdata/pg/dh/minerals-frontend/assets/ContainerDynamicDialog-C5R-lTQ9.js.gz                             34.95kb / gzip: 22.61kb
dist//pgdata/pg/dh/minerals-frontend/assets/ShipDetailModal-BLgjl13k.js.gz                                    33.28kb / gzip: 19.89kb
dist//pgdata/pg/dh/minerals-frontend/assets/historyRateDialog-DOApd4hs.js.gz                                  33.04kb / gzip: 22.98kb
dist//pgdata/pg/dh/minerals-frontend/assets/index-Dwe1ao8F.js.gz                                              50.69kb / gzip: 23.54kb
dist//pgdata/pg/dh/minerals-frontend/assets/overViewDrawer-Bus7hV-6.js.gz                                     61.29kb / gzip: 30.23kb
dist//pgdata/pg/dh/minerals-frontend/assets/handleDetail-BNVObsv3.js.gz                                       66.13kb / gzip: 17.88kb
dist//pgdata/pg/dh/minerals-frontend/assets/vendor-qrcode-DRt0fkDr.js.gz                                      22.44kb / gzip: 8.79kb
dist//pgdata/pg/dh/minerals-frontend/assets/vendor-vue-CUR0wl5P.js.gz                                         95.21kb / gzip: 37.79kb
dist//pgdata/pg/dh/minerals-frontend/assets/vendor-element-5_QS-GLn.css.gz                                    352.63kb / gzip: 46.56kb
dist//pgdata/pg/dh/minerals-frontend/assets/vendor-utils-C5PQWXVC.js.gz                                       125.48kb / gzip: 46.10kb
dist//pgdata/pg/dh/minerals-frontend/assets/vendor-flow-C20nJaIZ.js.gz                                        191.83kb / gzip: 63.26kb
dist//pgdata/pg/dh/minerals-frontend/assets/vendor-BdED6Mvt.js.gz                                             240.82kb / gzip: 81.93kb
dist//pgdata/pg/dh/minerals-frontend/assets/index-Bu0x0xn5.js.gz                                              444.62kb / gzip: 151.60kb
dist//pgdata/pg/dh/minerals-frontend/assets/vendor-lottie-fG8rzEuh.js.gz                                      306.94kb / gzip: 78.91kb
dist//pgdata/pg/dh/minerals-frontend/assets/vendor-echarts-D_9IztIT.js.gz                                     504.38kb / gzip: 169.29kb
dist//pgdata/pg/dh/minerals-frontend/data/world.json.gz                                                       395.63kb / gzip: 147.73kb
dist//pgdata/pg/dh/minerals-frontend/assets/vendor-l7-2CDz6251.js.gz                                          808.12kb / gzip: 203.80kb
dist//pgdata/pg/dh/minerals-frontend/assets/vendor-element-DQmp6d6K.js.gz                                     948.58kb / gzip: 293.44kb
dist//pgdata/pg/dh/minerals-frontend/assets/vendor-editor-DUYUbp4U.js.gz                                      789.84kb / gzip: 274.61kb


