
> ruoyi@3.6.4 build
> cross-env NODE_OPTIONS=--max-old-space-size=3072 vite build

vite v5.0.4 building for production...
transforming...
DEPRECATION WARNING: Using / for division outside of calc() is deprecated and will be removed in Dart Sass 2.0.0.

Recommendation: math.div($col-width - 10px, 2) or calc(($col-width - 10px) / 2)

More info and automated migrator: https://sass-lang.com/d/slash-div

    ╷
122 │   padding-left: ($col-width - 10px) / 2;
    │                 ^^^^^^^^^^^^^^^^^^^^^^^
    ╵
    src/views/workbench/vessel-tracking/components/ShipTrack/SimpleTrack.vue 122:17  root stylesheet

[1m[33m[@vue/compiler-sfc][0m[33m :deep usage as a combinator has been deprecated. Use :deep(<inner-selector>) instead of :deep <inner-selector>.[0m

[plugin:vite:esbuild] [plugin vite:esbuild] src/views/system/role/index.vue?vue&type=script&setup=true&name=Role&lang.ts: The following expression is not returned because of an automatically-inserted semicolon
272|      query: { id: row.roleId }
273|    })
274|    return
   |          ^
275|    reset()
276|    const roleId = row.roleId || ids.value

[plugin:vite:esbuild] [plugin vite:esbuild] src/views/system/user/index.vue?vue&type=script&setup=true&name=User&lang.ts: The following expression is not returned because of an automatically-inserted semicolon
326|  function handleAdd() {
327|    router.push({ path: '/system/user/add' })
328|    return
   |          ^
329|    reset()
330|    getUser().then(response => {

[plugin:vite:esbuild] [plugin vite:esbuild] src/views/system/user/index.vue?vue&type=script&setup=true&name=User&lang.ts: The following expression is not returned because of an automatically-inserted semicolon
345|      query: { id: row.userId }
346|    })
347|    return
   |          ^
348|    reset()
349|    const userId = row.userId || ids.value

[plugin:vite:esbuild] [plugin vite:esbuild] src/views/system/dept/index.vue?vue&type=script&setup=true&name=Dept&lang.ts: The following expression is not returned because of an automatically-inserted semicolon
123|  function handleAdd(row) {
124|    router.push({ path: '/system/dept/add', query: { parentId: row.deptId } })
125|    return
   |          ^
126|    reset()
127|    listDept().then(response => {

[plugin:vite:esbuild] [plugin vite:esbuild] src/views/system/dept/index.vue?vue&type=script&setup=true&name=Dept&lang.ts: The following expression is not returned because of an automatically-inserted semicolon
151|      query: { id: row.deptId }
152|    })
153|    return
   |          ^
154|    reset()
155|    listDeptExcludeChild(row.deptId).then(response => {

[plugin:vite:esbuild] [plugin vite:esbuild] src/views/goods-library/category/index.vue?vue&type=script&setup=true&name=Category&lang.ts: The following expression is not returned because of an automatically-inserted semicolon
144|      query: { parentId: row.id }
145|    })
146|    return
   |          ^
147|    reset()
148|    selectedData.value = []

[plugin:vite:esbuild] [plugin vite:esbuild] src/views/goods-library/category/index.vue?vue&type=script&setup=true&name=Category&lang.ts: The following expression is not returned because of an automatically-inserted semicolon
172|      query: { id: row.id }
173|    })
174|    return
   |          ^
175|    reset()
176|  

✓ 4686 modules transformed.
node_modules/lottie-web/build/player/lottie.js (17010:32): Use of eval in "node_modules/lottie-web/build/player/lottie.js" is strongly discouraged as it poses security risks and may cause issues with minification.
rendering chunks...
dist/index.html                                                                                     2.81 kB
dist/assets/node-status-04-arrive-DIUTbzSh.svg                                                      4.20 kB
dist/assets/node-status-04-0_jlISF4.svg                                                             4.21 kB
dist/assets/ccyf-1-gXi7gBw2.svg                                                                     4.58 kB
dist/assets/sxgl-1-BxXZ6mT_.svg                                                                     4.73 kB
dist/assets/node-status-05-ClBpergX.svg                                                             5.04 kB
dist/assets/node-status-05-arrive-Cbf-LAQm.svg                                                      5.04 kB
dist/assets/ai-send-Brxzq_Z-.png                                                                    5.31 kB
dist/assets/huowu-FPPeLCw-.png                                                                      6.89 kB
dist/assets/daiban-Cdf0IoIb.png                                                                     6.94 kB
dist/assets/huowu_checked-Dun4JFpN.png                                                              7.22 kB
dist/assets/daiban_checked--GFLrXoo.png                                                             7.27 kB
dist/assets/yujing-C9lxRbf2.png                                                                     7.29 kB
dist/assets/zijin-MF8VAKrA.png                                                                      7.30 kB
dist/assets/zijin_checked-DSsTtCWG.png                                                              7.63 kB
dist/assets/yujing_checked-C64swqIh.png                                                             7.63 kB
dist/assets/upload-icon-ai01-LSiXKG8h.png                                                           7.70 kB
dist/assets/footer-D9T2uIt8.png                                                                     9.47 kB
dist/assets/home-logo-DyADt_Kd.png                                                                 10.34 kB
dist/assets/shrink_screen-D5N4SkXH.png                                                             11.46 kB
dist/assets/full_screen-DM45HkSA.png                                                               11.49 kB
dist/assets/right_open-M8zWF4Sd.png                                                                12.55 kB
dist/assets/search_icon-BY_YEt4j.png                                                               12.81 kB
dist/assets/ai-title-BFwxJsVc.png                                                                  13.90 kB
dist/assets/login-logo-i9mZfEIM.png                                                                15.13 kB
dist/assets/workbench-icon07-rhmsDEDK.png                                                          18.92 kB
dist/assets/total-icon-1-1EVbkxxD.png                                                              23.65 kB
dist/assets/total-icon-3-CC_poT1y.png                                                              25.02 kB
dist/assets/total-icon-2-0twGJkNq.png                                                              25.14 kB
dist/assets/ai-logo-_iLaZkrd.svg                                                                   26.59 kB
dist/assets/Rectangle-DT0I-AWE.png                                                                 26.86 kB
dist/assets/ai-icon03-SuwmYYlp.png                                                                 27.02 kB
dist/assets/ljzl-CxwV0Ja0.png                                                                      28.64 kB
dist/assets/pjdj-OMQfUA1F.png                                                                      28.73 kB
dist/assets/ljje-pLycd_Q5.png                                                                      30.49 kB
dist/assets/no_data-BodihGeq.png                                                                   38.13 kB
dist/assets/ai-icon02-HsjwsWD8.png                                                                 39.63 kB
dist/assets/zk-logo-BttDFYYy.png                                                                   63.84 kB
dist/assets/weapp_qrcode-DyxlQdkR.jpg                                                              78.17 kB
dist/assets/profile-DruvkrZU.jpg                                                                   81.13 kB
dist/assets/401-HGF6Q5qM.gif                                                                      164.23 kB
dist/assets/header-do_vdGYj.png                                                                   283.86 kB
dist/assets/noData-BkfUfgkE.png                                                                   436.72 kB
dist/assets/login-background-Dyj5WnPe.png                                                       4,546.24 kB
dist/assets/gif-ai-B3kz4Zym.webm                                                                7,184.33 kB
dist/assets/ai-icon03-Dom6HMWn.gif                                                              8,531.19 kB
dist/assets/index-B33pvwdp.css                                                                      0.04 kB
dist/assets/index-CF7i8XdF.css                                                                      0.04 kB
dist/assets/data-DVXS5Cv_.css                                                                       0.05 kB
dist/assets/detail-D_YJ50WC.css                                                                     0.05 kB
dist/assets/BillingSubjectForm-BhQr4L6i.css                                                         0.05 kB
dist/assets/handleDetail-D2FmHqs_.css                                                               0.05 kB
dist/assets/handleDetail-CE7vZhVS.css                                                               0.05 kB
dist/assets/editAttachmentDialog-DKlngSRI.css                                                       0.05 kB
dist/assets/handleDetail-D8qqutdS.css                                                               0.05 kB
dist/assets/handleDetail-BDjMoEQ1.css                                                               0.05 kB
dist/assets/handleDetail-Ch0RQo3Y.css                                                               0.05 kB
dist/assets/handleDetail-DVOIa6CM.css                                                               0.05 kB
dist/assets/handleDetail-B-Ou6Eag.css                                                               0.05 kB
dist/assets/pier-add-BhC3cMb4.css                                                                   0.05 kB
dist/assets/pier-detail-RSpcpCwo.css                                                                0.05 kB
dist/assets/yard-detail-0GML_kmt.css                                                                0.05 kB
dist/assets/index-EIBUHmnx.css                                                                      0.05 kB
dist/assets/handleDetail-DYMzFM-5.css                                                               0.06 kB
dist/assets/handleDetail-G-4dDwuK.css                                                               0.07 kB
dist/assets/index-DAhPelHV.css                                                                      0.08 kB
dist/assets/index-Dl9X3mtD.css                                                                      0.08 kB
dist/assets/yard-add-BSde4cWl.css                                                                   0.10 kB
dist/assets/index-DPMgyohT.css                                                                      0.10 kB
dist/assets/handleDetail-9ALuvAXt.css                                                               0.10 kB
dist/assets/customs-clearance-BErv_Tm_.css                                                          0.11 kB
dist/assets/handleDetail-B3zFG6f4.css                                                               0.11 kB
dist/assets/handleDetail-Ch6-nXwk.css                                                               0.13 kB
dist/assets/direct-yard-Dw_FCeAQ.css                                                                0.14 kB
dist/assets/index-BjpYbwMF.css                                                                      0.14 kB
dist/assets/index-D_9yd8wy.css                                                                      0.17 kB
dist/assets/warehouse-WMd-822k.css                                                                  0.18 kB
dist/assets/index-C1JxB2Wq.css                                                                      0.19 kB
dist/assets/index-r4gYbZH-.css                                                                      0.19 kB
dist/assets/index-CdhIpCxk.css                                                                      0.19 kB
dist/assets/handleDetail-DnTbhUvs.css                                                               0.19 kB
dist/assets/handleDetail-3-MUjZ95.css                                                               0.19 kB
dist/assets/handleDetail-94vOenFO.css                                                               0.19 kB
dist/assets/handleDetail-Bv2Yh05L.css                                                               0.19 kB
dist/assets/handleDetail-CWIGVg2-.css                                                               0.19 kB
dist/assets/handleDetail-DA-MvETJ.css                                                               0.19 kB
dist/assets/handleDetail-bou6UVBg.css                                                               0.19 kB
dist/assets/index-EGjqm05P.css                                                                      0.21 kB
dist/assets/index-D1D7rdXB.css                                                                      0.21 kB
dist/assets/pick-up-terminal-DQV6iOrS.css                                                           0.21 kB
dist/assets/handleDetail-Bmbc2tNQ.css                                                               0.21 kB
dist/assets/handleDetail-Dv9_LFYQ.css                                                               0.22 kB
dist/assets/handleDetail-DraDTJSR.css                                                               0.22 kB
dist/assets/handleDetail-Cj0yreT5.css                                                               0.22 kB
dist/assets/SalesGoodsSection-BQEVesco.css                                                          0.24 kB
dist/assets/handleDetail-Bg18LPh7.css                                                               0.26 kB
dist/assets/index-mHC4WSEd.css                                                                      0.29 kB
dist/assets/orderList-Bwp3oN6q.css                                                                  0.29 kB
dist/assets/index-Bui0r1sk.css                                                                      0.29 kB
dist/assets/bankInfoList-C2RO1IC3.css                                                               0.29 kB
dist/assets/purOrderList-C-Was7w2.css                                                               0.29 kB
dist/assets/storageStage1-Dy4EjeqR.css                                                              0.29 kB
dist/assets/storageStage2-C6ry2BAw.css                                                              0.29 kB
dist/assets/storageStage3-fPJDXeAd.css                                                              0.29 kB
dist/assets/index-i3YPiFmh.css                                                                      0.29 kB
dist/assets/bankInfoList-BfERrrv8.css                                                               0.29 kB
dist/assets/index-BLhQhs9X.css                                                                      0.29 kB
dist/assets/index-BTSGFFmO.css                                                                      0.29 kB
dist/assets/index-BO7kywZf.css                                                                      0.29 kB
dist/assets/index-BK_4WP4z.css                                                                      0.29 kB
dist/assets/index-BfRP-gJ3.css                                                                      0.29 kB
dist/assets/index-DYKex7Fo.css                                                                      0.29 kB
dist/assets/purOrderList-06RM4hnA.css                                                               0.29 kB
dist/assets/index-C2Ew4GQN.css                                                                      0.29 kB
dist/assets/bankInfoList-DB0z3ah7.css                                                               0.29 kB
dist/assets/storageStage1-DG5Ooix0.css                                                              0.29 kB
dist/assets/storageStage2-CJn7CfKC.css                                                              0.29 kB
dist/assets/storageStage3-43mNAFVH.css                                                              0.29 kB
dist/assets/index-CYu45gZg.css                                                                      0.29 kB
dist/assets/bankInfoList-BgrS76im.css                                                               0.29 kB
dist/assets/handleDetail-C2UX7fJ2.css                                                               0.30 kB
dist/assets/PurchaseGoodsSection-C_nEd07p.css                                                       0.31 kB
dist/assets/SettlementInfo-CVOD2lBV.css                                                             0.33 kB
dist/assets/handleDetail-DZthC9NE.css                                                               0.33 kB
dist/assets/handleDetail-BnluKT7D.css                                                               0.35 kB
dist/assets/handleDetail-CBoUAvPz.css                                                               0.36 kB
dist/assets/handleDetail-Duptgk1g.css                                                               0.36 kB
dist/assets/pricingBasis-B1YhjB2W.css                                                               0.36 kB
dist/assets/handleDetail-kN5SpauY.css                                                               0.36 kB
dist/assets/userAvatar-C2lWUHJw.css                                                                 0.38 kB
dist/assets/handleDetail-_Db-VIwN.css                                                               0.38 kB
dist/assets/index-B8-qmob7.css                                                                      0.39 kB
dist/assets/index-CQVPJC0q.css                                                                      0.41 kB
dist/assets/index-CFITkCwV.css                                                                      0.41 kB
dist/assets/index-xYIfEl_P.css                                                                      0.41 kB
dist/assets/historyRateDialog-D2QyCAxI.css                                                          0.41 kB
dist/assets/index-CXGgQX-X.css                                                                      0.41 kB
dist/assets/qualitySettlement-DCKKjiiA.css                                                          0.42 kB
dist/assets/handleDetail-DNwpDVA9.css                                                               0.42 kB
dist/assets/detail-CJfd2CDf.css                                                                     0.43 kB
dist/assets/OrderAttachmentSection-B-TsU9Yx.css                                                     0.47 kB
dist/assets/index-ChAMbhKz.css                                                                      0.53 kB
dist/assets/index-DHCxIbiW.css                                                                      0.53 kB
dist/assets/detail-DRxrslJC.css                                                                     0.53 kB
dist/assets/handleDetail-CvhRrbBs.css                                                               0.64 kB
dist/assets/handleDetail-Dk4iTu6b.css                                                               0.67 kB
dist/assets/handleDetail-C8aIPdy9.css                                                               0.67 kB
dist/assets/BillBasicInfo-sFdkyZk8.css                                                              0.70 kB
dist/assets/inspection-info-CRnGvhl9.css                                                            0.71 kB
dist/assets/ocean-freight-CDtZk0Bx.css                                                              0.71 kB
dist/assets/receipt-payment-CNkNapp-.css                                                            0.71 kB
dist/assets/settlement-info-Bt0sBmSw.css                                                            0.71 kB
dist/assets/401-DTcjfNVL.css                                                                        0.75 kB
dist/assets/index-pw770lNe.css                                                                      0.75 kB
dist/assets/handleDetail-777ilspl.css                                                               0.80 kB
dist/assets/CargoInfo-B2B7XxIO.css                                                                  0.80 kB
dist/assets/InspectionInfo-CnTzvELo.css                                                             0.81 kB
dist/assets/index-BfE3jXvW.css                                                                      0.91 kB
dist/assets/register-C0xLBvdi.css                                                                   1.00 kB
dist/assets/detail-B9X-38hK.css                                                                     1.02 kB
dist/assets/CustomsInfo-BqDKvZ5z.css                                                                1.05 kB
dist/assets/handleDetail-EbE0MBXh.css                                                               1.07 kB
dist/assets/handleDetail-D_s3qqmy.css                                                               1.08 kB
dist/assets/vendor-BUMXTAWU.css                                                                     1.09 kB
dist/assets/OrderAttachmentSection-BpZKaYZX.css                                                     1.20 kB
dist/assets/handleDetail-DmFc2Tsc.css                                                               1.21 kB
dist/assets/index-B1uIKnJM.css                                                                      1.24 kB
dist/assets/WorkbenchSummaryCards-CpQ6OmKp.css                                                      1.26 kB
dist/assets/WorkbenchArrivalChart-ADTc3ZIv.css                                                      1.35 kB
dist/assets/pier-replenish-CPw3bYOk.css                                                             1.43 kB
dist/assets/yard-replenish-HgTdbQFO.css                                                             1.43 kB
dist/assets/index-BMzJUbcQ.css                                                                      1.45 kB
dist/assets/index-BlQV4FTv.css                                                                      1.51 kB
dist/assets/handleDetail-BJaK_NHT.css                                                               1.58 kB
dist/assets/handleDetail-CDruWDWy.css                                                               1.76 kB
dist/assets/handleDetail-c6VhkaEA.css                                                               1.90 kB
dist/assets/SeaInfo-BzPESkFz.css                                                                    2.06 kB
dist/assets/404-Dg6J1wpR.css                                                                        2.09 kB
dist/assets/styles-BBOkRdF-.css                                                                     2.49 kB
dist/assets/index-BvDJk9nA.css                                                                      2.53 kB
dist/assets/index-DYo8Q6qH.css                                                                      2.61 kB
dist/assets/handleDetail-DhQliFsw.css                                                               2.66 kB
dist/assets/index-6F-R9Htn.css                                                                      2.71 kB
dist/assets/SimpleTrack-BEovI6p5.css                                                                2.99 kB
dist/assets/vendor-cropper-Ci3yF-GX.css                                                             3.19 kB
dist/assets/index-CkWTMgxs.css                                                                      3.30 kB
dist/assets/TrackNode-Bl2y2dIz.css                                                                  3.32 kB
dist/assets/SpecialNode-D8xgiHA2.css                                                                3.41 kB
dist/assets/ShipDetailModal-BupjS4Gz.css                                                            3.42 kB
dist/assets/index-CLlY-yUV.css                                                                      3.62 kB
dist/assets/index-CefYgPX2.css                                                                      4.03 kB
dist/assets/import-data-dialog-BcROIqKe.css                                                         4.16 kB
dist/assets/overViewDrawer-COB3ljN-.css                                                             4.30 kB
dist/assets/login-Nas6oJQs.css                                                                      4.36 kB
dist/assets/WorkbenchWarningList-CRBZIjB9.css                                                       4.57 kB
dist/assets/WorkbenchContractNodes-BY03f3Q9.css                                                     4.85 kB
dist/assets/index-T1ewhuZT.css                                                                      5.36 kB
dist/assets/WorkbenchGuide-BFP7hvvP.css                                                             5.43 kB
dist/assets/handleDetail-C5xMdjyp.css                                                               5.72 kB
dist/assets/handleDetail-BAXz4rip.css                                                               5.81 kB
dist/assets/index-WflQuI8p.css                                                                      6.37 kB
dist/assets/ContainerDynamicDialog-B3X1-L4U.css                                                     6.46 kB
dist/assets/vendor-editor-CpCzGeOH.css                                                             14.81 kB
dist/assets/overViewDrawer-BQko83fk.css                                                            17.42 kB
dist/assets/index-BsX-IhUX.css                                                                     19.63 kB
dist/assets/index-D-BkZjmS.css                                                                     55.13 kB
dist/assets/vendor-element-5_QS-GLn.css                                                           361.09 kB
dist/assets/noData-BZiw4I47.js                                                                      0.05 kB
dist/assets/zk-logo-BZW7RDlZ.js                                                                     0.06 kB
dist/assets/ai-title-C2NhT0l4.js                                                                    0.06 kB
dist/assets/ccyf-1-mxsNGx6E.js                                                                      0.06 kB
dist/assets/sxgl-1-CbmZ99Hv.js                                                                      0.06 kB
dist/assets/formatters-B2g95Q5_.js                                                                  0.12 kB
dist/assets/basicInfoForm-DkpPVGaN.js                                                               0.14 kB
dist/assets/bill-cost-Dcw3cxuV.js                                                                   0.24 kB
dist/assets/ledger-CvFWx5yk.js                                                                      0.24 kB
dist/assets/vendor-cjs-Cpj98o6Y.js                                                                  0.24 kB
dist/assets/index-B3URw0Xe.js                                                                       0.25 kB
dist/assets/weapp-B0iOeVRR.js                                                                       0.25 kB
dist/assets/chart-BsLMrzXU.js                                                                       0.26 kB
dist/assets/index-DxqRbJg4.js                                                                       0.27 kB
dist/assets/icBaselineFestival-BVQvfex8.js                                                          0.28 kB
dist/assets/size-Cj9fB5Rp.js                                                                        0.29 kB
dist/assets/mdi--train-car-box-open-wpryxmnb.js                                                     0.29 kB
dist/assets/mdi--garage-warning-CfBG63cA.js                                                         0.29 kB
dist/assets/mdi--train-car-box-full-CTB42oXf.js                                                     0.30 kB
dist/assets/detail.vue_vue_type_script_setup_true_name_Pledge-list_2Fdetail_lang--AUP5_Gq.js        0.31 kB
dist/assets/detail.vue_vue_type_script_setup_true_name_Unpledge-list_2Fdetail_lang-CD95NLom.js      0.31 kB
dist/assets/lsicon--sales-return-outline-A0fkAem9.js                                                0.32 kB
dist/assets/resetPwd-D5vkO04D.js                                                                    0.32 kB
dist/assets/userInfo-BC4i9FFs.js                                                                    0.32 kB
dist/assets/importTable-qcV_iDeD.js                                                                 0.33 kB
dist/assets/genInfoForm-CH-Gp0o7.js                                                                 0.33 kB
dist/assets/lsicon--order-edit-outline-Bsv7dAyq.js                                                  0.33 kB
dist/assets/material-symbols--warehouse-outline-CYz2tBOM.js                                         0.33 kB
dist/assets/selectUser-D2mFkpa7.js                                                                  0.34 kB
dist/assets/mdi--warehouse-jZjJknDt.js                                                              0.35 kB
dist/assets/product-B0sszZrv.js                                                                     0.35 kB
dist/assets/pick-up-goods-CDG8MhiQ.js                                                               0.35 kB
dist/assets/BankInfoForm-esuLeLS3.js                                                                0.36 kB
dist/assets/handleDetail-DTQH70z9.js                                                                0.36 kB
dist/assets/handleDetail-B_aAVkoX.js                                                                0.36 kB
dist/assets/handleDetail-DLkrEOyV.js                                                                0.36 kB
dist/assets/lsicon--goods-search-outline-DK8q9gJ_.js                                                0.36 kB
dist/assets/lets-icons--order-BR5QTHQL.js                                                           0.37 kB
dist/assets/mdi--file-import-outline-DbbyQH17.js                                                    0.37 kB
dist/assets/icon-park-outline--payment-method-B-cCt_iC.js                                           0.38 kB
dist/assets/link-C93f4PgI.js                                                                        0.38 kB
dist/assets/material-symbols--pip-exit-CPMbUefo.js                                                  0.38 kB
dist/assets/mdi--file-import-D0dhVNW-.js                                                            0.38 kB
dist/assets/index-ByxNrkxG.js                                                                       0.39 kB
dist/assets/handleDetail-BUprop8l.js                                                                0.39 kB
dist/assets/DeliveryOrderForm-DKqPxDBl.js                                                           0.39 kB
dist/assets/material-symbols--pip-exit-outline-z7pD8Pb9.js                                          0.40 kB
dist/assets/handleDetail-nIpz0R-F.js                                                                0.40 kB
dist/assets/add-C1RCcgGJ.js                                                                         0.40 kB
dist/assets/maki--warehouse-7-npw6-m.js                                                             0.40 kB
dist/assets/edit-v57kCyDU.js                                                                        0.40 kB
dist/assets/detail-DjPujyiq.js                                                                      0.41 kB
dist/assets/detail-CmIjvnJW.js                                                                      0.41 kB
dist/assets/index-CKmhGm8Z.js                                                                       0.42 kB
dist/assets/index-D7Rc-PhX.js                                                                       0.42 kB
dist/assets/guide-DZWUPi2j.js                                                                       0.42 kB
dist/assets/lsicon--sales-return-filled-_4bx7spk.js                                                 0.43 kB
dist/assets/goods-store-NVjSiXQ-.js                                                                 0.43 kB
dist/assets/add-CPfJdxlf.js                                                                         0.43 kB
dist/assets/add-CINz3dUR.js                                                                         0.43 kB
dist/assets/edit-BjDcvKxU.js                                                                        0.43 kB
dist/assets/edit-wyath591.js                                                                        0.43 kB
dist/assets/money-B1qqPuhn.js                                                                       0.43 kB
dist/assets/add-0rjbMS3j.js                                                                         0.43 kB
dist/assets/detail-wIQzw49e.js                                                                      0.43 kB
dist/assets/detail-Cm_xmGwk.js                                                                      0.43 kB
dist/assets/edit-DXcBvnu8.js                                                                        0.44 kB
dist/assets/detail-DX2tSeWB.js                                                                      0.44 kB
dist/assets/DomesticOrderList-Ad77XPyA.js                                                           0.44 kB
dist/assets/add-CLrYBBZJ.js                                                                         0.44 kB
dist/assets/edit-B8FyTd8d.js                                                                        0.44 kB
dist/assets/DomesticOrderList-C1Nzks7m.js                                                           0.44 kB
dist/assets/detail-CgpFF4rl.js                                                                      0.44 kB
dist/assets/add-DTn0vHOO.js                                                                         0.44 kB
dist/assets/edit-CAXbf9sQ.js                                                                        0.44 kB
dist/assets/detail-DgToLimC.js                                                                      0.44 kB
dist/assets/handleDetail-D7hAtW_G.js                                                                0.44 kB
dist/assets/handleDetail-DK58h-GX.js                                                                0.44 kB
dist/assets/detail-5yQ_r4gC.js                                                                      0.45 kB
dist/assets/drag-BG1_I1vT.js                                                                        0.45 kB
dist/assets/add-D9_HBrRx.js                                                                         0.45 kB
dist/assets/edit-BHbhGF0D.js                                                                        0.45 kB
dist/assets/detail-BRHZphFv.js                                                                      0.45 kB
dist/assets/marketData-CEksM_uX.js                                                                  0.46 kB
dist/assets/lsicon--house-filled-yBbjZKXn.js                                                        0.46 kB
dist/assets/ri--money-cny-box-fill-S9bWYb4t.js                                                      0.47 kB
dist/assets/mdi--credit-card-edit-D9aVIdFE.js                                                       0.47 kB
dist/assets/add-CDGXPAZY.js                                                                         0.47 kB
dist/assets/add-D929wMNH.js                                                                         0.47 kB
dist/assets/edit-BTZEouMe.js                                                                        0.47 kB
dist/assets/lucide-lab--copy-type-IbqfAeUq.js                                                       0.47 kB
dist/assets/edit-CQ15AQ-6.js                                                                        0.47 kB
dist/assets/add-Dbr23o4c.js                                                                         0.48 kB
dist/assets/edit-tioMN6OV.js                                                                        0.48 kB
dist/assets/add-CoExNIvn.js                                                                         0.48 kB
dist/assets/add-D1WR3jff.js                                                                         0.48 kB
dist/assets/edit-BkZPfsOO.js                                                                        0.48 kB
dist/assets/detail-Ch1X4Ug3.js                                                                      0.48 kB
dist/assets/edit-CSl09ICH.js                                                                        0.48 kB
dist/assets/add-d_seEu3x.js                                                                         0.48 kB
dist/assets/edit-SuVa7Ix2.js                                                                        0.48 kB
dist/assets/detail-DZIFcOg2.js                                                                      0.48 kB
dist/assets/ri--money-cny-box-line-DRcd_DTy.js                                                      0.48 kB
dist/assets/add-DK3RJgru.js                                                                         0.48 kB
dist/assets/add-CDviNw9L.js                                                                         0.48 kB
dist/assets/edit-D_6bBd1O.js                                                                        0.48 kB
dist/assets/edit-Drkx7te0.js                                                                        0.48 kB
dist/assets/detail-BziKpG6X.js                                                                      0.48 kB
dist/assets/detail-SUWt2S6Q.js                                                                      0.48 kB
dist/assets/detail-DyhBA284.js                                                                      0.48 kB
dist/assets/add-Dd_78xKf.js                                                                         0.48 kB
dist/assets/email-Dig28Vt2.js                                                                       0.48 kB
dist/assets/edit-Cxod3swd.js                                                                        0.48 kB
dist/assets/add-BZ5aP2ge.js                                                                         0.48 kB
dist/assets/edit-Bb8jkU1U.js                                                                        0.49 kB
dist/assets/detail-BYCjdiJw.js                                                                      0.49 kB
dist/assets/add-LeQ2o2DW.js                                                                         0.49 kB
dist/assets/icon-park--payment-method-CP9LtBBa.js                                                   0.49 kB
dist/assets/add-CQNVC1oa.js                                                                         0.49 kB
dist/assets/edit-CvrIE7Cp.js                                                                        0.49 kB
dist/assets/detail-CAoflLoP.js                                                                      0.49 kB
dist/assets/edit-CWA4vlUc.js                                                                        0.49 kB
dist/assets/detail-DdQarr8o.js                                                                      0.49 kB
dist/assets/detail-CkBgbGTK.js                                                                      0.49 kB
dist/assets/handleDetail-BcchoYKh.js                                                                0.49 kB
dist/assets/system-BOv8bdi6.js                                                                      0.49 kB
dist/assets/add-BZdrYak_.js                                                                         0.50 kB
dist/assets/edit-DmJsEJhC.js                                                                        0.50 kB
dist/assets/add-BQTWx0pQ.js                                                                         0.50 kB
dist/assets/detail-DkWYgLwI.js                                                                      0.50 kB
dist/assets/add-M6t0nLwj.js                                                                         0.50 kB
dist/assets/edit-DXokXQ-J.js                                                                        0.50 kB
dist/assets/detail-DVW2y9sE.js                                                                      0.50 kB
dist/assets/detail-BCtChubz.js                                                                      0.50 kB
dist/assets/bxl--product-hunt-BQ7xGvxo.js                                                           0.50 kB
dist/assets/icon-park-outline--order-Dp14dFpN.js                                                    0.50 kB
dist/assets/add-DIEnVCs2.js                                                                         0.51 kB
dist/assets/add-Cge0jugw.js                                                                         0.51 kB
dist/assets/edit--cYfZegu.js                                                                        0.51 kB
dist/assets/edit-tB0nq_jm.js                                                                        0.51 kB
dist/assets/ic--round-house-B02EsSo-.js                                                             0.51 kB
dist/assets/edit-Bhwln3IQ.js                                                                        0.51 kB
dist/assets/detail-CrH2yQjy.js                                                                      0.51 kB
dist/assets/detail-C_sYxYR8.js                                                                      0.51 kB
dist/assets/detail-Mn06VAKU.js                                                                      0.51 kB
dist/assets/detail-DdZTNpCm.js                                                                      0.51 kB
dist/assets/add-DQl7sD-g.js                                                                         0.51 kB
dist/assets/edit-CgKlGN-2.js                                                                        0.51 kB
dist/assets/streamline--warehouse-1-solid-DF79V2AO.js                                               0.52 kB
dist/assets/add-C_ABDQH3.js                                                                         0.52 kB
dist/assets/detail-CWujt_9a.js                                                                      0.52 kB
dist/assets/edit-BVcnLQfe.js                                                                        0.52 kB
dist/assets/add-BqkB_SJ2.js                                                                         0.52 kB
dist/assets/add-IqLC470s.js                                                                         0.52 kB
dist/assets/documentation-uH9BvL5U.js                                                               0.52 kB
dist/assets/detail-BCaHgXJm.js                                                                      0.52 kB
dist/assets/edit-Bp51kwTU.js                                                                        0.52 kB
dist/assets/edit-BrUVfEEK.js                                                                        0.52 kB
dist/assets/add-BrrjfYaa.js                                                                         0.52 kB
dist/assets/edit-DkwAC3VE.js                                                                        0.52 kB
dist/assets/lsicon--goods-search-filled-Capy66Ub.js                                                 0.52 kB
dist/assets/add-5OebybR9.js                                                                         0.52 kB
dist/assets/detail-C5E3aLoO.js                                                                      0.52 kB
dist/assets/edit-g4JnBHn1.js                                                                        0.52 kB
dist/assets/detail-D_GFxYg3.js                                                                      0.52 kB
dist/assets/lsicon--warehouse-into-filled-CLvAe-T_.js                                               0.52 kB
dist/assets/detail-NWvjslMd.js                                                                      0.52 kB
dist/assets/add-Bgs6lrJr.js                                                                         0.53 kB
dist/assets/edit-BLxYxRCq.js                                                                        0.53 kB
dist/assets/dashicons--admin-multisite-CORmb3oH.js                                                  0.53 kB
dist/assets/detail-DSb7Zwqp.js                                                                      0.53 kB
dist/assets/detail-Br2eowBZ.js                                                                      0.53 kB
dist/assets/lucide--warehouse-DF6-borT.js                                                           0.53 kB
dist/assets/ph--warehouse-Dv6R8dnM.js                                                               0.53 kB
dist/assets/menu-Czs6GF1w.js                                                                        0.54 kB
dist/assets/add-B5gdRx14.js                                                                         0.54 kB
dist/assets/detail-BA-B_g3F.js                                                                      0.54 kB
dist/assets/edit-CUqOTRhF.js                                                                        0.54 kB
dist/assets/add-Bk-uiuvI.js                                                                         0.54 kB
dist/assets/currency-DkG3xm0o.js                                                                    0.54 kB
dist/assets/edit-DJ57MzCT.js                                                                        0.54 kB
dist/assets/detail-DQX_1_UA.js                                                                      0.54 kB
dist/assets/la--product-hunt-Bxtc_nwB.js                                                            0.54 kB
dist/assets/dept-m8IlUNFg.js                                                                        0.54 kB
dist/assets/streamline--chat-bubble-square-write-BT6MZDRf.js                                        0.54 kB
dist/assets/index-xK1Aplwg.js                                                                       0.55 kB
dist/assets/receive-BnjoSdQ0.js                                                                     0.55 kB
dist/assets/fullscreen-0JHt5yWX.js                                                                  0.55 kB
dist/assets/tabler--home-dot-Drt9I2n1.js                                                            0.55 kB
dist/assets/warehouse-mReBYNkp.js                                                                   0.55 kB
dist/assets/catppuccin--cargo-3UuSSUDp.js                                                           0.55 kB
dist/assets/excel-D3hj5F35.js                                                                       0.56 kB
dist/assets/lsicon--order-edit-filled-ChhnTcYE.js                                                   0.56 kB
dist/assets/information-ByJz3EYo.js                                                                 0.56 kB
dist/assets/icon-park-outline--financing-two-Dkt5vHie.js                                            0.56 kB
dist/assets/add-aN37TXcD.js                                                                         0.57 kB
dist/assets/add-DksCaIaI.js                                                                         0.57 kB
dist/assets/type-CY76MZuw.js                                                                        0.57 kB
dist/assets/edit-DuyJMGlg.js                                                                        0.57 kB
dist/assets/edit-BIlbwI0X.js                                                                        0.57 kB
dist/assets/mdi--account-service-QXh2m9vH.js                                                        0.57 kB
dist/assets/user-DqMuW5cU.js                                                                        0.57 kB
dist/assets/detail-KDarPOOi.js                                                                      0.57 kB
dist/assets/detail-B3R9hP77.js                                                                      0.57 kB
dist/assets/vessel-tracking-BL_n0tdD.js                                                             0.57 kB
dist/assets/site-goods-DqLf8sXn.js                                                                  0.57 kB
dist/assets/lock-Bexeb9hp.js                                                                        0.57 kB
dist/assets/add-B6vTtFDc.js                                                                         0.58 kB
dist/assets/invoicing-Ck0uMxT7.js                                                                   0.58 kB
dist/assets/edit-D8ZqDv1n.js                                                                        0.58 kB
dist/assets/add-B7GRbujB.js                                                                         0.58 kB
dist/assets/detail-BHXGfnBz.js                                                                      0.58 kB
dist/assets/edit-C692f3iG.js                                                                        0.58 kB
dist/assets/detail-bZwphluf.js                                                                      0.59 kB
dist/assets/mdi--car-outline-BSHQNbe6.js                                                            0.59 kB
dist/assets/site-Cgu13bcj.js                                                                        0.59 kB
dist/assets/ph--warehouse-duotone-Cl6hg4Ez.js                                                       0.60 kB
dist/assets/help-me-AZ3csYud.js                                                                     0.62 kB
dist/assets/job-CghObNB_.js                                                                         0.62 kB
dist/assets/add-DTmI9hgF.js                                                                         0.62 kB
dist/assets/edit-exvKLn_v.js                                                                        0.63 kB
dist/assets/add-BFFI0TFb.js                                                                         0.63 kB
dist/assets/detail-pAcNoXDJ.js                                                                      0.63 kB
dist/assets/edit-Dg6Lqz6X.js                                                                        0.63 kB
dist/assets/service-provider-BL1tqXMh.js                                                            0.63 kB
dist/assets/detail-CDmV8JOd.js                                                                      0.63 kB
dist/assets/warehouse-Cnwh1MOd.js                                                                   0.63 kB
dist/assets/goods-category-eTLXXL4H.js                                                              0.63 kB
dist/assets/example-CnLLAFb9.js                                                                     0.63 kB
dist/assets/goods-attr-Bky7e3kW.js                                                                  0.64 kB
dist/assets/mdi--database-import-DRmxHoH1.js                                                        0.64 kB
dist/assets/add-Bjxe7oFT.js                                                                         0.65 kB
dist/assets/teenyicons--search-property-solid-CxW8EyN1.js                                           0.65 kB
dist/assets/edit-0q5Ae0fK.js                                                                        0.65 kB
dist/assets/detail-D3JJKq7j.js                                                                      0.65 kB
dist/assets/add-COqyWdwY.js                                                                         0.66 kB
dist/assets/edit-DXcgPcPb.js                                                                        0.66 kB
dist/assets/carrier-CAgDYKd7.js                                                                     0.66 kB
dist/assets/detail-DUxCFs0S.js                                                                      0.66 kB
dist/assets/direct-yard-DMa2fnic.js                                                                 0.66 kB
dist/assets/ic--round-drive-folder-upload-CVGpHNUj.js                                               0.66 kB
dist/assets/handleDetail-BjIoWBMQ.js                                                                0.66 kB
dist/assets/mdi--truck-fast-outline-ak0de-3a.js                                                     0.66 kB
dist/assets/ocean-freight-BX4G_HVL.js                                                               0.67 kB
dist/assets/enterprise-users-CGYoGaY-.js                                                            0.67 kB
dist/assets/pick-up-terminal-C1WJNQ9M.js                                                            0.67 kB
dist/assets/customs-clearance-DiCnz7BQ.js                                                           0.67 kB
dist/assets/add-BrSmuwvb.js                                                                         0.67 kB
dist/assets/edit-CfAi9VWM.js                                                                        0.68 kB
dist/assets/icon-park--currency-D6WM0_27.js                                                         0.68 kB
dist/assets/detail-DVZOG69b.js                                                                      0.68 kB
dist/assets/index-Cdu9hf8-.js                                                                       0.68 kB
dist/assets/mdi--account-service-outline (1)-DoX7KNLK.js                                            0.69 kB
dist/assets/add-YiRw_nis.js                                                                         0.69 kB
dist/assets/edit-Dv9Nj4CS.js                                                                        0.69 kB
dist/assets/mdi--car-BZHPakNe.js                                                                    0.69 kB
dist/assets/carbon--global-loan-and-trial-BkHLgHm-.js                                               0.70 kB
dist/assets/pledge-DbKf95X8.js                                                                      0.70 kB
dist/assets/detail-bU1jgIzp.js                                                                      0.70 kB
dist/assets/inspection-info-BdbAotPB.js                                                             0.70 kB
dist/assets/receipt-payment-MlBxbRgb.js                                                             0.70 kB
dist/assets/iconParkSolidCommodity-Cy6vldCS.js                                                      0.70 kB
dist/assets/table-5PRh60AQ.js                                                                       0.70 kB
dist/assets/add-DyWJnEDs.js                                                                         0.70 kB
dist/assets/edit-COVvBQe3.js                                                                        0.71 kB
dist/assets/circum--memo-pad-C1mppnHG.js                                                            0.71 kB
dist/assets/detail-DOt0ie5u.js                                                                      0.71 kB
dist/assets/add-E4urqFY6.js                                                                         0.71 kB
dist/assets/gen-3Soa9Ov-.js                                                                         0.71 kB
dist/assets/edit-C8HW5gqO.js                                                                        0.71 kB
dist/assets/detail-DCZaoraZ.js                                                                      0.71 kB
dist/assets/star-kST8a72V.js                                                                        0.71 kB
dist/assets/mdi--truck-fast-CgUWrIcS.js                                                             0.71 kB
dist/assets/mdi--boat-2uFT4NFf.js                                                                   0.71 kB
dist/assets/goods-base-B6KzEIGj.js                                                                  0.72 kB
dist/assets/material-symbols--credit-card-clock-rounded-CT9-0S_3.js                                 0.72 kB
dist/assets/refinery-DM_iNv9v.js                                                                    0.73 kB
dist/assets/slider-BGfehM6X.js                                                                      0.73 kB
dist/assets/settlement-info-Bcn12vkB.js                                                             0.73 kB
dist/assets/streamline--chat-bubble-square-write-solid-DkT7NAbm.js                                  0.73 kB
dist/assets/add-xTJZ2zD_.js                                                                         0.73 kB
dist/assets/edit-iAfhz_ZD.js                                                                        0.74 kB
dist/assets/streamline--warehouse-1-D0FqxtTu.js                                                     0.74 kB
dist/assets/detail-B35pXF5y.js                                                                      0.74 kB
dist/assets/icon-park-solid--workbench-Ca0DMOfp.js                                                  0.75 kB
dist/assets/education-47KsSYIl.js                                                                   0.76 kB
dist/assets/icon-park-solid--financing-two-ChRLDH9m.js                                              0.76 kB
dist/assets/streamline--payment-10-DTbmF3Oo.js                                                      0.76 kB
dist/assets/materialSymbolsAddBusinessRounded-BD-Pmmw7.js                                           0.77 kB
dist/assets/mdi--database-import-outline-_WENvlHK.js                                                0.77 kB
dist/assets/carbonCategoryNewEach-kZscHNNb.js                                                       0.78 kB
dist/assets/game-icons--cargo-crate-D_WmHLMU.js                                                     0.78 kB
dist/assets/iconoirCommodity-BiKykjl-.js                                                            0.79 kB
dist/assets/index-D9WGc2sN.js                                                                       0.79 kB
dist/assets/add-BG2mreks.js                                                                         0.79 kB
dist/assets/detail-CXANdZFv.js                                                                      0.79 kB
dist/assets/styles.scss_vue_type_style_index_0_src_true_lang-CChWqDTL.js                            0.80 kB
dist/assets/tab-nA3f0aBt.js                                                                         0.80 kB
dist/assets/fluent-mdl2--work-item-alert-Bh8aH5iR.js                                                0.80 kB
dist/assets/user-group-DDfIg6IH.js                                                                  0.80 kB
dist/assets/bank-BchE83N7.js                                                                        0.81 kB
dist/assets/news-XK4WmD0Y.js                                                                        0.81 kB
dist/assets/mdi--plane-car-B0sss3Rr.js                                                              0.83 kB
dist/assets/car-2qHE8Ym0.js                                                                         0.85 kB
dist/assets/message-UkR-VIBB.js                                                                     0.85 kB
dist/assets/catppuccin--cargo-lock-DlvDP12c.js                                                      0.86 kB
dist/assets/mdi--train-car-Bnh0MmoD.js                                                              0.86 kB
dist/assets/constants-qwNOYWM3.js                                                                   0.86 kB
dist/assets/edit-DIOB6AMb.js                                                                        0.88 kB
dist/assets/add--LFMTPWC.js                                                                         0.88 kB
dist/assets/detail-Bo_wpT-s.js                                                                      0.88 kB
dist/assets/code-DgJ8cT4a.js                                                                        0.88 kB
dist/assets/theme-CyGq941x.js                                                                       0.88 kB
dist/assets/teenyicons--search-property-outline-BTJNQCWI.js                                         0.90 kB
dist/assets/switch-CvaargRJ.js                                                                      0.90 kB
dist/assets/peoples-BRYsIqmI.js                                                                     0.91 kB
dist/assets/mdi--pier-crane-YykJX7v3.js                                                             0.93 kB
dist/assets/druid-BybW_S_B.js                                                                       0.93 kB
dist/assets/fluent--accessibility-checkmark-20-filled-r_hmDeI5.js                                   0.95 kB
dist/assets/input-BJoPMnBW.js                                                                       0.96 kB
dist/assets/assets-CcmrPwqy.js                                                                      0.97 kB
dist/assets/add-CkTXf6Yq.js                                                                         0.97 kB
dist/assets/edit-CX5mZHEf.js                                                                        0.97 kB
dist/assets/detail-CljtWzX1.js                                                                      0.97 kB
dist/assets/WorkbenchSummaryCards-M4SpDyjA.js                                                       0.99 kB
dist/assets/add-BproxCXY.js                                                                         1.00 kB
dist/assets/edit-CVsEuKYE.js                                                                        1.00 kB
dist/assets/file-DfsTfICJ.js                                                                        1.00 kB
dist/assets/detail-BwYwSRmM.js                                                                      1.00 kB
dist/assets/edit-D0DI9pAq.js                                                                        1.00 kB
dist/assets/nested-B4d5u3hW.js                                                                      1.01 kB
dist/assets/solar--chat-round-money-bold-duotone-DbhSkS-0.js                                        1.01 kB
dist/assets/faSolidHouseUser-yzHEew5y.js                                                            1.01 kB
dist/assets/approval-DeB5hPjc.js                                                                    1.02 kB
dist/assets/solar--chat-round-money-bold-BHCLs24n.js                                                1.02 kB
dist/assets/textarea-CJWXlgbJ.js                                                                    1.02 kB
dist/assets/server-unS7EyF7.js                                                                      1.02 kB
dist/assets/row-CRXKIHjm.js                                                                         1.05 kB
dist/assets/bill-num-1-5uqEEO4B.js                                                                  1.05 kB
dist/assets/time-BVERp0sU.js                                                                        1.05 kB
dist/assets/gzt-1-ORLc9eWF.js                                                                       1.08 kB
dist/assets/monitor-gwnnVq4l.js                                                                     1.09 kB
dist/assets/mingcute--card-pay-fill-BqrhRyJI.js                                                     1.10 kB
dist/assets/account-CmtkRlse.js                                                                     1.13 kB
dist/assets/reset-icon-BWnC5CUy.js                                                                  1.14 kB
dist/assets/tree-table-CnOS99I9.js                                                                  1.15 kB
dist/assets/eye-DqRz4sMZ.js                                                                         1.15 kB
dist/assets/more-icon-DHO_jp0a.js                                                                   1.15 kB
dist/assets/loanAfter-Djs90Sl1.js                                                                   1.17 kB
dist/assets/carbon--ibm-db2-warehouse-za7BQByB.js                                                   1.18 kB
dist/assets/clipboard-DaV3cn7f.js                                                                   1.19 kB
dist/assets/build-2jMyI6eP.js                                                                       1.20 kB
dist/assets/streamline--payment-10-solid-8WBIZ-7D.js                                                1.22 kB
dist/assets/list-C7O8B4zW.js                                                                        1.24 kB
dist/assets/role-B5lnjofW.js                                                                        1.25 kB
dist/assets/fluent--accessibility-checkmark-20-regular-DYNJGx8T.js                                  1.25 kB
dist/assets/xsthd-1-jT1kFh8B.js                                                                     1.26 kB
dist/assets/mingcute--card-pay-line-Beqy8H9h.js                                                     1.28 kB
dist/assets/index-Dwnm7ygw.js                                                                       1.28 kB
dist/assets/lsicon--setting-outline-ZM7GobNV.js                                                     1.28 kB
dist/assets/bill-num-CxSpUVLs.js                                                                    1.29 kB
dist/assets/icon-BtMv6Od8.js                                                                        1.29 kB
dist/assets/upload-icon-AI-change-Cy9H5y_w.js                                                       1.30 kB
dist/assets/401-BWGwGiCn.js                                                                         1.32 kB
dist/assets/search-icon-BMU8x2H7.js                                                                 1.34 kB
dist/assets/download-DeIzgQWH.js                                                                    1.36 kB
dist/assets/zdgl-1-BJPns8T7.js                                                                      1.37 kB
dist/assets/delivery-SBpx2IFx.js                                                                    1.38 kB
dist/assets/skill-B8f_I4m_.js                                                                       1.40 kB
dist/assets/user-CY2sLIL3.js                                                                        1.42 kB
dist/assets/international-CmzG1OHg.js                                                               1.43 kB
dist/assets/solar--hand-money-linear-Bi_4Wg4U.js                                                    1.43 kB
dist/assets/question-CvYWQbyW.js                                                                    1.46 kB
dist/assets/wechat-lmQOcPZu.js                                                                      1.46 kB
dist/assets/people-CdGMHN63.js                                                                      1.49 kB
dist/assets/f7CartFillBadgePlus-Co9P_YYU.js                                                         1.50 kB
dist/assets/solar--hand-money-bold-BA6helWD.js                                                      1.50 kB
dist/assets/financing-D1lb9BjR.js                                                                   1.51 kB
dist/assets/checkbox-Bpiun3bf.js                                                                    1.52 kB
dist/assets/clarity--contract-solid-DWPX72vN.js                                                     1.52 kB
dist/assets/post-DrLDyPY9.js                                                                        1.52 kB
dist/assets/language-CaW1LMEk.js                                                                    1.55 kB
dist/assets/eye-open-BxlshWqB.js                                                                    1.55 kB
dist/assets/zdspgl-1-7HC3i0DV.js                                                                    1.55 kB
dist/assets/clgl-1-F6XU37af.js                                                                      1.60 kB
dist/assets/mingcute--pig-money-fill-CInPw9s2.js                                                    1.60 kB
dist/assets/radio-B0t9wPBQ.js                                                                       1.61 kB
dist/assets/select-DhuHHMxz.js                                                                      1.62 kB
dist/assets/openmoji--memo-C33CCKWB.js                                                              1.64 kB
dist/assets/validCode-COB1iLxa.js                                                                   1.66 kB
dist/assets/zip-DIOSZc69.js                                                                         1.66 kB
dist/assets/zrgl-1-vQGkz8R4.js                                                                      1.70 kB
dist/assets/handleDetail.vue_vue_type_script_setup_true_lang-B4Qsmj4Q.js                            1.70 kB
dist/assets/404-Dy3nURRX.js                                                                         1.73 kB
dist/assets/upload-BueI-Il1.js                                                                      1.75 kB
dist/assets/ysgl-1-Bge8dZrj.js                                                                      1.75 kB
dist/assets/index-BPgXKBaK.js                                                                       1.78 kB
dist/assets/cksgl-1-B_YjtIuQ.js                                                                     1.79 kB
dist/assets/phone-BpAUIz0g.js                                                                       1.82 kB
dist/assets/customs-data-E4luLZ9M.js                                                                1.83 kB
dist/assets/nacos-CmARyran.js                                                                       1.84 kB
dist/assets/kpgl-11-CceVaQ2b.js                                                                     1.85 kB
dist/assets/ckgl-1-1-BNvUMcPi.js                                                                    1.87 kB
dist/assets/bug-10dePVta.js                                                                         1.88 kB
dist/assets/log-CF2F-nSs.js                                                                         1.89 kB
dist/assets/OrderAttachmentSection-Cx9V0QT-.js                                                      1.90 kB
dist/assets/userInfo.vue_vue_type_script_setup_true_lang-Ccw1AwjU.js                                1.90 kB
dist/assets/basicInfoForm.vue_vue_type_script_setup_true_lang-fE0vJ91d.js                           1.90 kB
dist/assets/sjgl-1-Dnoez1_t.js                                                                      1.94 kB
dist/assets/github-AJ0WQBa2.js                                                                      1.96 kB
dist/assets/pdf-CD9mOGjJ.js                                                                         2.01 kB
dist/assets/mingcute--pig-money-line-DGFGZVV4.js                                                    2.01 kB
dist/assets/rate-CgnHQvKS.js                                                                        2.03 kB
dist/assets/tdgl-1-Dc4IG8ey.js                                                                      2.03 kB
dist/assets/upload-icon-AI-B4yFa0IJ.js                                                              2.06 kB
dist/assets/resetPwd.vue_vue_type_script_setup_true_lang-Cj3fgnVV.js                                2.09 kB
dist/assets/index.vue_vue_type_script_setup_true_lang-BC7jP1We.js                                   2.09 kB
dist/assets/gncg-11-CgI6C8yO.js                                                                     2.09 kB
dist/assets/gnxs-11-Cs7h7lZU.js                                                                     2.09 kB
dist/assets/yfgl-1-CDYHC-81.js                                                                      2.10 kB
dist/assets/fwsgl-1-DX42U5uO.js                                                                     2.10 kB
dist/assets/index-CGcLOKPr.js                                                                       2.11 kB
dist/assets/job-BcmuINx7.js                                                                         2.11 kB
dist/assets/xsskd-1-D-CJYJiP.js                                                                     2.13 kB
dist/assets/exit-fullscreen-dXhGKlQm.js                                                             2.13 kB
dist/assets/swagger-BHGXZ2Jt.js                                                                     2.13 kB
dist/assets/logininfor-Bm9ZYYR7.js                                                                  2.16 kB
dist/assets/tree-BCtS3oPD.js                                                                        2.16 kB
dist/assets/password-DfGvqQpB.js                                                                    2.19 kB
dist/assets/index-BtP1SUNi.js                                                                       2.25 kB
dist/assets/index-8JVABa-V.js                                                                       2.25 kB
dist/assets/index-CQOs7bkP.js                                                                       2.29 kB
dist/assets/xtgl-1-Dur-sIc9.js                                                                      2.32 kB
dist/assets/tzgl-BmjHx5wT.js                                                                        2.36 kB
dist/assets/stash--billing-info-solid-CBVRiidI.js                                                   2.38 kB
dist/assets/ccys-1-DamaWgMI.js                                                                      2.39 kB
dist/assets/spkgl-1-_b-aMMPp.js                                                                     2.41 kB
dist/assets/index-CFH8iQ-r.js                                                                       2.42 kB
dist/assets/index.vue_vue_type_script_setup_true_lang-BrUG6bi_.js                                   2.43 kB
dist/assets/date-range-B8MgYLb1.js                                                                  2.44 kB
dist/assets/detail-CuMLBAa9.js                                                                      2.46 kB
dist/assets/zxgl-1-pwUK1yRT.js                                                                      2.48 kB
dist/assets/cysgl-1-Cq0TiCOL.js                                                                     2.50 kB
dist/assets/purOrderList-DbHzvL2d.js                                                                2.50 kB
dist/assets/index-C-1tDeMo.js                                                                       2.58 kB
dist/assets/index-B8WVMZTM.js                                                                       2.59 kB
dist/assets/cascader-CXIOcY1C.js                                                                    2.59 kB
dist/assets/dhgl-1-BoDKu5rs.js                                                                      2.60 kB
dist/assets/index-Pw5akSnW.js                                                                       2.61 kB
dist/assets/importList-BGbJEnwI.js                                                                  2.65 kB
dist/assets/detail-CAYRlWt8.js                                                                      2.65 kB
dist/assets/detail-M2fx7b7p.js                                                                      2.69 kB
dist/assets/index-D33CzCYJ.js                                                                       2.74 kB
dist/assets/importTable.vue_vue_type_script_setup_true_lang-DI9brEbM.js                             2.75 kB
dist/assets/shopping-CU1IRvxM.js                                                                    2.75 kB
dist/assets/dashboard-Dy7qt_a2.js                                                                   2.80 kB
dist/assets/index-P2zR8miV.js                                                                       2.81 kB
dist/assets/dlddgl-1-BtJRCiZH.js                                                                    2.82 kB
dist/assets/bankInfoList-X4JbJbRH.js                                                                2.83 kB
dist/assets/bankInfoList-CMZBQ_j1.js                                                                2.83 kB
dist/assets/button-BlSCM_GH.js                                                                      2.86 kB
dist/assets/purOrderList-BvFEF2bB.js                                                                2.86 kB
dist/assets/index-Dogqg8c7.js                                                                       2.88 kB
dist/assets/index-D1s091oP.js                                                                       2.90 kB
dist/assets/mtthgl-1-COK6Skbu.js                                                                    2.91 kB
dist/assets/rkgl-1-gwe8DI7E.js                                                                      2.91 kB
dist/assets/client-BuZkq35_.js                                                                      2.92 kB
dist/assets/orderList-CxtTbPEw.js                                                                   2.93 kB
dist/assets/bankInfoList-4zZJTa0j.js                                                                2.94 kB
dist/assets/index-BjGJ4RMG.js                                                                       2.94 kB
dist/assets/index-DHDAM-K3.js                                                                       2.96 kB
dist/assets/component-Djp9s69L.js                                                                   2.96 kB
dist/assets/form-BDTA_i-I.js                                                                        3.01 kB
dist/assets/kcgl-1-6dfZ7_o2.js                                                                      3.02 kB
dist/assets/index-37BDuUR6.js                                                                       3.02 kB
dist/assets/tool-D8kXk1l-.js                                                                        3.04 kB
dist/assets/index-Cu7kisbv.js                                                                       3.04 kB
dist/assets/index-CA398WK0.js                                                                       3.07 kB
dist/assets/index-C9QOWr5D.js                                                                       3.08 kB
dist/assets/orderMappers-wdvNYf5E.js                                                                3.09 kB
dist/assets/BankInfoForm.vue_vue_type_script_setup_true_lang-zjJ4YXgj.js                            3.11 kB
dist/assets/sentinel-sIU9HpHS.js                                                                    3.13 kB
dist/assets/index-C2iCJBiC.js                                                                       3.17 kB
dist/assets/jkgldd-1-RbKVwNtO.js                                                                    3.18 kB
dist/assets/redis-D4ECyT6a.js                                                                       3.22 kB
dist/assets/detail-CXCAJPzb.js                                                                      3.26 kB
dist/assets/handleDetail-Br_2p3G2.js                                                                3.27 kB
dist/assets/qualitySettlement-CR6lHvez.js                                                           3.28 kB
dist/assets/selectUser.vue_vue_type_script_setup_true_name_SelectUser_lang-BVWPeObb.js              3.30 kB
dist/assets/index-DnrPuSyN.js                                                                       3.31 kB
dist/assets/index-B1IQHVJz.js                                                                       3.32 kB
dist/assets/index-1AnvaBse.js                                                                       3.33 kB
dist/assets/time-range-D3dxgtLj.js                                                                  3.35 kB
dist/assets/jrxmgl-1-CT6EbHw5.js                                                                    3.37 kB
dist/assets/userAvatar-Dp4yyVwT.js                                                                  3.39 kB
dist/assets/index-DTOpzLkK.js                                                                       3.39 kB
dist/assets/handleDetail-A_kGZmRY.js                                                                3.39 kB
dist/assets/dict-Bi_GqSXR.js                                                                        3.43 kB
dist/assets/system-DcNSH_Fq.js                                                                      3.44 kB
dist/assets/ckgl-1-CW-IaARP.js                                                                      3.48 kB
dist/assets/jfzlgl-1-7o1MwYcV.js                                                                    3.50 kB
dist/assets/storageStage2-Dx9ePiOs.js                                                               3.51 kB
dist/assets/storageStage2-D8Yzd1Lv.js                                                               3.52 kB
dist/assets/index-Wt_-s4a6.js                                                                       3.52 kB
dist/assets/index-sBWkRbOu.js                                                                       3.53 kB
dist/assets/handleDetail.vue_vue_type_script_setup_true_lang-EfhTeEAa.js                            3.53 kB
dist/assets/index-CtdvDBTF.js                                                                       3.54 kB
dist/assets/bankInfoList-CaODMznk.js                                                                3.58 kB
dist/assets/index-GlCrNLh4.js                                                                       3.59 kB
dist/assets/index-CXV2x3nd.js                                                                       3.59 kB
dist/assets/OrderAttachmentSection-DClomHQd.js                                                      3.65 kB
dist/assets/warehouse-DFq2DNgJ.js                                                                   3.65 kB
dist/assets/index-9l7Uh-4s.js                                                                       3.66 kB
dist/assets/number-D4hB_nHC.js                                                                      3.67 kB
dist/assets/index-C23xc7cW.js                                                                       3.68 kB
dist/assets/order-B703mn0K.js                                                                       3.70 kB
dist/assets/date-B1FSITvi.js                                                                        3.72 kB
dist/assets/cgyf-1-k2t2Cfx8.js                                                                      3.72 kB
dist/assets/authRole-BsJQk---.js                                                                    3.73 kB
dist/assets/index-49QhX3ST.js                                                                       3.74 kB
dist/assets/index-DtCQ4uO-.js                                                                       3.74 kB
dist/assets/storageStage1-B0Qq58gz.js                                                               3.76 kB
dist/assets/storageStage1-RyG7fAGB.js                                                               3.78 kB
dist/assets/handleDetail.vue_vue_type_script_setup_true_lang-CTtBi_8Y.js                            3.82 kB
dist/assets/cgys-1-CSmWvDk2.js                                                                      3.82 kB
dist/assets/storageStage3-CsIQi-eW.js                                                               3.85 kB
dist/assets/storageStage3-Cz290KSQ.js                                                               3.85 kB
dist/assets/rzgl-1-BngtRvGi.js                                                                      3.86 kB
dist/assets/index-DJS7XC0W.js                                                                       3.89 kB
dist/assets/detail-GVV5_5nZ.js                                                                      3.91 kB
dist/assets/register-CjxidAjo.js                                                                    3.91 kB
dist/assets/index-BOx1z8I2.js                                                                       3.95 kB
dist/assets/qq-D8j4O83Y.js                                                                          3.98 kB
dist/assets/index-MWIbZ1LF.js                                                                       4.04 kB
dist/assets/index-CPOhSUyf.js                                                                       4.08 kB
dist/assets/handleDetail-D2zZnxr7.js                                                                4.08 kB
dist/assets/index-ZpBfoCa4.js                                                                       4.08 kB
dist/assets/index-Cg_XVwA1.js                                                                       4.11 kB
dist/assets/index-BJIMc2Yy.js                                                                       4.12 kB
dist/assets/index-z_rcXMPE.js                                                                       4.16 kB
dist/assets/index-BNJh2eVt.js                                                                       4.16 kB
dist/assets/DeliveryOrderForm.vue_vue_type_script_setup_true_lang-xygOxLoG.js                       4.18 kB
dist/assets/index-BWZMo_Yv.js                                                                       4.21 kB
dist/assets/online-C2ZP8pdY.js                                                                      4.25 kB
dist/assets/index-hfbkPv6h.js                                                                       4.27 kB
dist/assets/index-Dbq_C1Qe.js                                                                       4.37 kB
dist/assets/index-BZZcCpqo.js                                                                       4.44 kB
dist/assets/authUser-DRWg9HWB.js                                                                    4.46 kB
dist/assets/index-8KVRiVOi.js                                                                       4.48 kB
dist/assets/index-s2ASPiDJ.js                                                                       4.48 kB
dist/assets/index-DbjhrRbF.js                                                                       4.49 kB
dist/assets/index-ChPSV0hO.js                                                                       4.53 kB
dist/assets/zcgl-11-Dn_LXA8r.js                                                                     4.55 kB
dist/assets/index-DDf4haxA.js                                                                       4.56 kB
dist/assets/index-CjebfCsq.js                                                                       4.56 kB
dist/assets/handleDetail-C3OlLr8_.js                                                                4.56 kB
dist/assets/pick-up-terminal-B1n4cmBJ.js                                                            4.57 kB
dist/assets/color-y1Sshoou.js                                                                       4.58 kB
dist/assets/editAttachmentDialog-eWDLjtaI.js                                                        4.58 kB
dist/assets/index-BGdN-nbE.js                                                                       4.63 kB
dist/assets/handleDetail-DpidqpSy.js                                                                4.65 kB
dist/assets/SettlementInfo-CyYHkQd5.js                                                              4.66 kB
dist/assets/customs-clearance-CwdVx5QV.js                                                           4.69 kB
dist/assets/index-Nn8jcDG6.js                                                                       4.70 kB
dist/assets/handleDetail-ak8xnINT.js                                                                4.74 kB
dist/assets/pier-detail-BYWQtsXN.js                                                                 4.74 kB
dist/assets/index-7eHmV_lV.js                                                                       4.77 kB
dist/assets/uploadInfo-7KDI6UI2.js                                                                  4.81 kB
dist/assets/index-C-QPWY4E.js                                                                       4.84 kB
dist/assets/index-C6W5LDwG.js                                                                       4.84 kB
dist/assets/login-DyvH6jqn.js                                                                       4.88 kB
dist/assets/news-set-CqbNwLFs.js                                                                    4.88 kB
dist/assets/index-YmiftXFo.js                                                                       5.00 kB
dist/assets/settlement-info-BfUnprSw.js                                                             5.04 kB
dist/assets/receipt-payment-gtrSyM9T.js                                                             5.04 kB
dist/assets/index-BkdCiQcT.js                                                                       5.05 kB
dist/assets/index-Bh-T7hoZ.js                                                                       5.09 kB
dist/assets/index-DwKpJ6sP.js                                                                       5.09 kB
dist/assets/TrackNode-DX_7-vKs.js                                                                   5.17 kB
dist/assets/index-Pbwx3_Ft.js                                                                       5.20 kB
dist/assets/BillingSubjectForm-C-SzCYqd.js                                                          5.22 kB
dist/assets/DomesticOrderList.vue_vue_type_script_setup_true_lang-DD3RiTSB.js                       5.28 kB
dist/assets/index-BGl1MW9i.js                                                                       5.29 kB
dist/assets/handleDetail-D6g0XK4C.js                                                                5.30 kB
dist/assets/index-DUxcsH0P.js                                                                       5.32 kB
dist/assets/index-B96taXsY.js                                                                       5.37 kB
dist/assets/warehouse-6i4UhZtX.js                                                                   5.37 kB
dist/assets/handleDetail-CXRTAMWH.js                                                                5.42 kB
dist/assets/handleDetail-CmWPB58W.js                                                                5.44 kB
dist/assets/index-bpwKxGeP.js                                                                       5.46 kB
dist/assets/SpecialNode-BTNWQDZg.js                                                                 5.53 kB
dist/assets/index-BsuGDYu7.js                                                                       5.53 kB
dist/assets/index-BIgW0AgW.js                                                                       5.55 kB
dist/assets/index-6AXPpA0G.js                                                                       5.64 kB
dist/assets/handleDetail-Dv6t1wDx.js                                                                5.72 kB
dist/assets/ocean-freight-CMqMwVfA.js                                                               5.72 kB
dist/assets/DomesticOrderList.vue_vue_type_script_setup_true_lang-DorMnEGi.js                       5.73 kB
dist/assets/WorkbenchWarningList-AF-X6uKF.js                                                        5.73 kB
dist/assets/index-B3p1ex2x.js                                                                       5.80 kB
dist/assets/handleDetail-5CPzzp7F.js                                                                5.83 kB
dist/assets/index-CZkJ2SZ1.js                                                                       5.87 kB
dist/assets/direct-yard-DlliPvGB.js                                                                 5.91 kB
dist/assets/index-CsjSjs09.js                                                                       5.95 kB
dist/assets/handleDetail-BPLeiEi_.js                                                                6.04 kB
dist/assets/handleDetail-s70QORyp.js                                                                6.06 kB
dist/assets/index-BhUSpovW.js                                                                       6.06 kB
dist/assets/handleDetail-CgMrUOlN.js                                                                6.07 kB
dist/assets/index-Cn6xih-_.js                                                                       6.10 kB
dist/assets/index-DBBdnSvA.js                                                                       6.19 kB
dist/assets/index-BCEvrkkf.js                                                                       6.20 kB
dist/assets/index-FQLtZbdv.js                                                                       6.23 kB
dist/assets/editTable-p0LckvXJ.js                                                                   6.26 kB
dist/assets/index-DUNOq0Pz.js                                                                       6.27 kB
dist/assets/index-DN9pYRzM.js                                                                       6.28 kB
dist/assets/handleDetail-Clfy8-j6.js                                                                6.31 kB
dist/assets/index-B9MCWP_V.js                                                                       6.31 kB
dist/assets/overViewDrawer-CYBcJb7c.js                                                              6.33 kB
dist/assets/inspection-info-DaxuLTLK.js                                                             6.44 kB
dist/assets/index-DGsbfr9q.js                                                                       6.48 kB
dist/assets/index-DFDSIXJg.js                                                                       6.58 kB
dist/assets/handleDetail-C5lTVV2S.js                                                                6.66 kB
dist/assets/index-jQnlgahw.js                                                                       6.67 kB
dist/assets/index-DP9Nm3nP.js                                                                       6.70 kB
dist/assets/product-DgtVOcPk.js                                                                     6.70 kB
dist/assets/handleDetail.vue_vue_type_script_setup_true_lang-aaA4WIpg.js                            6.74 kB
dist/assets/handleDetail-CFsFJoP2.js                                                                6.77 kB
dist/assets/handleDetail-R6q9yjLV.js                                                                6.80 kB
dist/assets/yard-detail-C1nmi1tr.js                                                                 7.00 kB
dist/assets/index.vue_vue_type_style_index_0_lang-COYatc0B.js                                       7.21 kB
dist/assets/index-zwLtmmOG.js                                                                       7.28 kB
dist/assets/SalesGoodsSection-BvOzZzDb.js                                                           7.36 kB
dist/assets/log-DYNkixIt.js                                                                         7.36 kB
dist/assets/handleDetail-CbbzG6PR.js                                                                7.50 kB
dist/assets/handleDetail-CmZqNPhg.js                                                                7.59 kB
dist/assets/handleDetail.vue_vue_type_script_setup_true_lang-D3Xp_i4I.js                            7.61 kB
dist/assets/PurchaseGoodsSection-DHcYo2Iu.js                                                        7.64 kB
dist/assets/handleDetail-B7x94eMs.js                                                                7.72 kB
dist/assets/index-DT3vCMti.js                                                                       7.84 kB
dist/assets/handleDetail.vue_vue_type_script_setup_true_lang-tT17CApp.js                            7.85 kB
dist/assets/WorkbenchContractNodes-DYasmHbj.js                                                      8.08 kB
dist/assets/index-AaE443ZV.js                                                                       8.13 kB
dist/assets/WorkbenchGuide-QyaAs0Oi.js                                                              8.21 kB
dist/assets/genInfoForm.vue_vue_type_script_setup_true_lang-bQLHLgbd.js                             8.25 kB
dist/assets/handleDetail-B8wYHQ-w.js                                                                8.26 kB
dist/assets/handleDetail.vue_vue_type_script_setup_true_lang-CisaiTXo.js                            8.26 kB
dist/assets/handleDetail-BDoThx1c.js                                                                8.41 kB
dist/assets/handleDetail-giFzMyaY.js                                                                8.71 kB
dist/assets/index-C7_U8OOr.js                                                                       8.78 kB
dist/assets/pricingBasis-CDprHWFN.js                                                                8.84 kB
dist/assets/handleDetail-CPDsFUAz.js                                                                8.97 kB
dist/assets/handleDetail-CQ7KVJHE.js                                                                9.06 kB
dist/assets/handleDetail-BQICHxKl.js                                                                9.15 kB
dist/assets/index-BKmVrPiw.js                                                                       9.24 kB
dist/assets/data-yMR7xP_0.js                                                                        9.28 kB
dist/assets/handleDetail-WMdy0XF2.js                                                                9.55 kB
dist/assets/handleDetail-7YWztxxO.js                                                                9.80 kB
dist/assets/handleDetail-D8p15Doa.js                                                               10.10 kB
dist/assets/index-QQm9EtJu.js                                                                      10.20 kB
dist/assets/pier-replenish-DvJfuDJk.js                                                             10.47 kB
dist/assets/handleDetail-Bxt47oHy.js                                                               10.57 kB
dist/assets/handleDetail-CPojBPNx.js                                                               11.17 kB
dist/assets/WorkbenchArrivalChart-Cw7lW4Vi.js                                                      11.30 kB
dist/assets/handleDetail-lsR21vwq.js                                                               11.39 kB
dist/assets/handleDetail-CVYf8z9V.js                                                               11.51 kB
dist/assets/CustomsInfo-B3j3Klib.js                                                                11.92 kB
dist/assets/index-CaN0fgos.js                                                                      12.01 kB
dist/assets/handleDetail-WeE8t6Zb.js                                                               12.42 kB
dist/assets/handleDetail.vue_vue_type_script_setup_true_lang--53zuw6e.js                           12.75 kB
dist/assets/pier-add-14f7XvDo.js                                                                   12.97 kB
dist/assets/handleDetail-BF7DbyZH.js                                                               13.29 kB
dist/assets/index-Gjuo3Ryr.js                                                                      13.40 kB
dist/assets/handleDetail-BRI8nbNN.js                                                               13.45 kB
dist/assets/import-data-dialog-ORdGfn8F.js                                                         13.59 kB
dist/assets/BillBasicInfo-BG3Poa6c.js                                                              13.67 kB
dist/assets/handleDetail-CXqhiV9j.js                                                               13.99 kB
dist/assets/index-D-lgmFb0.js                                                                      14.26 kB
dist/assets/yard-replenish-DPBpshhI.js                                                             14.74 kB
dist/assets/index-D6ST92Pv.js                                                                      14.83 kB
dist/assets/handleDetail.vue_vue_type_script_setup_true_lang-BN-XBfbS.js                           14.84 kB
dist/assets/SeaInfo-ChDZazOV.js                                                                    15.36 kB
dist/assets/yard-add-Bg3zwEAM.js                                                                   16.53 kB
dist/assets/handleDetail-P3gC4IeD.js                                                               17.00 kB
dist/assets/handleDetail-DUIH8FGh.js                                                               17.00 kB
dist/assets/handleDetail-DROSgYnw.js                                                               17.60 kB
dist/assets/InspectionInfo-BxhN57se.js                                                             19.57 kB
dist/assets/CargoInfo-DvHgjZvw.js                                                                  19.59 kB
dist/assets/SimpleTrack-CznCkM72.js                                                                20.50 kB
dist/assets/vendor-qrcode-DRt0fkDr.js                                                              22.98 kB
dist/assets/handleDetail-v6otmfL2.js                                                               25.51 kB
dist/assets/vendor-cropper-DZdUkNjq.js                                                             30.44 kB
dist/assets/historyRateDialog-hgPukdlA.js                                                          33.70 kB
dist/assets/ShipDetailModal-DUGTK27j.js                                                            33.82 kB
dist/assets/ContainerDynamicDialog-CVOxr57s.js                                                     35.39 kB
dist/assets/handleDetail-D4PDrX4H.js                                                               35.86 kB
dist/assets/vendor-sortable-DzmX_rHT.js                                                            37.04 kB
dist/assets/index.vue_vue_type_script_setup_true_lang-ClhGcP8I.js                                  43.09 kB
dist/assets/handleDetail-CBCVlhc7.js                                                               45.57 kB
dist/assets/index-tAPv7ujm.js                                                                      46.69 kB
dist/assets/steps03-iTwJlKtO.js                                                                    49.66 kB
dist/assets/index-CpN1d9Nv.js                                                                      51.36 kB
dist/assets/overViewDrawer-CO2s6tEE.js                                                             61.96 kB
dist/assets/handleDetail-DXrmLAme.js                                                               64.46 kB
dist/assets/vendor-vue-CUR0wl5P.js                                                                 97.49 kB
dist/assets/vendor-utils-C5PQWXVC.js                                                              128.30 kB
dist/assets/404-otVHknA3.js                                                                       177.06 kB
dist/assets/vendor-flow-C20nJaIZ.js                                                               196.44 kB
dist/assets/vendor-BdED6Mvt.js                                                                    246.59 kB
dist/assets/vendor-lottie-fG8rzEuh.js                                                             314.30 kB
dist/assets/index-ljdmCWHu.js                                                                     450.51 kB
dist/assets/vendor-editor-DUYUbp4U.js                                                             807.37 kB
dist/assets/vendor-l7-2CDz6251.js                                                                 821.96 kB
dist/assets/vendor-element-DQmp6d6K.js                                                            970.29 kB
dist/assets/vendor-echarts-BDA31Hqk.js                                                          1,026.87 kB
✓ built in 2m 25s

✨ [vite-plugin-compression]:algorithm=gzip - compressed file successfully: 
dist//pgdata/pg/dh/minerals-frontend/assets/CargoInfo-DvHgjZvw.js.gz                                          19.98kb / gzip: 5.64kb
dist//pgdata/pg/dh/minerals-frontend/assets/CustomsInfo-B3j3Klib.js.gz                                        12.36kb / gzip: 4.26kb
dist//pgdata/pg/dh/minerals-frontend/assets/SimpleTrack-CznCkM72.js.gz                                        20.06kb / gzip: 10.54kb
dist//pgdata/pg/dh/minerals-frontend/assets/SeaInfo-ChDZazOV.js.gz                                            15.77kb / gzip: 5.26kb
dist//pgdata/pg/dh/minerals-frontend/assets/handleDetail-BRI8nbNN.js.gz                                       13.84kb / gzip: 4.41kb
dist//pgdata/pg/dh/minerals-frontend/assets/handleDetail-Bxt47oHy.js.gz                                       10.74kb / gzip: 4.29kb
dist//pgdata/pg/dh/minerals-frontend/assets/InspectionInfo-BxhN57se.js.gz                                     19.93kb / gzip: 5.65kb
dist//pgdata/pg/dh/minerals-frontend/assets/handleDetail-CVYf8z9V.js.gz                                       11.93kb / gzip: 3.43kb
dist//pgdata/pg/dh/minerals-frontend/assets/handleDetail-CPojBPNx.js.gz                                       11.32kb / gzip: 3.80kb
dist//pgdata/pg/dh/minerals-frontend/assets/handleDetail-CXqhiV9j.js.gz                                       14.22kb / gzip: 4.95kb
dist//pgdata/pg/dh/minerals-frontend/assets/handleDetail-D8p15Doa.js.gz                                       10.32kb / gzip: 3.71kb
dist//pgdata/pg/dh/minerals-frontend/assets/404-otVHknA3.js.gz                                                173.29kb / gzip: 11.34kb
dist//pgdata/pg/dh/minerals-frontend/assets/handleDetail-D4PDrX4H.js.gz                                       35.69kb / gzip: 7.84kb
dist//pgdata/pg/dh/minerals-frontend/assets/handleDetail-P3gC4IeD.js.gz                                       17.40kb / gzip: 4.94kb
dist//pgdata/pg/dh/minerals-frontend/assets/handleDetail-CBCVlhc7.js.gz                                       46.45kb / gzip: 13.38kb
dist//pgdata/pg/dh/minerals-frontend/assets/handleDetail-WeE8t6Zb.js.gz                                       12.95kb / gzip: 4.37kb
dist//pgdata/pg/dh/minerals-frontend/assets/handleDetail-lsR21vwq.js.gz                                       11.64kb / gzip: 3.84kb
dist//pgdata/pg/dh/minerals-frontend/assets/handleDetail.vue_vue_type_script_setup_true_lang-BN-XBfbS.js.gz   15.12kb / gzip: 4.10kb
dist//pgdata/pg/dh/minerals-frontend/assets/handleDetail-v6otmfL2.js.gz                                       26.17kb / gzip: 7.76kb
dist//pgdata/pg/dh/minerals-frontend/assets/WorkbenchArrivalChart-Cw7lW4Vi.js.gz                              11.29kb / gzip: 6.34kb
dist//pgdata/pg/dh/minerals-frontend/assets/handleDetail-DUIH8FGh.js.gz                                       17.59kb / gzip: 5.46kb
dist//pgdata/pg/dh/minerals-frontend/assets/handleDetail-DROSgYnw.js.gz                                       18.01kb / gzip: 5.13kb
dist//pgdata/pg/dh/minerals-frontend/assets/index-BsX-IhUX.css.gz                                             19.17kb / gzip: 4.02kb
dist//pgdata/pg/dh/minerals-frontend/assets/index-CaN0fgos.js.gz                                              12.25kb / gzip: 5.96kb
dist//pgdata/pg/dh/minerals-frontend/assets/handleDetail.vue_vue_type_script_setup_true_lang--53zuw6e.js.gz   13.02kb / gzip: 3.60kb
dist//pgdata/pg/dh/minerals-frontend/assets/import-data-dialog-ORdGfn8F.js.gz                                 13.87kb / gzip: 6.55kb
dist//pgdata/pg/dh/minerals-frontend/assets/handleDetail-BF7DbyZH.js.gz                                       13.75kb / gzip: 3.97kb
dist//pgdata/pg/dh/minerals-frontend/assets/index-D-lgmFb0.js.gz                                              14.40kb / gzip: 4.89kb
dist//pgdata/pg/dh/minerals-frontend/assets/index-QQm9EtJu.js.gz                                              10.20kb / gzip: 6.35kb
dist//pgdata/pg/dh/minerals-frontend/assets/index-D6ST92Pv.js.gz                                              15.28kb / gzip: 5.26kb
dist//pgdata/pg/dh/minerals-frontend/assets/overViewDrawer-BQko83fk.css.gz                                    17.01kb / gzip: 3.11kb
dist//pgdata/pg/dh/minerals-frontend/assets/index-Gjuo3Ryr.js.gz                                              13.89kb / gzip: 5.24kb
dist//pgdata/pg/dh/minerals-frontend/assets/index-D-BkZjmS.css.gz                                             53.84kb / gzip: 10.46kb
dist//pgdata/pg/dh/minerals-frontend/assets/index.vue_vue_type_script_setup_true_lang-ClhGcP8I.js.gz          44.06kb / gzip: 9.81kb
dist//pgdata/pg/dh/minerals-frontend/assets/index-tAPv7ujm.js.gz                                              47.02kb / gzip: 10.48kb
dist//pgdata/pg/dh/minerals-frontend/assets/pier-add-14f7XvDo.js.gz                                           13.47kb / gzip: 4.56kb
dist//pgdata/pg/dh/minerals-frontend/assets/vendor-editor-CpCzGeOH.css.gz                                     14.46kb / gzip: 2.76kb
dist//pgdata/pg/dh/minerals-frontend/assets/vendor-cropper-DZdUkNjq.js.gz                                     29.74kb / gzip: 7.98kb
dist//pgdata/pg/dh/minerals-frontend/assets/pier-replenish-DvJfuDJk.js.gz                                     10.98kb / gzip: 4.05kb
dist//pgdata/pg/dh/minerals-frontend/assets/steps03-iTwJlKtO.js.gz                                            48.49kb / gzip: 9.15kb
dist//pgdata/pg/dh/minerals-frontend/assets/vendor-sortable-DzmX_rHT.js.gz                                    36.18kb / gzip: 12.56kb
dist//pgdata/pg/dh/minerals-frontend/assets/vendor-qrcode-DRt0fkDr.js.gz                                      22.44kb / gzip: 8.79kb
dist//pgdata/pg/dh/minerals-frontend/assets/yard-add-Bg3zwEAM.js.gz                                           17.13kb / gzip: 5.37kb
dist//pgdata/pg/dh/minerals-frontend/assets/yard-replenish-DPBpshhI.js.gz                                     15.47kb / gzip: 5.13kb
dist//pgdata/pg/dh/minerals-frontend/assets/BillBasicInfo-BG3Poa6c.js.gz                                      13.88kb / gzip: 4.08kb
dist//pgdata/pg/dh/minerals-frontend/assets/ShipDetailModal-DUGTK27j.js.gz                                    33.28kb / gzip: 19.89kb
dist//pgdata/pg/dh/minerals-frontend/assets/ContainerDynamicDialog-CVOxr57s.js.gz                             34.95kb / gzip: 22.61kb
dist//pgdata/pg/dh/minerals-frontend/assets/historyRateDialog-hgPukdlA.js.gz                                  32.97kb / gzip: 22.93kb
dist//pgdata/pg/dh/minerals-frontend/assets/handleDetail-DXrmLAme.js.gz                                       66.13kb / gzip: 17.88kb
dist//pgdata/pg/dh/minerals-frontend/assets/index-CpN1d9Nv.js.gz                                              50.69kb / gzip: 23.55kb
dist//pgdata/pg/dh/minerals-frontend/assets/overViewDrawer-CO2s6tEE.js.gz                                     61.29kb / gzip: 30.23kb
dist//pgdata/pg/dh/minerals-frontend/assets/vendor-vue-CUR0wl5P.js.gz                                         95.21kb / gzip: 37.79kb
dist//pgdata/pg/dh/minerals-frontend/assets/vendor-utils-C5PQWXVC.js.gz                                       125.48kb / gzip: 46.10kb
dist//pgdata/pg/dh/minerals-frontend/assets/vendor-element-5_QS-GLn.css.gz                                    352.63kb / gzip: 46.56kb
dist//pgdata/pg/dh/minerals-frontend/assets/vendor-flow-C20nJaIZ.js.gz                                        191.83kb / gzip: 63.26kb
dist//pgdata/pg/dh/minerals-frontend/assets/vendor-BdED6Mvt.js.gz                                             240.82kb / gzip: 81.93kb
dist//pgdata/pg/dh/minerals-frontend/assets/vendor-lottie-fG8rzEuh.js.gz                                      306.94kb / gzip: 78.91kb
dist//pgdata/pg/dh/minerals-frontend/assets/index-ljdmCWHu.js.gz                                              444.62kb / gzip: 151.59kb
dist//pgdata/pg/dh/minerals-frontend/data/world.json.gz                                                       395.63kb / gzip: 147.73kb
dist//pgdata/pg/dh/minerals-frontend/assets/vendor-l7-2CDz6251.js.gz                                          808.12kb / gzip: 203.80kb
dist//pgdata/pg/dh/minerals-frontend/assets/vendor-element-DQmp6d6K.js.gz                                     948.58kb / gzip: 293.44kb
dist//pgdata/pg/dh/minerals-frontend/assets/vendor-editor-DUYUbp4U.js.gz                                      789.84kb / gzip: 274.61kb
dist//pgdata/pg/dh/minerals-frontend/assets/vendor-echarts-BDA31Hqk.js.gz                                     1003.45kb / gzip: 331.56kb


